word	level	pos	uz	example	uzExample	synonym	phonetic
accept	A1	v.	qabul qilmoq, rozi bo'lmoq	Accept constructive feedback with humility.	Foydali tanqidni xokisorlik bilan qabul qiling.		
achieve	A2	v.	erishmoq, yetishmoq	Daily discipline will help you achieve mastery.	Kunlik intizom sizga mukammallikka erishishga yordam beradi.		
acquire	B2	v.	orttirmoq, egallamoq	You will acquire deep knowledge through reading.	Mutolaa orqali chuqur bilim orttirasiz.		
act	A1	v.	harakat qilmoq, bajarmoq	Act decisively when an opportunity arises.	Imkoniyat tug'ilganda qat'iy harakat qiling.		
adapt	B1	v.	moslashmoq, ko'nikmoq	Adapt quickly to challenging conditions.	Murakkab sharoitlarga tezda moslashing.		
add	A1	v.	qo'shmoq, kiritmoq	Add new vocabulary cards to your deck.	Lug'atingizga yangi so'z kartochkalarini qo'shing.		
address	B1	v.	muammoni hal qilmoq, murojaat qilmoq	Address each difficult exercise directly.	Har bir qiyin mashqni to'g'ridan-to'g'ri hal qiling.		
adjust	B1	v.	moslashtirmoq, to'g'rilamoq	Adjust your study pace to your energy level.	O'qish sur'atingizni quvvatingizga moslashtiring.		
admire	A2	v.	qoyil qolmoq, havas qilmoq	We admire his extraordinary dedication.	Biz uning favqulodda fidoyiligiga qoyil qolamiz.		
admit	B1	v.	tan olmoq, iqror bo'lmoq	Admit mistakes honestly to learn from them.	Xatolardan saboq olish uchun ularni ochiq tan oling.		
adopt	B2	v.	qabul qilmoq, o'zlashtirmoq	Adopt healthy daily habits for mental clarity.	Aqliy tiniqlik uchun foydali kunlik odatlarni o'zlashtiring.		
advance	B1	v.	ilgari surmoq, olg'a siljimoq	Advance steadily in your English proficiency.	Ingliz tili mahoratingizda barqaror olg'a siljing.		
advise	A2	v.	maslahat bermoq	Teachers advise reviewing notes daily.	O'qituvchilar konspektlarni har kuni takrorlashni maslahat berishadi.		
affect	A2	v.	ta'sir qilmoq	Sleep quality affects memory retention deeply.	Uyqu sifati xotirada saqlashga chuqur ta'sir qiladi.		
afford	B1	v.	qurbi yetmoq, imkoni bo'lmoq	We cannot afford to waste precious morning hours.	Qimmatli tonggi soatlarni behuda sarflashga haqqimiz yo'q.		
agree	A1	v.	rozi bo'lmoq, qo'shilmoq	I agree with setting early morning alarms.	Men tonggi barvaqt budilniklarni o'rnatishga qo'shilaman.		
aim	A2	v.	maqsad qilmoq, intilmoq	Aim high in your academic journey.	O'qish yo'lingizda yuqori marralarni maqsad qiling.		
allocate	B2	v.	ajratmoq, taqsimlamoq	Allocate thirty minutes for grammar practice.	Grammatika mashqi uchun o'ttiz daqiqa ajrating.		
allow	A2	v.	ruxsat bermoq, imkon bermoq	Allow time for quiet reflection before sleep.	Uxlashdan oldin osoyishta mushohada uchun vaqt bering.		
alter	B2	v.	o'zgartirmoq	Never alter your core principles for convenience.	Qulaylik uchun asosiy tamoyillaringizni aslo o'zgartirmang.		
analyze	B1	v.	tahlil qilmoq	Analyze your test errors systematically.	Testdagi xatolaringizni tizimli tahlil qiling.		
announce	A2	v.	e'lon qilmoq	The mentor announced today's top student.	Ustoz bugungi eng yaxshi o'quvchini e'lon qildi.		
anticipate	B2	v.	oldindan sezmoq, kutmoq	Anticipate upcoming challenges and prepare.	Bo'lajak qiyinchiliklarni oldindan ko'rib tayyorlaning.		
apologize	A2	v.	uzr so'ramoq	Apologize promptly when you make an error.	Xato qilganingizda darhol uzr so'rang.		
appear	A2	v.	paydo bo'lmoq, ko'rinmoq	New vocabulary cards appear in your vault.	Yangi lug'at kartochkalari sandiqingizda paydo bo'ladi.		
apply	A2	v.	qo'llamoq, tadbiq etmoq	Apply new grammar structures in everyday speech.	Yangi grammatika qoidalarini kundalik nutqda qo'llang.		
appoint	B1	v.	tayinlamoq	The school appointed a dedicated English instructor.	Maktab intizomli ingliz tili o'qituvchisini tayinladi.		
appreciate	B1	v.	qadrlamoq, minnatdor bo'lmoq	Appreciate the golden value of focused hours.	Jamg'arilgan diqqat soatlarining oltin qiymatini qadrlang.		
approach	B1	v.	yondashmoq, yaqinlashmoq	Approach difficult tasks with confidence.	Qiyin vazifalarga ishonch bilan yondashing.		
approve	B1	v.	ma'qullamoq, tasdiqlamoq	The director approved our new timetable.	Direktor bizning yangi jadvalimizni ma'qulladi.		
argue	A2	v.	bahslashmoq, isbotlamoq	Scholars argue logically using evidence.	Olimlar mantiqiy dalillar bilan bahslashishadi.		
arise	B2	v.	yuzaga kelmoq, paydo bo'lmoq	Unexpected challenges arise along the way.	Yo'l davomida kutilmagan qiyinchiliklar paydo bo'ladi.		
arrange	A2	v.	tartibga solmoq, uyushtirmoq	Arrange your study desk before working.	Ishlashdan oldin o'qish stolingizni tartibga soling.		
arrive	A1	v.	yetib kelmoq	Arrive five minutes before the lesson begins.	Dars boshlanishidan besh daqiqa oldin yetib keling.		
articulate	C1	v.	ravon bayon qilmoq	Articulate your thoughts with precision.	Fikrlaringizni aniqlik bilan ravon bayon qiling.		
ascend	B2	v.	ko'tarilmoq, yuksalmoq	Ascend to higher levels of fluency.	Til ravonligining yuksak pog'onalariga ko'tariling.		
ask	A1	v.	so'ramoq, iltimos qilmoq	Ask whenever a concept is unclear.	Tushuncha noaniq bo'lsa, doimo so'rang.		
aspire	B2	v.	intilmoq, orzu qilmoq	Aspire to master the English language completely.	Ingliz tilini to'liq o'zlashtirishga intiling.		
assemble	B2	v.	yig'moq, jamlamoq	Assemble all necessary textbooks beforehand.	Barcha kerakli darsliklarni oldindan jamlang.		
assert	B2	v.	ta'kidlamoq, qat'iy aytmoq	Assert your goals with confidence.	Maqsadlaringizni ishonch bilan ta'kidlang.		
assess	B2	v.	baholamoq, tekshirmoq	Assess your weekly vocabulary progress.	Haftalik lug'at rivojlanishingizni baholang.		
assign	B1	v.	vazifa qilib bermoq, tayinlamoq	The tutor assigned five exercises for homework.	O'qituvchi uy vazifasiga beshta mashq berdi.		
assist	B1	v.	yordam bermoq, ko'maklashmoq	Assist classmates who need guidance.	Yo'l-yo'riqqa muhtoj sinfdoshlaringizga yordam bering.		
assume	B1	v.	faraz qilmoq, deb hisoblamoq	Do not assume success without hard work.	Tirishqoqliksiz muvaffaqiyat keladi deb o'ylamang.		
assure	B1	v.	ishontirmoq, kafolat bermoq	I assure you that consistency yields results.	Sizni ishontirib aytamanki, doimiylik natija beradi.		
attach	A2	v.	biriktirmoq, ulamoq	Attach your homework document to the report.	Uy vazifasi faylini hisobotga biriktiring.		
attain	B2	v.	erishmoq, qo'lga kiritmoq	Attain an advanced CEFR band through practice.	Mashq qilish orqali yuqori CEFR darajasiga erishing.		
attempt	A2	v.	urinmoq, harakat qilmoq	Attempt every quiz question calmly.	Har bir test savoliga xotirjamlik bilan urinib ko'ring.		
attend	A2	v.	qatnashmoq, darsga bormoq	Attend all school classes with high energy.	Barcha maktab darslarida yuqori g'ayrat bilan qatnashing.		
attract	A2	v.	jalb qilmoq, o'ziga tortmoq	Sincere dedication attracts true success.	Samimiy fidoyilik haqiqiy muvaffaqiyatni jalb qiladi.		
authorize	B2	v.	vakolat bermoq, ruxsat bermoq	Authorize the required application permissions.	Kerakli ilova ruxsatnomalarini tasdiqlang.		
avoid	A2	v.	saqlanmoq, chetlab o'tmoq	Avoid aimless smartphone scrolling.	Maqsadsiz telefon titkilashdan saqlaning.		
await	B1	v.	kutmoq, intizorlik bilan kutmoq	Exciting opportunities await diligent learners.	Tirishqoq o'quvchilarni hayajonli imkoniyatlar kutmoqda.		
awake	A1	v.	uyg'onmoq, uyg'otmoq	Awake each morning with purpose and gratitude.	Har tong maqsad va minnatdorlik bilan uyg'oning.		
balance	B1	v.	muvozanatlashtirmoq	Balance intense study with healthy rest.	Qizg'in o'qishni sog'lom hordiq bilan muvozanatlashtiring.		
base	A2	v.	asoslanmoq	Base your habits on proven scientific principles.	Odatlaringizni isbotlangan ilmiy qoidalarga asoslang.		
bear	B1	v.	bardosh bermoq, ko'tarmoq	Bear temporary discomfort to gain permanent skill.	Doimiy mahoratga erishish uchun vaqtinchalik qiyinchilikka bardosh bering.		
beat	A2	v.	yengmoq, ortda qoldirmoq	Beat yesterday's study record today.	Bugun kechagi o'qish natijangizni ortda qoldiring.		
become	A1	v.	bo'lmoq, aylanmoq	Daily small actions become lifelong success.	Kunlik kichik harakatlar umrboqiy muvaffaqiyatga aylanadi.		
begin	A1	v.	boshlamoq	Begin your most challenging task first.	Avval eng murakkab vazifangizni boshlang.		
behave	A2	v.	o'zini tutmoq, odob saqlamoq	Behave with dignity and respect in class.	Darsda o'zingizni ehtirom va odob bilan tuting.		
believe	A1	v.	ishonmoq	Believe firmly in your hidden potential.	Ichki salohiyatingizga qat'iy ishoning.		
belong	A2	v.	tegishli bo'lmoq	True achievements belong to persistent minds.	Haqiqiy yutuqlar matonatli insonlarga tegishlidir.		
bend	B1	v.	egilmoq, qayirmoq	Bend your knees properly during morning exercise.	Tonggi badantarbiyada tizzalarni to'g'ri buking.		
benefit	A2	v.	foyda keltirmoq, foydalanmoq	You benefit tremendously from reading every night.	Har kecha o'qishdan ulkan foyda ko'rasiz.		
betray	B2	v.	xiyonat qilmoq, aldamoq	Never betray your own promises to yourself.	O'zingizga bergan va'dalaringizni aslo buzmang.		
bind	B2	v.	bog'lamoq, biriktirmoq	Shared values bind our family together.	Umumiy qadriyatlar oilamizni mustahkam bog'laydi.		
bite	A2	v.	tishlamoq	Bite into a fresh apple for afternoon energy.	Peshindan keyin quvvat uchun yangi olmani tishlang.		
blame	B1	v.	ayblamoq	Never blame external circumstances for inaction.	Harakatsizlik uchun aslo tashqi holatlarni ayblamang.		
block	A2	v.	to'smoq, cheklamoq	Block distracting applications during study hours.	Dars soatlarida chalg'ituvchi ilovalarni to'sib qo'ying.		
boost	B1	v.	oshirmoq, kuchaytirmoq	Physical exercise boosts mental stamina.	Jismoniy mashqlar aqliy chidamlilikni kuchaytiradi.		
breathe	A2	v.	nafas olmoq	Breathe deeply to relieve stress before exams.	Imtihondan oldin hayajonni bosish uchun chuqur nafas oling.		
broadcast	B1	v.	efirga uzatmoq, tarqatmoq	The BBC broadcasts lessons in clear English.	BBC aniq ingliz tilida darslarni efirga uzatadi.		
build	A1	v.	qurmoq, shakllantirmoq	Build an unshakeable study routine.	Mustahkam o'qish tartibini shakllantiring.		
calculate	A2	v.	hisoblamoq	Calculate how many hours you have mastered.	Necha soat o'qiganingizni hisoblab chiqing.		
capture	B1	v.	qo'lga kiritmoq, zabt etmoq	Capture new vocabulary words while reading.	Mutolaa jarayonida yangi so'zlarni yozib oling.		
celebrate	A2	v.	nishonlamoq, qutlamoq	Celebrate completing a full week of discipline.	Bir haftalik to'liq intizomni nishonlang.		
challenge	B1	v.	sinovga tortmoq, chorlamoq	Challenge yourself with complex listening tasks.	Murakkab eshitish topshiriqlari bilan o'zingizni sinovga torting.		
clarify	B2	v.	aniqlik kiritmoq, oydinlashtirmoq	Clarify difficult grammar rules with your teacher.	Qiyin grammatika qoidalarini ustozingiz bilan oydinlashtirib oling.		
collaborate	B2	v.	hamkorlik qilmoq	Collaborate on coding projects during RTM.	RTM paytida dasturlash loyihalarida hamkorlik qiling.		
commit	B1	v.	qat'iy ahd qilmoq, sodiq bo'lmoq	Commit to waking up at four o'clock daily.	Har kuni soat to'rtda turishga qat'iy ahd qiling.		
communicate	A2	v.	muloqot qilmoq	Communicate fluently with English speakers.	Inglizcha gapiruvchilar bilan erkin muloqot qiling.		
compare	A2	v.	taqqoslamoq, solishtirmoq	Compare today's progress with last month's stats.	Bugungi natijangizni o'tgan oydagi statistika bilan solishtiring.		
compensate	B2	v.	qoplamoq, to'ldirmoq	Diligence compensates for initial lack of skill.	Tirishqoqlik dastlabki mahorat yetishmovchiligini to'ldiradi.		
compete	B1	v.	raqobatlashmoq, musobaqalashmoq	Compete with yourself to be better every single day.	Har bir kunda kechagidan yaxshiroq bo'lish uchun o'zingiz bilan musobaqalashing.		
compile	B2	v.	yig'moq, jamlamoq, kodni kompilyatsiya qilmoq	Compile the Android project without warnings.	Android loyihasini xatolarsiz kompilyatsiya qiling.		
complain	A2	v.	nolimoq, shikoyat qilmoq	Never complain about challenges; solve them.	Qiyinchiliklardan nolimang; ularni hal qiling.		
complete	A1	v.	tugatmoq, yakunlamoq	Complete your twenty vocabulary cards before dusk.	Shomgacha yigirmata so'z kartochkasini yakunlang.		
compose	B2	v.	tuzmoq, yozmoq	Compose five original sentences for each rule.	Har bir qoida uchun beshta o'ziga xos gap tuzing.		
comprehend	C1	v.	chuqur anglab yetmoq	Comprehend the nuanced humor in British speech.	Britaniya nutqidagi nozik qochirimlarni chuqur anglab yeting.		
concentrate	A2	v.	diqqatni jamlamoq	Concentrate intensely on the paragraph you are reading.	O'qiyotgan xatboshiga butun diqqatingizni jamlang.		
conclude	B1	v.	xulosa qilmoq, yakunlamoq	Conclude your day with gratitude and peaceful reflection.	Kuningizni minnatdorlik va osoyishta xulosa bilan yakunlang.		
confirm	A2	v.	tasdiqlamoq	Confirm your attendance at the afternoon lecture.	Tushdan keyingi ma'ruzada qatnashishingizni tasdiqlang.		
conquer	B2	v.	yengmoq, zabt etmoq	Conquer procrastination through structured schedules.	Aniq jadvallar orqali erinchoqlikni zabt eting.		
construct	B1	v.	qurmoq, barpo etmoq	Construct robust sentences using diverse vocabulary.	Turfa xil so'zlar yordamida mustahkam gaplar quring.		
consume	B1	v.	iste'mol qilmoq, sarflamoq	Consume nutritious food to maintain high focus.	Yuqori diqqatni saqlab qolish uchun to'yimli taomlar iste'mol qiling.		
contain	A2	v.	o'z ichiga olmoq	This module contains over one thousand essential words.	Ushbu bo'lim mingdan ortiq eng muhim so'zlarni o'z ichiga oladi.		
continue	A1	v.	davom ettirmoq	Continue studying even when motivation dips.	Ishtiyoq pasayganda ham o'qishni davom ettiring.		
contribute	B1	v.	hissa qo'shmoq	Contribute positively to every group discussion.	Har bir guruh muhokamasiga ijobiy hissa qo'shing.		
control	A2	v.	boshqarmoq, nazorat qilmoq	Control your daily screen time rigorously.	Kundalik ekran vaqtingizni qat'iy nazorat qiling.		
convert	B1	v.	aylantirmoq, o'zgartirmoq	Convert passive vocabulary into active speech.	Noaktiv so'z boyligingizni jonli nutqqa aylantiring.		
convey	B2	v.	yetkazmoq, ifodalamoq	Convey your ideas clearly during speaking practice.	So'zlashuv mashqida fikrlaringizni aniq yetkazing.		
coordinate	B2	v.	muvofiqlashtirmoq	Coordinate your schedule with family obligations.	Jadvalingizni oilaviy mas'uliyatlar bilan muvofiqlashtiring.		
cope	B1	v.	yengib o'tmoq, uddalamoq	Discipline helps you cope with heavy workloads.	Intizom og'ir yuklamalarni uddalashga yordam beradi.		
correct	A1	v.	tuzatmoq	Correct all errors highlighted by Grammarly.	Grammarly ko'rsatgan barcha xatolarni tuzating.		
create	A1	v.	yaratmoq	Create a quiet haven for deep intellectual work.	Chuqur aqliy mehnat uchun sokin go'sha yarating.		
criticize	B1	v.	tanqid qilmoq	Never criticize others without offering solutions.	Yechim taklif qilmasdan boshqalarni tanqid qilmang.		
cultivate	B2	v.	shakllantirmoq, yetishtirmoq	Cultivate the habit of early rising every morning.	Har tong erta turish odatini shakllantiring.		
dare	B1	v.	jur'at qilmoq	Always remember to dare diligently every day.	Har kuni g'ayrat bilan jur'at qilmoqni unutmang.		
deal	A2	v.	shug'ullanmoq, muomala qilmoq	Always remember to deal diligently every day.	Har kuni g'ayrat bilan shug'ullanmoqni unutmang.		
debate	B1	v.	bahslashmoq, muhokama qilmoq	Always remember to debate diligently every day.	Har kuni g'ayrat bilan bahslashmoqni unutmang.		
decide	A1	v.	qaror qilmoq	Always remember to decide diligently every day.	Har kuni g'ayrat bilan qaror qilmoqni unutmang.		
declare	B1	v.	e'lon qilmoq, bildirmoq	Always remember to declare diligently every day.	Har kuni g'ayrat bilan e'lon qilmoqni unutmang.		
decrease	A2	v.	kamaymoq, kamaytirmoq	Always remember to decrease diligently every day.	Har kuni g'ayrat bilan kamaymoqni unutmang.		
dedicate	B2	v.	bag'ishlamoq, fido qilmoq	Always remember to dedicate diligently every day.	Har kuni g'ayrat bilan bag'ishlamoqni unutmang.		
defend	B1	v.	himoya qilmoq	Always remember to defend diligently every day.	Har kuni g'ayrat bilan himoya qilmoqni unutmang.		
define	B1	v.	ta'riflamoq, aniqlamoq	Always remember to define diligently every day.	Har kuni g'ayrat bilan ta'riflamoqni unutmang.		
delay	A2	v.	kechiktirmoq, orqaga surmoq	Always remember to delay diligently every day.	Har kuni g'ayrat bilan kechiktirmoqni unutmang.		
deliver	A2	v.	yetkazib bermoq, taqdim etmoq	Always remember to deliver diligently every day.	Har kuni g'ayrat bilan yetkazib bermoqni unutmang.		
demand	B1	v.	talab qilmoq	Always remember to demand diligently every day.	Har kuni g'ayrat bilan talab qilmoqni unutmang.		
demonstrate	B1	v.	ko'rsatmoq, amalda isbotlamoq	Always remember to demonstrate diligently every day.	Har kuni g'ayrat bilan ko'rsatmoqni unutmang.		
depend	A2	v.	bog'liq bo'lmoq, tayanmoq	Always remember to depend diligently every day.	Har kuni g'ayrat bilan bog'liq bo'lmoqni unutmang.		
describe	A1	v.	tasvirlamoq, ta'riflamoq	Always remember to describe diligently every day.	Har kuni g'ayrat bilan tasvirlamoqni unutmang.		
deserve	B1	v.	loyiq bo'lmoq, arziydigan bo'lmoq	Always remember to deserve diligently every day.	Har kuni g'ayrat bilan loyiq bo'lmoqni unutmang.		
design	A2	v.	loyihalashtirmoq, dizayn qilmoq	Always remember to design diligently every day.	Har kuni g'ayrat bilan loyihalashtirmoqni unutmang.		
desire	B2	v.	istamoq, orzu qilmoq	Always remember to desire diligently every day.	Har kuni g'ayrat bilan istamoqni unutmang.		
destroy	A2	v.	yo'q qilmoq, buzmoq	Always remember to destroy diligently every day.	Har kuni g'ayrat bilan yo'q qilmoqni unutmang.		
detect	B2	v.	aniqlamoq, payqamoq	Always remember to detect diligently every day.	Har kuni g'ayrat bilan aniqlamoqni unutmang.		
determine	B1	v.	aniqlamoq, qat'iy qaror qilmoq	Always remember to determine diligently every day.	Har kuni g'ayrat bilan aniqlamoqni unutmang.		
develop	A2	v.	rivojlantirmoq, o'smoq	Always remember to develop diligently every day.	Har kuni g'ayrat bilan rivojlantirmoqni unutmang.		
devote	B2	v.	bag'ishlamoq	Always remember to devote diligently every day.	Har kuni g'ayrat bilan bag'ishlamoqni unutmang.		
differ	B1	v.	farq qilmoq	Always remember to differ diligently every day.	Har kuni g'ayrat bilan farq qilmoqni unutmang.		
direct	A2	v.	yo'naltirmoq, boshqarmoq	Always remember to direct diligently every day.	Har kuni g'ayrat bilan yo'naltirmoqni unutmang.		
disagree	A2	v.	fikriga qo'shilmaslik	Always remember to disagree diligently every day.	Har kuni g'ayrat bilan fikriga qo'shilmaslikni unutmang.		
disappear	A2	v.	yo'qolmoq, g'oyib bo'lmoq	Always remember to disappear diligently every day.	Har kuni g'ayrat bilan yo'qolmoqni unutmang.		
discover	A2	v.	kashf qilmoq, bilib olmoq	Always remember to discover diligently every day.	Har kuni g'ayrat bilan kashf qilmoqni unutmang.		
discuss	A1	v.	muhokama qilmoq	Always remember to discuss diligently every day.	Har kuni g'ayrat bilan muhokama qilmoqni unutmang.		
display	B1	v.	namoyish qilmoq, ko'rsatmoq	Always remember to display diligently every day.	Har kuni g'ayrat bilan namoyish qilmoqni unutmang.		
distinguish	B2	v.	farqlamoq, ajratmoq	Always remember to distinguish diligently every day.	Har kuni g'ayrat bilan farqlamoqni unutmang.		
distribute	B1	v.	tarqatmoq, taqsimlamoq	Always remember to distribute diligently every day.	Har kuni g'ayrat bilan tarqatmoqni unutmang.		
divide	A2	v.	bo'lmoq, taqsimlamoq	Always remember to divide diligently every day.	Har kuni g'ayrat bilan bo'lmoqni unutmang.		
dominate	B2	v.	ustunlik qilmoq	Always remember to dominate diligently every day.	Har kuni g'ayrat bilan ustunlik qilmoqni unutmang.		
doubt	B1	v.	shubhalanmoq	Always remember to doubt diligently every day.	Har kuni g'ayrat bilan shubhalanmoqni unutmang.		
drag	B1	v.	tortmoq, sudrab olib bormoq	Always remember to drag diligently every day.	Har kuni g'ayrat bilan tortmoqni unutmang.		
draw	A1	v.	chizmoq; jalb qilmoq	Always remember to draw diligently every day.	Har kuni g'ayrat bilan chizmoq; jalb qilmoqni unutmang.		
dream	A1	v.	orzu qilmoq; tush ko'rmoq	Always remember to dream diligently every day.	Har kuni g'ayrat bilan orzu qilmoq; tush ko'rmoqni unutmang.		
earn	A2	v.	ishlab topmoq, munosib bo'lmoq	Always remember to earn diligently every day.	Har kuni g'ayrat bilan ishlab topmoqni unutmang.		
eat	A1	v.	yemoq, tanovul qilmoq	Always remember to eat diligently every day.	Har kuni g'ayrat bilan yemoqni unutmang.		
eliminate	B2	v.	bartaraf etmoq, yo'qotmoq	Always remember to eliminate diligently every day.	Har kuni g'ayrat bilan bartaraf etmoqni unutmang.		
emerge	B2	v.	paydo bo'lmoq, yuzaga chiqmoq	Always remember to emerge diligently every day.	Har kuni g'ayrat bilan paydo bo'lmoqni unutmang.		
emphasize	B2	v.	ta'kidlamoq, urg'u bermoq	Always remember to emphasize diligently every day.	Har kuni g'ayrat bilan ta'kidlamoqni unutmang.		
enable	B1	v.	imkoniyat yaratmoq	Always remember to enable diligently every day.	Har kuni g'ayrat bilan imkoniyat yaratmoqni unutmang.		
encounter	B2	v.	duch kelmoq, to'qnash kelmoq	Always remember to encounter diligently every day.	Har kuni g'ayrat bilan duch kelmoqni unutmang.		
encourage	A2	v.	ruhlandirmoq, dalda bermoq	Always remember to encourage diligently every day.	Har kuni g'ayrat bilan ruhlandirmoqni unutmang.		
engage	B2	v.	jalb qilmoq, shug'ullanmoq	Always remember to engage diligently every day.	Har kuni g'ayrat bilan jalb qilmoqni unutmang.		
enhance	B2	v.	yaxshilamoq, oshirmoq	Always remember to enhance diligently every day.	Har kuni g'ayrat bilan yaxshilamoqni unutmang.		
enjoy	A1	v.	rohatlanmoq, zavqlanmoq	Always remember to enjoy diligently every day.	Har kuni g'ayrat bilan rohatlanmoqni unutmang.		
ensure	B1	v.	ta'minlamoq, kafolatlamoq	Always remember to ensure diligently every day.	Har kuni g'ayrat bilan ta'minlamoqni unutmang.		
enter	A1	v.	kirmoq	Always remember to enter diligently every day.	Har kuni g'ayrat bilan kirmoqni unutmang.		
entertain	B1	v.	hushnud qilmoq, ko'nglini olmoq	Always remember to entertain diligently every day.	Har kuni g'ayrat bilan hushnud qilmoqni unutmang.		
escape	A2	v.	qochib qutulmoq	Always remember to escape diligently every day.	Har kuni g'ayrat bilan qochib qutulmoqni unutmang.		
establish	B1	v.	asos solmoq, o'rnatmoq	Always remember to establish diligently every day.	Har kuni g'ayrat bilan asos solmoqni unutmang.		
estimate	B1	v.	taxmin qilmoq, baholamoq	Always remember to estimate diligently every day.	Har kuni g'ayrat bilan taxmin qilmoqni unutmang.		
evaluate	B2	v.	baholamoq, tahlil qilmoq	Always remember to evaluate diligently every day.	Har kuni g'ayrat bilan baholamoqni unutmang.		
examine	B1	v.	ko'rib chiqmoq, imtihon qilmoq	Always remember to examine diligently every day.	Har kuni g'ayrat bilan ko'rib chiqmoqni unutmang.		
exceed	B2	v.	oshirib yubormoq, ortda qoldirmoq	Always remember to exceed diligently every day.	Har kuni g'ayrat bilan oshirib yubormoqni unutmang.		
exchange	A2	v.	almashmoq	Always remember to exchange diligently every day.	Har kuni g'ayrat bilan almashmoqni unutmang.		
exclude	B2	v.	istisno qilmoq, chetlashtirmoq	Always remember to exclude diligently every day.	Har kuni g'ayrat bilan istisno qilmoqni unutmang.		
execute	B2	v.	bajarmoq, ijro etmoq	Always remember to execute diligently every day.	Har kuni g'ayrat bilan bajarmoqni unutmang.		
exercise	A1	v.	shug'ullanmoq, mashq qilmoq	Always remember to exercise diligently every day.	Har kuni g'ayrat bilan shug'ullanmoqni unutmang.		
exist	A2	v.	mavjud bo'lmoq	Always remember to exist diligently every day.	Har kuni g'ayrat bilan mavjud bo'lmoqni unutmang.		
expand	B1	v.	kengaytirmoq, kengaymoq	Always remember to expand diligently every day.	Har kuni g'ayrat bilan kengaytirmoqni unutmang.		
expect	A2	v.	kutmoq, umid qilmoq	Always remember to expect diligently every day.	Har kuni g'ayrat bilan kutmoqni unutmang.		
experience	A2	v.	boshdan kechirmoq	Always remember to experience diligently every day.	Har kuni g'ayrat bilan boshdan kechirmoqni unutmang.		
explain	A1	v.	tushuntirmoq, izohlamoq	Always remember to explain diligently every day.	Har kuni g'ayrat bilan tushuntirmoqni unutmang.		
explore	A2	v.	o'rganmoq, tadqiq qilmoq	Always remember to explore diligently every day.	Har kuni g'ayrat bilan o'rganmoqni unutmang.		
express	A2	v.	ifodalamoq, bildirmoq	Always remember to express diligently every day.	Har kuni g'ayrat bilan ifodalamoqni unutmang.		
extend	B1	v.	uzaytirmoq, kengaytirmoq	Always remember to extend diligently every day.	Har kuni g'ayrat bilan uzaytirmoqni unutmang.		
face	A2	v.	ro'baro' kelmoq, qarshi turmoq	Always remember to face diligently every day.	Har kuni g'ayrat bilan ro'baro' kelmoqni unutmang.		
facilitate	B2	v.	yengillashtirmoq, osonlashtirmoq	Always remember to facilitate diligently every day.	Har kuni g'ayrat bilan yengillashtirmoqni unutmang.		
fail	A2	v.	muvaffaqiyatsizlikka uchramoq	Always remember to fail diligently every day.	Har kuni g'ayrat bilan muvaffaqiyatsizlikka uchramoqni unutmang.		
fall	A1	v.	tushmoq, yiqilmoq	Always remember to fall diligently every day.	Har kuni g'ayrat bilan tushmoqni unutmang.		
feed	A2	v.	ovqatlantirmoq, boqmoq	Always remember to feed diligently every day.	Har kuni g'ayrat bilan ovqatlantirmoqni unutmang.		
feel	A1	v.	his qilmoq, sezmoq	Always remember to feel diligently every day.	Har kuni g'ayrat bilan his qilmoqni unutmang.		
fight	A2	v.	kurashmoq, jang qilmoq	Always remember to fight diligently every day.	Har kuni g'ayrat bilan kurashmoqni unutmang.		
figure	A2	v.	anglab yetmoq, hisoblamoq	Always remember to figure diligently every day.	Har kuni g'ayrat bilan anglab yetmoqni unutmang.		
fill	A1	v.	to'ldirmoq	Always remember to fill diligently every day.	Har kuni g'ayrat bilan to'ldirmoqni unutmang.		
find	A1	v.	topmoq, aniqlamoq	Always remember to find diligently every day.	Har kuni g'ayrat bilan topmoqni unutmang.		
finish	A1	v.	tugatmoq, yakunlamoq	Always remember to finish diligently every day.	Har kuni g'ayrat bilan tugatmoqni unutmang.		
fit	A2	v.	mos kelmoq, to'g'ri kelmoq	Always remember to fit diligently every day.	Har kuni g'ayrat bilan mos kelmoqni unutmang.		
fix	A2	v.	tuzatmoq, sozlamoq	Always remember to fix diligently every day.	Har kuni g'ayrat bilan tuzatmoqni unutmang.		
focus	A2	v.	diqqatni jamlamoq	Always remember to focus diligently every day.	Har kuni g'ayrat bilan diqqatni jamlamoqni unutmang.		
follow	A1	v.	ergashmoq, amal qilmoq	Always remember to follow diligently every day.	Har kuni g'ayrat bilan ergashmoqni unutmang.		
forbid	B2	v.	taqiqlamoq, man etmoq	Always remember to forbid diligently every day.	Har kuni g'ayrat bilan taqiqlamoqni unutmang.		
force	B1	v.	majburlamoq	Always remember to force diligently every day.	Har kuni g'ayrat bilan majburlamoqni unutmang.		
forget	A1	v.	unutmoq	Always remember to forget diligently every day.	Har kuni g'ayrat bilan unutmoqni unutmang.		
forgive	A2	v.	kechirmoq	Always remember to forgive diligently every day.	Har kuni g'ayrat bilan kechirmoqni unutmang.		
form	A2	v.	shakllantirmoq, tuzmoq	Always remember to form diligently every day.	Har kuni g'ayrat bilan shakllantirmoqni unutmang.		
foster	B2	v.	rivojlantirmoq, tarbiyalamoq	Always remember to foster diligently every day.	Har kuni g'ayrat bilan rivojlantirmoqni unutmang.		
fulfill	B2	v.	bajarmoq, amalga oshirmoq	Always remember to fulfill diligently every day.	Har kuni g'ayrat bilan bajarmoqni unutmang.		
gain	A2	v.	erishmoq, ko'paytirmoq	Always remember to gain diligently every day.	Har kuni g'ayrat bilan erishmoqni unutmang.		
gather	B1	v.	to'plamoq, yig'ilmoq	Always remember to gather diligently every day.	Har kuni g'ayrat bilan to'plamoqni unutmang.		
generate	B1	v.	yaratmoq, ishlab chiqarmoq	Always remember to generate diligently every day.	Har kuni g'ayrat bilan yaratmoqni unutmang.		
give	A1	v.	bermoq	Always remember to give diligently every day.	Har kuni g'ayrat bilan bermoqni unutmang.		
glance	B1	v.	ko'z qiri bilan qaramoq	Always remember to glance diligently every day.	Har kuni g'ayrat bilan ko'z qiri bilan qaramoqni unutmang.		
govern	B2	v.	boshqarmoq, hukmronlik qilmoq	Always remember to govern diligently every day.	Har kuni g'ayrat bilan boshqarmoqni unutmang.		
grab	B1	v.	ushlab olmoq, changallamoq	Always remember to grab diligently every day.	Har kuni g'ayrat bilan ushlab olmoqni unutmang.		
grant	B2	v.	taqdim etmoq, bermoq	Always remember to grant diligently every day.	Har kuni g'ayrat bilan taqdim etmoqni unutmang.		
greet	A2	v.	salomlashmoq, kutib olmoq	Always remember to greet diligently every day.	Har kuni g'ayrat bilan salomlashmoqni unutmang.		
grow	A1	v.	o'smoq, yetishmoq	Always remember to grow diligently every day.	Har kuni g'ayrat bilan o'smoqni unutmang.		
guarantee	B1	v.	kafolatlamoq	Always remember to guarantee diligently every day.	Har kuni g'ayrat bilan kafolatlamoqni unutmang.		
guard	A2	v.	qo'riqlamoq, asramoq	Always remember to guard diligently every day.	Har kuni g'ayrat bilan qo'riqlamoqni unutmang.		
guide	A2	v.	yo'l ko'rsatmoq, yo'naltirmoq	Always remember to guide diligently every day.	Har kuni g'ayrat bilan yo'l ko'rsatmoqni unutmang.		
handle	B1	v.	uddalamoq, boshqarmoq	Always remember to handle diligently every day.	Har kuni g'ayrat bilan uddalamoqni unutmang.		
happen	A1	v.	sodir bo'lmoq, yuz bermoq	Always remember to happen diligently every day.	Har kuni g'ayrat bilan sodir bo'lmoqni unutmang.		
hate	A1	v.	yomon ko'rmoq	Always remember to hate diligently every day.	Har kuni g'ayrat bilan yomon ko'rmoqni unutmang.		
have	A1	v.	ega bo'lmoq, bor bo'lmoq	Always remember to have diligently every day.	Har kuni g'ayrat bilan ega bo'lmoqni unutmang.		
hear	A1	v.	eshitmoq	Always remember to hear diligently every day.	Har kuni g'ayrat bilan eshitmoqni unutmang.		
help	A1	v.	yordam bermoq	Always remember to help diligently every day.	Har kuni g'ayrat bilan yordam bermoqni unutmang.		
hide	A2	v.	yashirmoq, bekinmoq	Always remember to hide diligently every day.	Har kuni g'ayrat bilan yashirmoqni unutmang.		
highlight	B1	v.	alohida ko'rsatmoq, ta'kidlamoq	Always remember to highlight diligently every day.	Har kuni g'ayrat bilan alohida ko'rsatmoqni unutmang.		
hold	A1	v.	ushlab turmoq, o'tkazmoq	Always remember to hold diligently every day.	Har kuni g'ayrat bilan ushlab turmoqni unutmang.		
hope	A1	v.	umid qilmoq	Always remember to hope diligently every day.	Har kuni g'ayrat bilan umid qilmoqni unutmang.		
identify	A2	v.	aniqlamoq, tanimoq	Always remember to identify diligently every day.	Har kuni g'ayrat bilan aniqlamoqni unutmang.		
ignore	B1	v.	e'tiborsiz qoldirmoq	Always remember to ignore diligently every day.	Har kuni g'ayrat bilan e'tiborsiz qoldirmoqni unutmang.		
illustrate	B2	v.	misollar bilan tushuntirmoq	Always remember to illustrate diligently every day.	Har kuni g'ayrat bilan misollar bilan tushuntirmoqni unutmang.		
imagine	A1	v.	tasavvur qilmoq	Always remember to imagine diligently every day.	Har kuni g'ayrat bilan tasavvur qilmoqni unutmang.		
implement	B2	v.	amalga oshirmoq, joriy qilmoq	Always remember to implement diligently every day.	Har kuni g'ayrat bilan amalga oshirmoqni unutmang.		
imply	B2	v.	nazarda tutmoq	Always remember to imply diligently every day.	Har kuni g'ayrat bilan nazarda tutmoqni unutmang.		
impose	B2	v.	majburan joriy qilmoq	Always remember to impose diligently every day.	Har kuni g'ayrat bilan majburan joriy qilmoqni unutmang.		
improve	A1	v.	yaxshilamoq, takomillashtirmoq	Always remember to improve diligently every day.	Har kuni g'ayrat bilan yaxshilamoqni unutmang.		
include	A1	v.	o'z ichiga olmoq	Always remember to include diligently every day.	Har kuni g'ayrat bilan o'z ichiga olmoqni unutmang.		
increase	A2	v.	oshirmoq, ko'paymoq	Always remember to increase diligently every day.	Har kuni g'ayrat bilan oshirmoqni unutmang.		
indicate	B1	v.	ko'rsatmoq, bildirmoq	Always remember to indicate diligently every day.	Har kuni g'ayrat bilan ko'rsatmoqni unutmang.		
influence	B1	v.	ta'sir o'tkazmoq	Always remember to influence diligently every day.	Har kuni g'ayrat bilan ta'sir o'tkazmoqni unutmang.		
inform	A2	v.	xabardor qilmoq	Always remember to inform diligently every day.	Har kuni g'ayrat bilan xabardor qilmoqni unutmang.		
initiate	B2	v.	boshlamoq, tashabbus ko'rsatmoq	Always remember to initiate diligently every day.	Har kuni g'ayrat bilan boshlamoqni unutmang.		
inspire	B1	v.	ilhomlantirmoq	Always remember to inspire diligently every day.	Har kuni g'ayrat bilan ilhomlantirmoqni unutmang.		
install	A2	v.	o'rnatmoq, joylashtirmoq	Always remember to install diligently every day.	Har kuni g'ayrat bilan o'rnatmoqni unutmang.		
instruct	B1	v.	ko'rsatma bermoq, o'rgatmoq	Always remember to instruct diligently every day.	Har kuni g'ayrat bilan ko'rsatma bermoqni unutmang.		
intend	B1	v.	niyat qilmoq, maqsad qilmoq	Always remember to intend diligently every day.	Har kuni g'ayrat bilan niyat qilmoqni unutmang.		
interact	B1	v.	o'zaro muloqot qilmoq	Always remember to interact diligently every day.	Har kuni g'ayrat bilan o'zaro muloqot qilmoqni unutmang.		
interpret	B2	v.	talqin qilmoq, tarjima qilmoq	Always remember to interpret diligently every day.	Har kuni g'ayrat bilan talqin qilmoqni unutmang.		
interrupt	B1	v.	gapini bo'lmoq, xalaqit bermoq	Always remember to interrupt diligently every day.	Har kuni g'ayrat bilan gapini bo'lmoqni unutmang.		
introduce	A1	v.	tanishtirmoq, joriy qilmoq	Always remember to introduce diligently every day.	Har kuni g'ayrat bilan tanishtirmoqni unutmang.		
invest	B1	v.	sarmoya kiritmoq	Always remember to invest diligently every day.	Har kuni g'ayrat bilan sarmoya kiritmoqni unutmang.		
investigate	B1	v.	tekshirmoq, o'rganmoq	Always remember to investigate diligently every day.	Har kuni g'ayrat bilan tekshirmoqni unutmang.		
invite	A1	v.	taklif qilmoq	Always remember to invite diligently every day.	Har kuni g'ayrat bilan taklif qilmoqni unutmang.		
involve	B1	v.	jalb qilmoq, o'z ichiga olmoq	Always remember to involve diligently every day.	Har kuni g'ayrat bilan jalb qilmoqni unutmang.		
isolate	B2	v.	ajratmoq, yakkalamoq	Always remember to isolate diligently every day.	Har kuni g'ayrat bilan ajratmoqni unutmang.		
join	A1	v.	qo'shilmoq, a'zo bo'lmoq	Always remember to join diligently every day.	Har kuni g'ayrat bilan qo'shilmoqni unutmang.		
judge	B1	v.	baholamoq, hukm qilmoq	Always remember to judge diligently every day.	Har kuni g'ayrat bilan baholamoqni unutmang.		
justify	B2	v.	oqlamoq, asoslab bermoq	Always remember to justify diligently every day.	Har kuni g'ayrat bilan oqlamoqni unutmang.		
keep	A1	v.	saqlamoq, davom ettirmoq	Always remember to keep diligently every day.	Har kuni g'ayrat bilan saqlamoqni unutmang.		
know	A1	v.	bilmoq, tanimoq	Always remember to know diligently every day.	Har kuni g'ayrat bilan bilmoqni unutmang.		
last	A2	v.	davom etmoq	Always remember to last diligently every day.	Har kuni g'ayrat bilan davom etmoqni unutmang.		
lead	A2	v.	yetaklamoq, boshlamoq	Always remember to lead diligently every day.	Har kuni g'ayrat bilan yetaklamoqni unutmang.		
learn	A1	v.	o'rganmoq	Always remember to learn diligently every day.	Har kuni g'ayrat bilan o'rganmoqni unutmang.		
leave	A1	v.	tark etmoq, qoldirmoq	Always remember to leave diligently every day.	Har kuni g'ayrat bilan tark etmoqni unutmang.		
lend	A2	v.	qarzga bermoq	Always remember to lend diligently every day.	Har kuni g'ayrat bilan qarzga bermoqni unutmang.		
let	A1	v.	qo'ymoq, ruxsat bermoq	Always remember to let diligently every day.	Har kuni g'ayrat bilan qo'ymoqni unutmang.		
lift	A2	v.	ko'tarmoq	Always remember to lift diligently every day.	Har kuni g'ayrat bilan ko'tarmoqni unutmang.		
limit	B1	v.	cheklamoq	Always remember to limit diligently every day.	Har kuni g'ayrat bilan cheklamoqni unutmang.		
listen	A1	v.	tinglamoq, quloq solmoq	Always remember to listen diligently every day.	Har kuni g'ayrat bilan tinglamoqni unutmang.		
live	A1	v.	yashamoq	Always remember to live diligently every day.	Har kuni g'ayrat bilan yashamoqni unutmang.		
locate	B1	v.	joylashtirmoq, topmoq	Always remember to locate diligently every day.	Har kuni g'ayrat bilan joylashtirmoqni unutmang.		
lock	A2	v.	qulflamoq	Always remember to lock diligently every day.	Har kuni g'ayrat bilan qulflamoqni unutmang.		
look	A1	v.	qaramoq	Always remember to look diligently every day.	Har kuni g'ayrat bilan qaramoqni unutmang.		
lose	A1	v.	yo'qotmoq, yutqazmoq	Always remember to lose diligently every day.	Har kuni g'ayrat bilan yo'qotmoqni unutmang.		
maintain	B1	v.	saqlab turmoq, davom ettirmoq	Always remember to maintain diligently every day.	Har kuni g'ayrat bilan saqlab turmoqni unutmang.		
manage	A2	v.	boshqarmoq, uddalamoq	Always remember to manage diligently every day.	Har kuni g'ayrat bilan boshqarmoqni unutmang.		
manufacture	B2	v.	ishlab chiqarmoq	Always remember to manufacture diligently every day.	Har kuni g'ayrat bilan ishlab chiqarmoqni unutmang.		
mark	A2	v.	belgilamoq	Always remember to mark diligently every day.	Har kuni g'ayrat bilan belgilamoqni unutmang.		
marry	A2	v.	turmush qurmoq, uylanmoq	Always remember to marry diligently every day.	Har kuni g'ayrat bilan turmush qurmoqni unutmang.		
master	B2	v.	mukammal o'rganmoq	Always remember to master diligently every day.	Har kuni g'ayrat bilan mukammal o'rganmoqni unutmang.		
match	A1	v.	moslashtirmoq, tenglashmoq	Always remember to match diligently every day.	Har kuni g'ayrat bilan moslashtirmoqni unutmang.		
matter	A2	v.	ahamiyatga ega bo'lmoq	Always remember to matter diligently every day.	Har kuni g'ayrat bilan ahamiyatga ega bo'lmoqni unutmang.		
mean	A1	v.	anglatmoq, nazarda tutmoq	Always remember to mean diligently every day.	Har kuni g'ayrat bilan anglatmoqni unutmang.		
measure	B1	v.	o'lchamoq, baholamoq	Always remember to measure diligently every day.	Har kuni g'ayrat bilan o'lchamoqni unutmang.		
meet	A1	v.	uchrashmoq, kutib olmoq	Always remember to meet diligently every day.	Har kuni g'ayrat bilan uchrashmoqni unutmang.		
memorize	B1	v.	yod olmoq	Always remember to memorize diligently every day.	Har kuni g'ayrat bilan yod olmoqni unutmang.		
mention	B1	v.	eslatib o'tmoq, aytmoq	Always remember to mention diligently every day.	Har kuni g'ayrat bilan eslatib o'tmoqni unutmang.		
mind	A2	v.	e'tibor bermoq, qarshi bo'lmoq	Always remember to mind diligently every day.	Har kuni g'ayrat bilan e'tibor bermoqni unutmang.		
miss	A1	v.	o'tkazib yubormoq, sog'inmoq	Always remember to miss diligently every day.	Har kuni g'ayrat bilan o'tkazib yubormoqni unutmang.		
mix	A2	v.	aralashtirmoq	Always remember to mix diligently every day.	Har kuni g'ayrat bilan aralashtirmoqni unutmang.		
modify	B2	v.	o'zgartirmoq, moslashtirmoq	Always remember to modify diligently every day.	Har kuni g'ayrat bilan o'zgartirmoqni unutmang.		
monitor	B1	v.	kuzatib bormoq, nazorat qilmoq	Always remember to monitor diligently every day.	Har kuni g'ayrat bilan kuzatib bormoqni unutmang.		
motivate	B1	v.	ruhlandirmoq, undamoq	Always remember to motivate diligently every day.	Har kuni g'ayrat bilan ruhlandirmoqni unutmang.		
move	A1	v.	harakatlanmoq, ko'chmoq	Always remember to move diligently every day.	Har kuni g'ayrat bilan harakatlanmoqni unutmang.		
multiply	B1	v.	ko'paytirmoq, oshirmoq	Always remember to multiply diligently every day.	Har kuni g'ayrat bilan ko'paytirmoqni unutmang.		
navigate	B2	v.	yo'l topmoq, boshqarmoq	Always remember to navigate diligently every day.	Har kuni g'ayrat bilan yo'l topmoqni unutmang.		
neglect	B2	v.	e'tibordan chetda qoldirmoq	Always remember to neglect diligently every day.	Har kuni g'ayrat bilan e'tibordan chetda qoldirmoqni unutmang.		
negotiate	B2	v.	muzokara olib bormoq	Always remember to negotiate diligently every day.	Har kuni g'ayrat bilan muzokara olib bormoqni unutmang.		
notice	A2	v.	sezmoq, payqamoq	Always remember to notice diligently every day.	Har kuni g'ayrat bilan sezmoqni unutmang.		
notify	B1	v.	ogohlantirmoq, xabar bermoq	Always remember to notify diligently every day.	Har kuni g'ayrat bilan ogohlantirmoqni unutmang.		
obey	B1	v.	itoat qilmoq, bo'ysunmoq	Always remember to obey diligently every day.	Har kuni g'ayrat bilan itoat qilmoqni unutmang.		
object	B2	v.	e'tiroz bildirmoq	Always remember to object diligently every day.	Har kuni g'ayrat bilan e'tiroz bildirmoqni unutmang.		
observe	B1	v.	kuzatmoq	Always remember to observe diligently every day.	Har kuni g'ayrat bilan kuzatmoqni unutmang.		
obtain	B2	v.	qo'lga kiritmoq, olmoq	Always remember to obtain diligently every day.	Har kuni g'ayrat bilan qo'lga kiritmoqni unutmang.		
occur	B1	v.	yuz bermoq, sodir bo'lmoq	Always remember to occur diligently every day.	Har kuni g'ayrat bilan yuz bermoqni unutmang.		
offer	A2	v.	taklif qilmoq	Always remember to offer diligently every day.	Har kuni g'ayrat bilan taklif qilmoqni unutmang.		
open	A1	v.	ochmoq	Always remember to open diligently every day.	Har kuni g'ayrat bilan ochmoqni unutmang.		
operate	B1	v.	ishlatmoq, boshqarmoq	Always remember to operate diligently every day.	Har kuni g'ayrat bilan ishlatmoqni unutmang.		
order	A1	v.	buyurtma bermoq, buyurmoq	Always remember to order diligently every day.	Har kuni g'ayrat bilan buyurtma bermoqni unutmang.		
organize	A2	v.	tashkil qilmoq, tartibga solmoq	Always remember to organize diligently every day.	Har kuni g'ayrat bilan tashkil qilmoqni unutmang.		
originate	B2	v.	kelib chiqmoq, boshlanmoq	Always remember to originate diligently every day.	Har kuni g'ayrat bilan kelib chiqmoqni unutmang.		
outline	B1	v.	qisqacha reja tuzmoq	Always remember to outline diligently every day.	Har kuni g'ayrat bilan qisqacha reja tuzmoqni unutmang.		
overcome	B2	v.	yengib o'tmoq	Always remember to overcome diligently every day.	Har kuni g'ayrat bilan yengib o'tmoqni unutmang.		
overlook	B2	v.	ko'zdan qochirmoq, e'tibor bermaslik	Always remember to overlook diligently every day.	Har kuni g'ayrat bilan ko'zdan qochirmoqni unutmang.		
participate	B1	v.	qatnashmoq, ishtirok etmoq	Always remember to participate diligently every day.	Har kuni g'ayrat bilan qatnashmoqni unutmang.		
pass	A2	v.	o'tmoq, imtihondan o'tmoq	Always remember to pass diligently every day.	Har kuni g'ayrat bilan o'tmoqni unutmang.		
pay	A1	v.	to'lamoq	Always remember to pay diligently every day.	Har kuni g'ayrat bilan to'lamoqni unutmang.		
perceive	B2	v.	idrok etmoq, anglamoq	Always remember to perceive diligently every day.	Har kuni g'ayrat bilan idrok etmoqni unutmang.		
perform	B1	v.	bajarmoq, ijro etmoq	Always remember to perform diligently every day.	Har kuni g'ayrat bilan bajarmoqni unutmang.		
permit	B2	v.	ruxsat bermoq	Always remember to permit diligently every day.	Har kuni g'ayrat bilan ruxsat bermoqni unutmang.		
persuade	B1	v.	ko'ndirmoq, ishontirmoq	Always remember to persuade diligently every day.	Har kuni g'ayrat bilan ko'ndirmoqni unutmang.		
plan	A1	v.	rejalashtirmoq	Always remember to plan diligently every day.	Har kuni g'ayrat bilan rejalashtirmoqni unutmang.		
play	A1	v.	o'ynamoq	Always remember to play diligently every day.	Har kuni g'ayrat bilan o'ynamoqni unutmang.		
point	A2	v.	ko'rsatmoq, ishora qilmoq	Always remember to point diligently every day.	Har kuni g'ayrat bilan ko'rsatmoqni unutmang.		
postpone	B1	v.	kechiktirmoq	Always remember to postpone diligently every day.	Har kuni g'ayrat bilan kechiktirmoqni unutmang.		
practice	A1	v.	mashq qilmoq	Always remember to practice diligently every day.	Har kuni g'ayrat bilan mashq qilmoqni unutmang.		
praise	B1	v.	maqtamoq	Always remember to praise diligently every day.	Har kuni g'ayrat bilan maqtamoqni unutmang.		
predict	B1	v.	oldindan aytmoq	Always remember to predict diligently every day.	Har kuni g'ayrat bilan oldindan aytmoqni unutmang.		
prefer	A2	v.	afzal ko'rmoq	Always remember to prefer diligently every day.	Har kuni g'ayrat bilan afzal ko'rmoqni unutmang.		
prepare	A1	v.	tayyorlanmoq	Always remember to prepare diligently every day.	Har kuni g'ayrat bilan tayyorlanmoqni unutmang.		
prevent	B1	v.	oldini olmoq	Always remember to prevent diligently every day.	Har kuni g'ayrat bilan oldini olmoqni unutmang.		
proceed	B2	v.	davom etmoq	Always remember to proceed diligently every day.	Har kuni g'ayrat bilan davom etmoqni unutmang.		
produce	A2	v.	ishlab chiqarmoq	Always remember to produce diligently every day.	Har kuni g'ayrat bilan ishlab chiqarmoqni unutmang.		
progress	B1	v.	olg'a siljimoq, rivojlanmoq	Always remember to progress diligently every day.	Har kuni g'ayrat bilan olg'a siljimoqni unutmang.		
prohibit	B2	v.	taqiqlamoq	Always remember to prohibit diligently every day.	Har kuni g'ayrat bilan taqiqlamoqni unutmang.		
promise	A2	v.	va'da bermoq	Always remember to promise diligently every day.	Har kuni g'ayrat bilan va'da bermoqni unutmang.		
promote	B1	v.	ko'maklashmoq, martabasini oshirmoq	Always remember to promote diligently every day.	Har kuni g'ayrat bilan ko'maklashmoqni unutmang.		
propose	B1	v.	taklif qilmoq	Always remember to propose diligently every day.	Har kuni g'ayrat bilan taklif qilmoqni unutmang.		
protect	A2	v.	himoya qilmoq	Always remember to protect diligently every day.	Har kuni g'ayrat bilan himoya qilmoqni unutmang.		
prove	B1	v.	isbotlamoq	Always remember to prove diligently every day.	Har kuni g'ayrat bilan isbotlamoqni unutmang.		
provide	A2	v.	ta'minlamoq	Always remember to provide diligently every day.	Har kuni g'ayrat bilan ta'minlamoqni unutmang.		
publish	A2	v.	nashr etmoq	Always remember to publish diligently every day.	Har kuni g'ayrat bilan nashr etmoqni unutmang.		
pursue	B2	v.	ortidan quvmoq, intilmoq	Always remember to pursue diligently every day.	Har kuni g'ayrat bilan ortidan quvmoqni unutmang.		
qualify	B1	v.	malakaga ega bo'lmoq	Always remember to qualify diligently every day.	Har kuni g'ayrat bilan malakaga ega bo'lmoqni unutmang.		
question	B1	v.	so'roqqa tutmoq, shubhalanmoq	Always remember to question diligently every day.	Har kuni g'ayrat bilan so'roqqa tutmoqni unutmang.		
quit	B1	v.	tashlamoq, to'xtatmoq	Always remember to quit diligently every day.	Har kuni g'ayrat bilan tashlamoqni unutmang.		
quote	B1	v.	iqtibos keltirmoq	Always remember to quote diligently every day.	Har kuni g'ayrat bilan iqtibos keltirmoqni unutmang.		
reach	A2	v.	yetmoq, erishmoq	Always remember to reach diligently every day.	Har kuni g'ayrat bilan yetmoqni unutmang.		
react	B1	v.	munosabat bildirmoq	Always remember to react diligently every day.	Har kuni g'ayrat bilan munosabat bildirmoqni unutmang.		
read	A1	v.	o'qimoq, mutolaa qilmoq	Always remember to read diligently every day.	Har kuni g'ayrat bilan o'qimoqni unutmang.		
realize	A2	v.	anglab yetmoq	Always remember to realize diligently every day.	Har kuni g'ayrat bilan anglab yetmoqni unutmang.		
receive	A1	v.	qabul qilib olmoq	Always remember to receive diligently every day.	Har kuni g'ayrat bilan qabul qilib olmoqni unutmang.		
recognize	A2	v.	tanimoq, e'tirof etmoq	Always remember to recognize diligently every day.	Har kuni g'ayrat bilan tanimoqni unutmang.		
recommend	A2	v.	tavsiya qilmoq	Always remember to recommend diligently every day.	Har kuni g'ayrat bilan tavsiya qilmoqni unutmang.		
record	A2	v.	yozib olmoq, qayd etmoq	Always remember to record diligently every day.	Har kuni g'ayrat bilan yozib olmoqni unutmang.		
recover	B1	v.	sog'aymoq, tiklanmoq	Always remember to recover diligently every day.	Har kuni g'ayrat bilan sog'aymoqni unutmang.		
reduce	A2	v.	kamaytirmoq	Always remember to reduce diligently every day.	Har kuni g'ayrat bilan kamaytirmoqni unutmang.		
refer	B1	v.	havola qilmoq, murojaat qilmoq	Always remember to refer diligently every day.	Har kuni g'ayrat bilan havola qilmoqni unutmang.		
reflect	B1	v.	aks ettirmoq, mushohada qilmoq	Always remember to reflect diligently every day.	Har kuni g'ayrat bilan aks ettirmoqni unutmang.		
refuse	A2	v.	rad etmoq	Always remember to refuse diligently every day.	Har kuni g'ayrat bilan rad etmoqni unutmang.		
regard	B1	v.	deb hisoblamoq	Always remember to regard diligently every day.	Har kuni g'ayrat bilan deb hisoblamoqni unutmang.		
register	A2	v.	ro'yxatdan o'tmoq	Always remember to register diligently every day.	Har kuni g'ayrat bilan ro'yxatdan o'tmoqni unutmang.		
regret	B1	v.	afsuslanmoq	Always remember to regret diligently every day.	Har kuni g'ayrat bilan afsuslanmoqni unutmang.		
regulate	B2	v.	tartibga solmoq	Always remember to regulate diligently every day.	Har kuni g'ayrat bilan tartibga solmoqni unutmang.		
reinforce	B2	v.	mustahkamlamoq, kuchaytirmoq	Always remember to reinforce diligently every day.	Har kuni g'ayrat bilan mustahkamlamoqni unutmang.		
reject	B1	v.	rad qilmoq	Always remember to reject diligently every day.	Har kuni g'ayrat bilan rad qilmoqni unutmang.		
relate	B1	v.	aloqador bo'lmoq	Always remember to relate diligently every day.	Har kuni g'ayrat bilan aloqador bo'lmoqni unutmang.		
relax	A1	v.	dam olmoq, tinchlanmoq	Always remember to relax diligently every day.	Har kuni g'ayrat bilan dam olmoqni unutmang.		
release	B1	v.	ozod qilmoq, chiqarmoq	Always remember to release diligently every day.	Har kuni g'ayrat bilan ozod qilmoqni unutmang.		
rely	B1	v.	suyanmoq, tayanmoq	Always remember to rely diligently every day.	Har kuni g'ayrat bilan suyanmoqni unutmang.		
remain	A2	v.	qolmoq	Always remember to remain diligently every day.	Har kuni g'ayrat bilan qolmoqni unutmang.		
remember	A1	v.	eslamoq, esda tutmoq	Always remember to remember diligently every day.	Har kuni g'ayrat bilan eslamoqni unutmang.		
remind	A2	v.	eslatmoq	Always remember to remind diligently every day.	Har kuni g'ayrat bilan eslatmoqni unutmang.		
remove	A2	v.	olib tashlamoq	Always remember to remove diligently every day.	Har kuni g'ayrat bilan olib tashlamoqni unutmang.		
renew	B2	v.	yangilamoq	Always remember to renew diligently every day.	Har kuni g'ayrat bilan yangilamoqni unutmang.		
repair	A2	v.	tuzatmoq, ta'mirlamoq	Always remember to repair diligently every day.	Har kuni g'ayrat bilan tuzatmoqni unutmang.		
repeat	A1	v.	takrorlamoq	Always remember to repeat diligently every day.	Har kuni g'ayrat bilan takrorlamoqni unutmang.		
replace	A2	v.	almashtirmoq	Always remember to replace diligently every day.	Har kuni g'ayrat bilan almashtirmoqni unutmang.		
reply	A1	v.	javob bermoq	Always remember to reply diligently every day.	Har kuni g'ayrat bilan javob bermoqni unutmang.		
report	A2	v.	hisobot bermoq	Always remember to report diligently every day.	Har kuni g'ayrat bilan hisobot bermoqni unutmang.		
represent	B1	v.	vakillik qilmoq, anglatmoq	Always remember to represent diligently every day.	Har kuni g'ayrat bilan vakillik qilmoqni unutmang.		
request	A2	v.	iltimos qilmoq	Always remember to request diligently every day.	Har kuni g'ayrat bilan iltimos qilmoqni unutmang.		
require	A2	v.	talab qilmoq	Always remember to require diligently every day.	Har kuni g'ayrat bilan talab qilmoqni unutmang.		
rescue	B1	v.	qutqarmoq	Always remember to rescue diligently every day.	Har kuni g'ayrat bilan qutqarmoqni unutmang.		
research	A2	v.	tadqiq qilmoq	Always remember to research diligently every day.	Har kuni g'ayrat bilan tadqiq qilmoqni unutmang.		
reserve	B1	v.	band qilib qo'ymoq	Always remember to reserve diligently every day.	Har kuni g'ayrat bilan band qilib qo'ymoqni unutmang.		
resist	B2	v.	qarshilik ko'rsatmoq	Always remember to resist diligently every day.	Har kuni g'ayrat bilan qarshilik ko'rsatmoqni unutmang.		
resolve	B2	v.	hal qilmoq, qat'iy qaror qilmoq	Always remember to resolve diligently every day.	Har kuni g'ayrat bilan hal qilmoqni unutmang.		
respond	A2	v.	javob qaytarmoq	Always remember to respond diligently every day.	Har kuni g'ayrat bilan javob qaytarmoqni unutmang.		
restore	B2	v.	tiklamoq	Always remember to restore diligently every day.	Har kuni g'ayrat bilan tiklamoqni unutmang.		
restrict	B2	v.	cheklamoq	Always remember to restrict diligently every day.	Har kuni g'ayrat bilan cheklamoqni unutmang.		
retain	B2	v.	saqlab qolmoq	Always remember to retain diligently every day.	Har kuni g'ayrat bilan saqlab qolmoqni unutmang.		
retire	B1	v.	nafaqaga chiqmoq	Always remember to retire diligently every day.	Har kuni g'ayrat bilan nafaqaga chiqmoqni unutmang.		
reveal	B2	v.	oshkor qilmoq, ochib bermoq	Always remember to reveal diligently every day.	Har kuni g'ayrat bilan oshkor qilmoqni unutmang.		
review	A2	v.	takrorlamoq, ko'rib chiqmoq	Always remember to review diligently every day.	Har kuni g'ayrat bilan takrorlamoqni unutmang.		
revise	B1	v.	qayta ko'rib chiqmoq, takrorlamoq	Always remember to revise diligently every day.	Har kuni g'ayrat bilan qayta ko'rib chiqmoqni unutmang.		
reward	B1	v.	taqdirlamoq, mukofotlamoq	Always remember to reward diligently every day.	Har kuni g'ayrat bilan taqdirlamoqni unutmang.		
risk	B1	v.	tavakkal qilmoq	Always remember to risk diligently every day.	Har kuni g'ayrat bilan tavakkal qilmoqni unutmang.		
rule	A2	v.	boshqarmoq, hukmronlik qilmoq	Always remember to rule diligently every day.	Har kuni g'ayrat bilan boshqarmoqni unutmang.		
satisfy	B1	v.	qanoatlantirmoq	Always remember to satisfy diligently every day.	Har kuni g'ayrat bilan qanoatlantirmoqni unutmang.		
save	A1	v.	saqlamoq, tejamoq	Always remember to save diligently every day.	Har kuni g'ayrat bilan saqlamoqni unutmang.		
schedule	A2	v.	jadvalga kiritmoq	Always remember to schedule diligently every day.	Har kuni g'ayrat bilan jadvalga kiritmoqni unutmang.		
score	A2	v.	ochko to'plamoq	Always remember to score diligently every day.	Har kuni g'ayrat bilan ochko to'plamoqni unutmang.		
search	A1	v.	qidirmoq	Always remember to search diligently every day.	Har kuni g'ayrat bilan qidirmoqni unutmang.		
secure	B2	v.	xavfsiz qilmoq, ta'minlamoq	Always remember to secure diligently every day.	Har kuni g'ayrat bilan xavfsiz qilmoqni unutmang.		
seek	B2	v.	izlamoq, intilmoq	Always remember to seek diligently every day.	Har kuni g'ayrat bilan izlamoqni unutmang.		
select	A2	v.	tanlamoq	Always remember to select diligently every day.	Har kuni g'ayrat bilan tanlamoqni unutmang.		
send	A1	v.	yubormoq	Always remember to send diligently every day.	Har kuni g'ayrat bilan yubormoqni unutmang.		
separate	B1	v.	ajratmoq	Always remember to separate diligently every day.	Har kuni g'ayrat bilan ajratmoqni unutmang.		
serve	A2	v.	xizmat qilmoq	Always remember to serve diligently every day.	Har kuni g'ayrat bilan xizmat qilmoqni unutmang.		
settle	B1	v.	joylashmoq, hal qilmoq	Always remember to settle diligently every day.	Har kuni g'ayrat bilan joylashmoqni unutmang.		
share	A1	v.	baham ko'rmoq	Always remember to share diligently every day.	Har kuni g'ayrat bilan baham ko'rmoqni unutmang.		
shift	B1	v.	ko'chirmoq, o'zgartirmoq	Always remember to shift diligently every day.	Har kuni g'ayrat bilan ko'chirmoqni unutmang.		
shine	A2	v.	porlamoq, yarqiramoq	Always remember to shine diligently every day.	Har kuni g'ayrat bilan porlamoqni unutmang.		
shock	B1	v.	hayratda qoldirmoq	Always remember to shock diligently every day.	Har kuni g'ayrat bilan hayratda qoldirmoqni unutmang.		
shoot	A2	v.	otmoq, suratga olmoq	Always remember to shoot diligently every day.	Har kuni g'ayrat bilan otmoqni unutmang.		
show	A1	v.	ko'rsatmoq	Always remember to show diligently every day.	Har kuni g'ayrat bilan ko'rsatmoqni unutmang.		
sign	A2	v.	imzolamoq	Always remember to sign diligently every day.	Har kuni g'ayrat bilan imzolamoqni unutmang.		
simplify	B1	v.	soddalashtirmoq	Always remember to simplify diligently every day.	Har kuni g'ayrat bilan soddalashtirmoqni unutmang.		
sing	A1	v.	kuylamoq, ashula aytmoq	Always remember to sing diligently every day.	Har kuni g'ayrat bilan kuylamoqni unutmang.		
sit	A1	v.	o'tirmoq	Always remember to sit diligently every day.	Har kuni g'ayrat bilan o'tirmoqni unutmang.		
sleep	A1	v.	uxlamoq	Always remember to sleep diligently every day.	Har kuni g'ayrat bilan uxlamoqni unutmang.		
solve	A2	v.	yechmoq, hal qilmoq	Always remember to solve diligently every day.	Har kuni g'ayrat bilan yechmoqni unutmang.		
speak	A1	v.	gapirmoq, so'zlamoq	Always remember to speak diligently every day.	Har kuni g'ayrat bilan gapirmoqni unutmang.		
specify	B2	v.	aniq ko'rsatmoq	Always remember to specify diligently every day.	Har kuni g'ayrat bilan aniq ko'rsatmoqni unutmang.		
spend	A1	v.	sarflamoq, o'tkazmoq	Always remember to spend diligently every day.	Har kuni g'ayrat bilan sarflamoqni unutmang.		
split	B1	v.	bo'lmoq, ajratmoq	Always remember to split diligently every day.	Har kuni g'ayrat bilan bo'lmoqni unutmang.		
stand	A1	v.	turmoq, chidamoq	Always remember to stand diligently every day.	Har kuni g'ayrat bilan turmoqni unutmang.		
start	A1	v.	boshlamoq	Always remember to start diligently every day.	Har kuni g'ayrat bilan boshlamoqni unutmang.		
stay	A1	v.	qolmoq, turmoq	Always remember to stay diligently every day.	Har kuni g'ayrat bilan qolmoqni unutmang.		
stimulate	B2	v.	rag'batlantirmoq, jonlantirmoq	Always remember to stimulate diligently every day.	Har kuni g'ayrat bilan rag'batlantirmoqni unutmang.		
strengthen	B1	v.	kuchaytirmoq, mustahkamlamoq	Always remember to strengthen diligently every day.	Har kuni g'ayrat bilan kuchaytirmoqni unutmang.		
stretch	B1	v.	cho'zmoq, tortmoq	Always remember to stretch diligently every day.	Har kuni g'ayrat bilan cho'zmoqni unutmang.		
struggle	B1	v.	kurashmoq, qiynalmoq	Always remember to struggle diligently every day.	Har kuni g'ayrat bilan kurashmoqni unutmang.		
study	A1	v.	o'qimoq, o'rganmoq	Always remember to study diligently every day.	Har kuni g'ayrat bilan o'qimoqni unutmang.		
submit	B1	v.	topshirmoq, taqdim etmoq	Always remember to submit diligently every day.	Har kuni g'ayrat bilan topshirmoqni unutmang.		
succeed	A2	v.	muvaffaqiyat qozonmoq	Always remember to succeed diligently every day.	Har kuni g'ayrat bilan muvaffaqiyat qozonmoqni unutmang.		
suffer	B1	v.	azob chekmoq	Always remember to suffer diligently every day.	Har kuni g'ayrat bilan azob chekmoqni unutmang.		
suggest	A2	v.	taklif qilmoq	Always remember to suggest diligently every day.	Har kuni g'ayrat bilan taklif qilmoqni unutmang.		
summarize	B1	v.	xulosa qilmoq	Always remember to summarize diligently every day.	Har kuni g'ayrat bilan xulosa qilmoqni unutmang.		
supply	B1	v.	ta'minlamoq, yetkazib bermoq	Always remember to supply diligently every day.	Har kuni g'ayrat bilan ta'minlamoqni unutmang.		
support	A2	v.	qo'llab-quvvatlamoq	Always remember to support diligently every day.	Har kuni g'ayrat bilan qo'llab-quvvatlamoqni unutmang.		
suppose	A2	v.	taxmin qilmoq	Always remember to suppose diligently every day.	Har kuni g'ayrat bilan taxmin qilmoqni unutmang.		
surpass	B2	v.	ortda qoldirmoq, oshirib yubormoq	Always remember to surpass diligently every day.	Har kuni g'ayrat bilan ortda qoldirmoqni unutmang.		
surprise	A2	v.	hayratlantirmoq	Always remember to surprise diligently every day.	Har kuni g'ayrat bilan hayratlantirmoqni unutmang.		
surrender	B2	v.	taslim bo'lmoq	Always remember to surrender diligently every day.	Har kuni g'ayrat bilan taslim bo'lmoqni unutmang.		
surround	B1	v.	o'rab olmoq	Always remember to surround diligently every day.	Har kuni g'ayrat bilan o'rab olmoqni unutmang.		
survive	B1	v.	omon qolmoq	Always remember to survive diligently every day.	Har kuni g'ayrat bilan omon qolmoqni unutmang.		
sustain	B2	v.	davom ettirmoq, saqlab turmoq	Always remember to sustain diligently every day.	Har kuni g'ayrat bilan davom ettirmoqni unutmang.		
switch	B1	v.	almashtirmoq, o'tkazmoq	Always remember to switch diligently every day.	Har kuni g'ayrat bilan almashtirmoqni unutmang.		
take	A1	v.	olmoq	Always remember to take diligently every day.	Har kuni g'ayrat bilan olmoqni unutmang.		
talk	A1	v.	gaplashmoq	Always remember to talk diligently every day.	Har kuni g'ayrat bilan gaplashmoqni unutmang.		
target	B1	v.	nishonga olmoq, maqsad qilmoq	Always remember to target diligently every day.	Har kuni g'ayrat bilan nishonga olmoqni unutmang.		
teach	A1	v.	o'rgatmoq, ta'lim bermoq	Always remember to teach diligently every day.	Har kuni g'ayrat bilan o'rgatmoqni unutmang.		
test	A1	v.	sinamoq, tekshirmoq	Always remember to test diligently every day.	Har kuni g'ayrat bilan sinamoqni unutmang.		
thank	A1	v.	minnatdorchilik bildirmoq	Always remember to thank diligently every day.	Har kuni g'ayrat bilan minnatdorchilik bildirmoqni unutmang.		
think	A1	v.	o'ylamoq, fikrlamoq	Always remember to think diligently every day.	Har kuni g'ayrat bilan o'ylamoqni unutmang.		
threaten	B2	v.	tahdid solmoq	Always remember to threaten diligently every day.	Har kuni g'ayrat bilan tahdid solmoqni unutmang.		
tolerate	B2	v.	chidadigan bo'lmoq, toqat qilmoq	Always remember to tolerate diligently every day.	Har kuni g'ayrat bilan chidadigan bo'lmoqni unutmang.		
track	B1	v.	kuzatib bormoq	Always remember to track diligently every day.	Har kuni g'ayrat bilan kuzatib bormoqni unutmang.		
train	A1	v.	mashq qilmoq, o'rgatmoq	Always remember to train diligently every day.	Har kuni g'ayrat bilan mashq qilmoqni unutmang.		
transfer	B1	v.	o'tkazmoq, ko'chirmoq	Always remember to transfer diligently every day.	Har kuni g'ayrat bilan o'tkazmoqni unutmang.		
transform	B2	v.	butunlay o'zgartirmoq	Always remember to transform diligently every day.	Har kuni g'ayrat bilan butunlay o'zgartirmoqni unutmang.		
translate	A2	v.	tarjima qilmoq	Always remember to translate diligently every day.	Har kuni g'ayrat bilan tarjima qilmoqni unutmang.		
transmit	B2	v.	uzatmoq, yetkazmoq	Always remember to transmit diligently every day.	Har kuni g'ayrat bilan uzatmoqni unutmang.		
travel	A1	v.	sayohat qilmoq	Always remember to travel diligently every day.	Har kuni g'ayrat bilan sayohat qilmoqni unutmang.		
treat	B1	v.	muomala qilmoq, davolamoq	Always remember to treat diligently every day.	Har kuni g'ayrat bilan muomala qilmoqni unutmang.		
trust	A2	v.	ishonmoq	Always remember to trust diligently every day.	Har kuni g'ayrat bilan ishonmoqni unutmang.		
try	A1	v.	harakat qilmoq, tatib ko'rmoq	Always remember to try diligently every day.	Har kuni g'ayrat bilan harakat qilmoqni unutmang.		
turn	A1	v.	burilmoq, aylanmoq	Always remember to turn diligently every day.	Har kuni g'ayrat bilan burilmoqni unutmang.		
undergo	B2	v.	boshdan kechirmoq	Always remember to undergo diligently every day.	Har kuni g'ayrat bilan boshdan kechirmoqni unutmang.		
understand	A1	v.	tushunmoq	Always remember to understand diligently every day.	Har kuni g'ayrat bilan tushunmoqni unutmang.		
undertake	B2	v.	o'z zimmasiga olmoq	Always remember to undertake diligently every day.	Har kuni g'ayrat bilan o'z zimmasiga olmoqni unutmang.		
unite	B1	v.	birlashmoq	Always remember to unite diligently every day.	Har kuni g'ayrat bilan birlashmoqni unutmang.		
update	A2	v.	yangilamoq	Always remember to update diligently every day.	Har kuni g'ayrat bilan yangilamoqni unutmang.		
upgrade	B1	v.	yaxshilamoq, darajasini oshirmoq	Always remember to upgrade diligently every day.	Har kuni g'ayrat bilan yaxshilamoqni unutmang.		
uphold	B2	v.	himoya qilmoq, qo'llab-quvvatlamoq	Always remember to uphold diligently every day.	Har kuni g'ayrat bilan himoya qilmoqni unutmang.		
urge	B2	v.	undamoq, qistamoq	Always remember to urge diligently every day.	Har kuni g'ayrat bilan undamoqni unutmang.		
use	A1	v.	ishlatmoq, foydalanmoq	Always remember to use diligently every day.	Har kuni g'ayrat bilan ishlatmoqni unutmang.		
utilize	B2	v.	unumli foydalanmoq	Always remember to utilize diligently every day.	Har kuni g'ayrat bilan unumli foydalanmoqni unutmang.		
validate	B2	v.	tasdiqlamoq, to'g'riligini isbotlamoq	Always remember to validate diligently every day.	Har kuni g'ayrat bilan tasdiqlamoqni unutmang.		
value	B1	v.	qadrlamoq	Always remember to value diligently every day.	Har kuni g'ayrat bilan qadrlamoqni unutmang.		
vary	B1	v.	o'zgarib turmoq, farqlanmoq	Always remember to vary diligently every day.	Har kuni g'ayrat bilan o'zgarib turmoqni unutmang.		
verify	B1	v.	tekshirib ko'rmoq	Always remember to verify diligently every day.	Har kuni g'ayrat bilan tekshirib ko'rmoqni unutmang.		
view	A2	v.	qaramoq, ko'rib chiqmoq	Always remember to view diligently every day.	Har kuni g'ayrat bilan qaramoqni unutmang.		
visit	A1	v.	tashrif buyurmoq	Always remember to visit diligently every day.	Har kuni g'ayrat bilan tashrif buyurmoqni unutmang.		
voice	B2	v.	ovoz chiqarib aytmoq	Always remember to voice diligently every day.	Har kuni g'ayrat bilan ovoz chiqarib aytmoqni unutmang.		
volunteer	B1	v.	ko'ngilli bo'lmoq	Always remember to volunteer diligently every day.	Har kuni g'ayrat bilan ko'ngilli bo'lmoqni unutmang.		
vote	A2	v.	ovoz bermoq	Always remember to vote diligently every day.	Har kuni g'ayrat bilan ovoz bermoqni unutmang.		
wait	A1	v.	kutmoq	Always remember to wait diligently every day.	Har kuni g'ayrat bilan kutmoqni unutmang.		
wake	A1	v.	uyg'onmoq	Always remember to wake diligently every day.	Har kuni g'ayrat bilan uyg'onmoqni unutmang.		
walk	A1	v.	piyoda yurmoq	Always remember to walk diligently every day.	Har kuni g'ayrat bilan piyoda yurmoqni unutmang.		
want	A1	v.	xohlamoq, istamoq	Always remember to want diligently every day.	Har kuni g'ayrat bilan xohlamoqni unutmang.		
warn	A2	v.	ogohlantirmoq	Always remember to warn diligently every day.	Har kuni g'ayrat bilan ogohlantirmoqni unutmang.		
wash	A1	v.	yuvmoq	Always remember to wash diligently every day.	Har kuni g'ayrat bilan yuvmoqni unutmang.		
waste	A2	v.	behuda sarflamoq	Always remember to waste diligently every day.	Har kuni g'ayrat bilan behuda sarflamoqni unutmang.		
watch	A1	v.	tomosha qilmoq, kuzatmoq	Always remember to watch diligently every day.	Har kuni g'ayrat bilan tomosha qilmoqni unutmang.		
wear	A1	v.	kiymoq	Always remember to wear diligently every day.	Har kuni g'ayrat bilan kiymoqni unutmang.		
weigh	A2	v.	vaznini o'lchamoq	Always remember to weigh diligently every day.	Har kuni g'ayrat bilan vaznini o'lchamoqni unutmang.		
welcome	A1	v.	qutlamoq, xush ko'rmoq	Always remember to welcome diligently every day.	Har kuni g'ayrat bilan qutlamoqni unutmang.		
win	A1	v.	yutmoq, g'olib bo'lmoq	Always remember to win diligently every day.	Har kuni g'ayrat bilan yutmoqni unutmang.		
wish	A1	v.	istamoq, tilamoq	Always remember to wish diligently every day.	Har kuni g'ayrat bilan istamoqni unutmang.		
withdraw	B2	v.	orqaga tortmoq, pul yechmoq	Always remember to withdraw diligently every day.	Har kuni g'ayrat bilan orqaga tortmoqni unutmang.		
withstand	C1	v.	bardosh bermoq, dosh bermoq	Always remember to withstand diligently every day.	Har kuni g'ayrat bilan bardosh bermoqni unutmang.		
wonder	A2	v.	qiziqmoq, hayron bo'lmoq	Always remember to wonder diligently every day.	Har kuni g'ayrat bilan qiziqmoqni unutmang.		
work	A1	v.	ishlamoq, ish bermoq	Always remember to work diligently every day.	Har kuni g'ayrat bilan ishlamoqni unutmang.		
worry	A2	v.	xavotirlanmoq	Always remember to worry diligently every day.	Har kuni g'ayrat bilan xavotirlanmoqni unutmang.		
write	A1	v.	yozmoq	Always remember to write diligently every day.	Har kuni g'ayrat bilan yozmoqni unutmang.		
yield	B2	v.	hosil bermoq, natija keltirmoq	Always remember to yield diligently every day.	Har kuni g'ayrat bilan hosil bermoqni unutmang.		
book	A1	n.	kitob	Read an inspiring book every week.	Har hafta ilhomlantiruvchi kitob o'qing.		
classroom	A1	n.	sinfxona	The classroom was silent during the exam.	Imtihon paytida sinfxona sokin edi.		
college	A2	n.	kollej, oliygoh	He plans to attend college next year.	U kelgusi yili kollejda o'qishni rejalashtirmoqda.		
course	A1	n.	kurs, saboq	This English course improves speaking rapidly.	Ushbu ingliz tili kursi so'zlashuvni tez yaxshilaydi.		
degree	A2	n.	daraja, ilmiy daraja	She earned her master's degree with honors.	U magistrlik darajasini imtiyozli tamomladi.		
dictionary	A1	n.	lug'at	Consult your dictionary for unfamiliar idioms.	Noma'lum iboralar uchun lug'atingizga qarang.		
education	A2	n.	ta'lim, tarbiya	Education is the key to mental freedom.	Ta'lim — aqliy erkinlikning kalitidir.		
essay	B1	n.	insho, esse	Write a five-paragraph essay on discipline.	Intizom haqida besh xatboshili esse yozing.		
exam	A1	n.	imtihon, sinov	Prepare early for the final semester exam.	Semestr yakuniy imtihoniga ertaroq tayyorlaning.		
exercise	A1	n.	mashq, mashg'ulot	Do the grammar exercise on page twenty.	Yigirmanchi sahifadagi grammatika mashqini bajaring.		
homework	A1	n.	uy vazifasi	Complete your homework immediately after school.	Maktabdan keyin darhol uy vazifangizni tugating.		
knowledge	A2	n.	bilim, ma'rifat	Knowledge brings confidence and humility.	Bilim ishonch va kamtarlik olib keladi.		
language	A1	n.	til	Language mastery requires consistent practice.	Tilni o'rganish doimiy mashqni talab qiladi.		
lesson	A1	n.	dars, saboq	Each mistake carries an invaluable lesson.	Har bir xato bebaho saboq beradi.		
library	A1	n.	kutubxona	The city library is a peaceful place to study.	Shahar kutubxonasi o'qish uchun sokin joy.		
meaning	A1	n.	ma'no, mazmun	Look up the exact meaning of each term.	Har bir atamaning aniq ma'nosini qidiring.		
mistake	A1	n.	xato, kamchilik	Analyze every mistake without self-criticism.	Har bir xatoni o'zingizni koyimasdan tahlil qiling.		
notebook	A1	n.	daftar, qaydnoma	Keep a dedicated notebook for grammar rules.	Grammatika qoidalari uchun alohida daftar tuting.		
paper	A1	n.	qog'oz, maqola	Write your daily goals on a sheet of paper.	Kunlik maqsadlaringizni bir varaq qog'ozga yozing.		
paragraph	A2	n.	xatboshi, abzats	Summarize the paragraph in two sentences.	Xatboshini ikki jumlada xulosa qiling.		
pencil	A1	n.	qalam	Use a pencil to underline key terms.	Asosiy tushunchalarni qalam bilan tagiga chizing.		
practice	A1	n.	amaliyot, mashg'ulot	Daily practice turns effort into instinct.	Kunlik amaliyot harakatni odatga aylantiradi.		
project	A1	n.	loyiha	Finish your coding project on time.	Dasturlash loyihangizni o'z vaqtida yakunlang.		
pupil	A2	n.	o'quvchi, shogird	Every pupil showed immense enthusiasm.	Har bir o'quvchi ulkan ishtiyoq ko'rsatdi.		
question	A1	n.	savol	Never hesitate to ask a sincere question.	Samimiy savol berishdan aslo tortinmang.		
rule	A1	n.	qoida	Memorize the grammatical rule thoroughly.	Grammatik qoidani puxta yod oling.		
school	A1	n.	maktab	Punctuality at school reflects personal integrity.	Maktabga o'z vaqtida borish shaxsiy intizomni ko'rsatadi.		
sentence	A1	n.	gap, jumla	Construct a complete sentence in English.	Ingliz tilida to'liq gap tuzing.		
student	A1	n.	talaba, o'quvchi	A disciplined student will always progress.	Intizomli talaba doimo o'sadi.		
study	A1	n.	o'qish, mutolaa, tadqiqot	Dedicate three hours to focused study.	Diqqatli o'qish uchun uch soat ajrating.		
teacher	A1	n.	o'qituvchi, ustoz	A great teacher inspires curiosity.	Ajoyib o'qituvchi qiziquvchanlikni uyg'otadi.		
test	A1	n.	test, sinov	Score ninety percent on your vocabulary test.	Lug'at testingizda to'qson foiz ball to'plang.		
textbook	A1	n.	darslik	Read unit four in your English textbook.	Ingliz tili darsligingizdagi to'rtinchi bobni o'qing.		
university	A1	n.	universitet, oliygoh	He was admitted to a prestigious university.	U nufuzli universitetga qabul qilindi.		
vocabulary	A2	n.	lug'at boyligi	Expand your vocabulary by ten words today.	Bugun so'z boyligingizni o'nta so'zga kengaytiring.		
word	A1	n.	so'z	Learn the pronunciation of every new word.	Har bir yangi so'zning talaffuzini o'rganing.		
alarm	A1	n.	budilnik	Wake up immediately when the alarm rings.	Budilnik jiringlaganda darhol turing.		
afternoon	A1	n.	peshin, tushdan keyin	Study grammar in the early afternoon.	Tushdan keyin barvaqt grammatikani o'qing.		
calendar	A2	n.	taqvim, kalendar	Mark each milestone on your wall calendar.	Har bir natijani devor taqvimingizda belgilab boring.		
century	A2	n.	asr, yuz yillik	This historical event took place in the last century.	Ushbu tarixiy voqea o'tgan asrda sodir bo'lgan.		
clock	A1	n.	soat (devor yoki stol)	Check the clock to stay on schedule.	Jadvalga mos borish uchun soatga qarab turing.		
dawn	B1	n.	tong, saharlik	Study in silence before dawn arrives.	Tong otishidan oldin sukunatda o'qing.		
day	A1	n.	kun	Make every single day count towards your dreams.	Har bir kuningizni orzularingizga xizmat qildirib o'tkazing.		
decade	B1	n.	o'n yillik	A decade of continuous effort builds mastery.	O'n yillik uzluksiz mehnat mahoratni yaratadi.		
dusk	B2	n.	shom, oqshom	Take a refreshing walk at dusk.	Shom vaqtida tetiklantiruvchi sayr qiling.		
evening	A1	n.	oqshom, kechqurun	Review past vocabulary in the evening.	Kechqurun o'tilgan so'zlarni takrorlang.		
hour	A1	n.	soat (60 daqiqa)	Protect your morning deep-work hour.	Tonggi chuqur mehnat soatingizni asrang.		
midnight	A2	n.	yarim tun	Never stay awake until midnight studying.	O'qish deb yarim tungacha uyg'oq o'tirmang.		
minute	A1	n.	daqiqa	Every minute of focused practice matters.	Har bir daqiqalik diqqatli mashq muhim.		
month	A1	n.	oy	Track your vocabulary gain this month.	Bu oyda qancha so'z o'rganganingizni kuzating.		
morning	A1	n.	tong, ertalab	Morning hours are prime for intellectual work.	Tonggi soatlar aqliy mehnat uchun eng samaralidir.		
night	A1	n.	tun, kecha	Sleep soundly at night to recharge.	Qayta quvvat olish uchun kechasi xotirjam uxlang.		
noon	A2	n.	peshin vaqti	Take a short lunch break around noon.	Peshin payti qisqa tushlik tanaffusi qiling.		
routine	A2	n.	kun tartibi, odatiy tartib	A strict routine eliminates decision fatigue.	Qat'iy kun tartibi ortiqcha ikkilanishlarni yo'qotadi.		
schedule	A2	n.	jadval, reja	Follow your daily schedule without compromise.	Kunlik jadvalingizga og'ishmasdan amal qiling.		
season	A1	n.	fasl, mavsum	Spring is a season of new beginnings.	Bahor — yangi boshlanishlar faslidir.		
second	A1	n.	soniya; ikkinchi	Do not waste a single second on useless apps.	Foydasiz ilovalarda biror soniya ham behuda sarflamang.		
timetable	A2	n.	dars jadvali	Review your school timetable the night before.	Oldingi oqshomda maktab dars jadvalini ko'rib chiqing.		
today	A1	n.	bugun	Today is your chance to build a better future.	Bugun — yanada yaxshi kelajakni qurish imkoningiz.		
tomorrow	A1	n.	ertaga	Tomorrow starts with tonight's preparation.	Ertangi kun bugungi tayyorgarlikdan boshlanadi.		
week	A1	n.	hafta	Reflect on your achievements every week.	Har hafta yutuqlaringiz haqida mushohada qiling.		
weekend	A1	n.	dam olish kunlari	Use the weekend for deep reading and rest.	Dam olish kunlarini chuqur mutolaa va hordiqqa sarflang.		
year	A1	n.	yil	Consistent daily steps yield enormous results in a year.	Bir yilda kunlik doimiy qadamlar ulkan natijalar beradi.		
yesterday	A1	n.	kecha, o'tgan kun	Learn from yesterday and focus on now.	Kechagi kundan saboq oling va hozirgi onga e'tibor qarating.		
ability	A2	n.	qobiliyat	Understanding the concept of ability is essential.	Qobiliyat tushunchasini bilish juda muhimdir.		
accident	A2	n.	tasodif	Understanding the concept of accident is essential.	Tasodif tushunchasini bilish juda muhimdir.		
account	A2	n.	hisob, hisob raqami	Understanding the concept of account is essential.	Hisob tushunchasini bilish juda muhimdir.		
action	A1	n.	harakat	Understanding the concept of action is essential.	Harakat tushunchasini bilish juda muhimdir.		
activity	A1	n.	faoliyat	Understanding the concept of activity is essential.	Faoliyat tushunchasini bilish juda muhimdir.		
actor	A1	n.	aktyor	Understanding the concept of actor is essential.	Aktyor tushunchasini bilish juda muhimdir.		
addition	A2	n.	qo'shimcha	Understanding the concept of addition is essential.	Qo'shimcha tushunchasini bilish juda muhimdir.		
address	A1	n.	manzil	Understanding the concept of address is essential.	Manzil tushunchasini bilish juda muhimdir.		
administration	B2	n.	boshqaruv, ma'muriyat	Understanding the concept of administration is essential.	Boshqaruv tushunchasini bilish juda muhimdir.		
adult	A1	n.	katta yoshli odam	Understanding the concept of adult is essential.	Katta yoshli odam tushunchasini bilish juda muhimdir.		
advantage	A2	n.	afzallik	Understanding the concept of advantage is essential.	Afzallik tushunchasini bilish juda muhimdir.		
adventure	A2	n.	sarguzasht	Understanding the concept of adventure is essential.	Sarguzasht tushunchasini bilish juda muhimdir.		
advice	A1	n.	maslahat	Understanding the concept of advice is essential.	Maslahat tushunchasini bilish juda muhimdir.		
affair	B2	n.	ish, masala	Understanding the concept of affair is essential.	Ish tushunchasini bilish juda muhimdir.		
age	A1	n.	yosh	Understanding the concept of age is essential.	Yosh tushunchasini bilish juda muhimdir.		
agency	B1	n.	agentlik	Understanding the concept of agency is essential.	Agentlik tushunchasini bilish juda muhimdir.		
agent	B1	n.	vakil, agent	Understanding the concept of agent is essential.	Vakil tushunchasini bilish juda muhimdir.		
agreement	A2	n.	kelishuv	Understanding the concept of agreement is essential.	Kelishuv tushunchasini bilish juda muhimdir.		
air	A1	n.	havo	Understanding the concept of air is essential.	Havo tushunchasini bilish juda muhimdir.		
airport	A1	n.	aeroport	Understanding the concept of airport is essential.	Aeroport tushunchasini bilish juda muhimdir.		
album	A2	n.	albom	Understanding the concept of album is essential.	Albom tushunchasini bilish juda muhimdir.		
alcohol	B1	n.	spirtli ichimlik	Understanding the concept of alcohol is essential.	Spirtli ichimlik tushunchasini bilish juda muhimdir.		
ambition	B1	n.	orzu-havas, intilish	Understanding the concept of ambition is essential.	Orzu-havas tushunchasini bilish juda muhimdir.		
amount	A2	n.	miqdor	Understanding the concept of amount is essential.	Miqdor tushunchasini bilish juda muhimdir.		
analysis	B1	n.	tahlil	Understanding the concept of analysis is essential.	Tahlil tushunchasini bilish juda muhimdir.		
analyst	B2	n.	tahlilchi	Understanding the concept of analyst is essential.	Tahlilchi tushunchasini bilish juda muhimdir.		
ancestor	B2	n.	ajdod	Understanding the concept of ancestor is essential.	Ajdod tushunchasini bilish juda muhimdir.		
anger	A2	n.	g'azab, jahl	Understanding the concept of anger is essential.	G'azab tushunchasini bilish juda muhimdir.		
animal	A1	n.	hayvon	Understanding the concept of animal is essential.	Hayvon tushunchasini bilish juda muhimdir.		
announcement	B1	n.	e'lon	Understanding the concept of announcement is essential.	E'lon tushunchasini bilish juda muhimdir.		
answer	A1	n.	javob	Understanding the concept of answer is essential.	Javob tushunchasini bilish juda muhimdir.		
anxiety	B2	n.	xavotir, tashvish	Understanding the concept of anxiety is essential.	Xavotir tushunchasini bilish juda muhimdir.		
apartment	A1	n.	kvartira	Understanding the concept of apartment is essential.	Kvartira tushunchasini bilish juda muhimdir.		
appeal	B2	n.	murojaat, joziba	Understanding the concept of appeal is essential.	Murojaat tushunchasini bilish juda muhimdir.		
appearance	A2	n.	tashqi ko'rinish	Understanding the concept of appearance is essential.	Tashqi ko'rinish tushunchasini bilish juda muhimdir.		
apple	A1	n.	olma	Understanding the concept of apple is essential.	Olma tushunchasini bilish juda muhimdir.		
application	A2	n.	ariza, ilova	Understanding the concept of application is essential.	Ariza tushunchasini bilish juda muhimdir.		
appointment	A2	n.	uchrashuv, tayinlov	Understanding the concept of appointment is essential.	Uchrashuv tushunchasini bilish juda muhimdir.		
approach	B1	n.	yondashuv	Understanding the concept of approach is essential.	Yondashuv tushunchasini bilish juda muhimdir.		
approval	B1	n.	ma'qullash	Understanding the concept of approval is essential.	Ma'qullash tushunchasini bilish juda muhimdir.		
area	A1	n.	maydon, soha	Understanding the concept of area is essential.	Maydon tushunchasini bilish juda muhimdir.		
argument	A2	n.	bahs, dalil	Understanding the concept of argument is essential.	Bahs tushunchasini bilish juda muhimdir.		
arm	A1	n.	qo'l (yelkadan bilakkacha)	Understanding the concept of arm is essential.	Qo'l (yelkadan bilakkacha) tushunchasini bilish juda muhimdir.		
army	A2	n.	armiya	Understanding the concept of army is essential.	Armiya tushunchasini bilish juda muhimdir.		
arrangement	A2	n.	kelishuv, tartib	Understanding the concept of arrangement is essential.	Kelishuv tushunchasini bilish juda muhimdir.		
arrival	A2	n.	yetib kelish	Understanding the concept of arrival is essential.	Yetib kelish tushunchasini bilish juda muhimdir.		
art	A1	n.	san'at	Understanding the concept of art is essential.	San'at tushunchasini bilish juda muhimdir.		
article	A1	n.	maqola	Understanding the concept of article is essential.	Maqola tushunchasini bilish juda muhimdir.		
artist	A1	n.	rassom, san'atkor	Understanding the concept of artist is essential.	Rassom tushunchasini bilish juda muhimdir.		
aspect	B1	n.	jihat	Understanding the concept of aspect is essential.	Jihat tushunchasini bilish juda muhimdir.		
assessment	B2	n.	baholash	Understanding the concept of assessment is essential.	Baholash tushunchasini bilish juda muhimdir.		
asset	B2	n.	boylik, qimmatli aktiv	Understanding the concept of asset is essential.	Boylik tushunchasini bilish juda muhimdir.		
assistance	B1	n.	yordam	Understanding the concept of assistance is essential.	Yordam tushunchasini bilish juda muhimdir.		
assistant	A2	n.	yordamchi	Understanding the concept of assistant is essential.	Yordamchi tushunchasini bilish juda muhimdir.		
association	B2	n.	uyushma, assotsiatsiya	Understanding the concept of association is essential.	Uyushma tushunchasini bilish juda muhimdir.		
assumption	B2	n.	taxmin, faraz	Understanding the concept of assumption is essential.	Taxmin tushunchasini bilish juda muhimdir.		
atmosphere	B1	n.	muhit, atmosfera	Understanding the concept of atmosphere is essential.	Muhit tushunchasini bilish juda muhimdir.		
attempt	A2	n.	urinish	Understanding the concept of attempt is essential.	Urinish tushunchasini bilish juda muhimdir.		
attention	A2	n.	diqqat	Understanding the concept of attention is essential.	Diqqat tushunchasini bilish juda muhimdir.		
attitude	B1	n.	munosabat	Understanding the concept of attitude is essential.	Munosabat tushunchasini bilish juda muhimdir.		
attorney	B2	n.	advokat, huquqshunos	Understanding the concept of attorney is essential.	Advokat tushunchasini bilish juda muhimdir.		
attraction	A2	n.	jalb qiluvchi joy	Understanding the concept of attraction is essential.	Jalb qiluvchi joy tushunchasini bilish juda muhimdir.		
audience	A2	n.	tinglovchilar, auditoriya	Understanding the concept of audience is essential.	Tinglovchilar tushunchasini bilish juda muhimdir.		
author	A2	n.	muallif	Understanding the concept of author is essential.	Muallif tushunchasini bilish juda muhimdir.		
authority	B1	n.	vakolat, hokimiyat	Understanding the concept of authority is essential.	Vakolat tushunchasini bilish juda muhimdir.		
autumn	A1	n.	kuz	Understanding the concept of autumn is essential.	Kuz tushunchasini bilish juda muhimdir.		
awareness	B2	n.	xabardorlik, ong	Understanding the concept of awareness is essential.	Xabardorlik tushunchasini bilish juda muhimdir.		
baby	A1	n.	chaqaloq	Understanding the concept of baby is essential.	Chaqaloq tushunchasini bilish juda muhimdir.		
back	A1	n.	orqa, bel	Understanding the concept of back is essential.	Orqa tushunchasini bilish juda muhimdir.		
background	A2	n.	orqa fon, o'tmish	Understanding the concept of background is essential.	Orqa fon tushunchasini bilish juda muhimdir.		
bag	A1	n.	sumka	Understanding the concept of bag is essential.	Sumka tushunchasini bilish juda muhimdir.		
baker	A2	n.	novvoy	Understanding the concept of baker is essential.	Novvoy tushunchasini bilish juda muhimdir.		
balance	B1	n.	muvozanat	Understanding the concept of balance is essential.	Muvozanat tushunchasini bilish juda muhimdir.		
ball	A1	n.	to'p	Understanding the concept of ball is essential.	To'p tushunchasini bilish juda muhimdir.		
band	A1	n.	guruh, tasma	Understanding the concept of band is essential.	Guruh tushunchasini bilish juda muhimdir.		
bank	A1	n.	bank; daryo qirg'og'i	Understanding the concept of bank is essential.	Bank; daryo qirg'og'i tushunchasini bilish juda muhimdir.		
bar	A2	n.	bar; bo'lak	Understanding the concept of bar is essential.	Bar; bo'lak tushunchasini bilish juda muhimdir.		
barrier	B2	n.	to'siq, g'ov	Understanding the concept of barrier is essential.	To'siq tushunchasini bilish juda muhimdir.		
base	A2	n.	asos, baza	Understanding the concept of base is essential.	Asos tushunchasini bilish juda muhimdir.		
basis	B1	n.	asos	Understanding the concept of basis is essential.	Asos tushunchasini bilish juda muhimdir.		
basket	A2	n.	savat	Understanding the concept of basket is essential.	Savat tushunchasini bilish juda muhimdir.		
bath	A1	n.	vanna, cho'milish	Understanding the concept of bath is essential.	Vanna tushunchasini bilish juda muhimdir.		
bathroom	A1	n.	hammom	Understanding the concept of bathroom is essential.	Hammom tushunchasini bilish juda muhimdir.		
battery	A2	n.	batareya	Understanding the concept of battery is essential.	Batareya tushunchasini bilish juda muhimdir.		
battle	B1	n.	jang, kurash	Understanding the concept of battle is essential.	Jang tushunchasini bilish juda muhimdir.		
beach	A1	n.	sohil, plyaj	Understanding the concept of beach is essential.	Sohil tushunchasini bilish juda muhimdir.		
beauty	A2	n.	go'zallik	Understanding the concept of beauty is essential.	Go'zallik tushunchasini bilish juda muhimdir.		
bed	A1	n.	karavot, o'rin	Understanding the concept of bed is essential.	Karavot tushunchasini bilish juda muhimdir.		
bedroom	A1	n.	yotoqxona	Understanding the concept of bedroom is essential.	Yotoqxona tushunchasini bilish juda muhimdir.		
beef	A2	n.	mol go'shti	Understanding the concept of beef is essential.	Mol go'shti tushunchasini bilish juda muhimdir.		
beer	A2	n.	pivo	Understanding the concept of beer is essential.	Pivo tushunchasini bilish juda muhimdir.		
beginning	A1	n.	boshlanish	Understanding the concept of beginning is essential.	Boshlanish tushunchasini bilish juda muhimdir.		
behavior	A2	n.	xulq-atvor	Understanding the concept of behavior is essential.	Xulq-atvor tushunchasini bilish juda muhimdir.		
belief	B1	n.	e'tiqod, ishonch	Understanding the concept of belief is essential.	E'tiqod tushunchasini bilish juda muhimdir.		
bell	A2	n.	qo'ng'iroq	Understanding the concept of bell is essential.	Qo'ng'iroq tushunchasini bilish juda muhimdir.		
belt	A2	n.	kamar	Understanding the concept of belt is essential.	Kamar tushunchasini bilish juda muhimdir.		
benefit	A2	n.	foyda	Understanding the concept of benefit is essential.	Foyda tushunchasini bilish juda muhimdir.		
bicycle	A1	n.	velosiped	Understanding the concept of bicycle is essential.	Velosiped tushunchasini bilish juda muhimdir.		
bill	A1	n.	hisob-kitob qog'ozi	Understanding the concept of bill is essential.	Hisob-kitob qog'ozi tushunchasini bilish juda muhimdir.		
bird	A1	n.	qush	Understanding the concept of bird is essential.	Qush tushunchasini bilish juda muhimdir.		
birth	A2	n.	tug'ilish	Understanding the concept of birth is essential.	Tug'ilish tushunchasini bilish juda muhimdir.		
birthday	A1	n.	tug'ilgan kun	Understanding the concept of birthday is essential.	Tug'ilgan kun tushunchasini bilish juda muhimdir.		
biscuit	A2	n.	pechenye	Understanding the concept of biscuit is essential.	Pechenye tushunchasini bilish juda muhimdir.		
blade	B2	n.	tig', pichoq dami	Understanding the concept of blade is essential.	Tig' tushunchasini bilish juda muhimdir.		
blanket	A2	n.	ko'rpa, adyol	Understanding the concept of blanket is essential.	Ko'rpa tushunchasini bilish juda muhimdir.		
block	A2	n.	blok, daha	Understanding the concept of block is essential.	Blok tushunchasini bilish juda muhimdir.		
blood	A2	n.	qon	Understanding the concept of blood is essential.	Qon tushunchasini bilish juda muhimdir.		
blouse	A2	n.	bluzka	Understanding the concept of blouse is essential.	Bluzka tushunchasini bilish juda muhimdir.		
board	A1	n.	doska; kengash	Understanding the concept of board is essential.	Doska; kengash tushunchasini bilish juda muhimdir.		
boat	A1	n.	qayiq	Understanding the concept of boat is essential.	Qayiq tushunchasini bilish juda muhimdir.		
body	A1	n.	tana, gavda	Understanding the concept of body is essential.	Tana tushunchasini bilish juda muhimdir.		
bone	A2	n.	suyak	Understanding the concept of bone is essential.	Suyak tushunchasini bilish juda muhimdir.		
boot	A2	n.	etik, botinka	Understanding the concept of boot is essential.	Etik tushunchasini bilish juda muhimdir.		
border	B1	n.	chegara	Understanding the concept of border is essential.	Chegara tushunchasini bilish juda muhimdir.		
boss	A2	n.	boshliq	Understanding the concept of boss is essential.	Boshliq tushunchasini bilish juda muhimdir.		
bottle	A1	n.	shisha idish	Understanding the concept of bottle is essential.	Shisha idish tushunchasini bilish juda muhimdir.		
bottom	A1	n.	tubi, pasti	Understanding the concept of bottom is essential.	Tubi tushunchasini bilish juda muhimdir.		
bowl	A2	n.	kosa	Understanding the concept of bowl is essential.	Kosa tushunchasini bilish juda muhimdir.		
box	A1	n.	quti	Understanding the concept of box is essential.	Quti tushunchasini bilish juda muhimdir.		
boy	A1	n.	o'g'il bola	Understanding the concept of boy is essential.	O'g'il bola tushunchasini bilish juda muhimdir.		
brain	A2	n.	miya, aql	Understanding the concept of brain is essential.	Miya tushunchasini bilish juda muhimdir.		
branch	B1	n.	shox; filial	Understanding the concept of branch is essential.	Shox; filial tushunchasini bilish juda muhimdir.		
bread	A1	n.	non	Understanding the concept of bread is essential.	Non tushunchasini bilish juda muhimdir.		
break	A1	n.	tanaffus	Understanding the concept of break is essential.	Tanaffus tushunchasini bilish juda muhimdir.		
breakfast	A1	n.	nonushta	Understanding the concept of breakfast is essential.	Nonushta tushunchasini bilish juda muhimdir.		
breath	A2	n.	nafas	Understanding the concept of breath is essential.	Nafas tushunchasini bilish juda muhimdir.		
brick	B1	n.	g'isht	Understanding the concept of brick is essential.	G'isht tushunchasini bilish juda muhimdir.		
bridge	A2	n.	ko'prik	Understanding the concept of bridge is essential.	Ko'prik tushunchasini bilish juda muhimdir.		
brother	A1	n.	aka, uka	Understanding the concept of brother is essential.	Aka tushunchasini bilish juda muhimdir.		
budget	B1	n.	byudjet, mablag'	Understanding the concept of budget is essential.	Byudjet tushunchasini bilish juda muhimdir.		
building	A1	n.	bino, imorat	Understanding the concept of building is essential.	Bino tushunchasini bilish juda muhimdir.		
bus	A1	n.	avtobus	Understanding the concept of bus is essential.	Avtobus tushunchasini bilish juda muhimdir.		
business	A1	n.	biznes, ish	Understanding the concept of business is essential.	Biznes tushunchasini bilish juda muhimdir.		
businessman	A2	n.	tadbirkor	Understanding the concept of businessman is essential.	Tadbirkor tushunchasini bilish juda muhimdir.		
butter	A1	n.	sariyog'	Understanding the concept of butter is essential.	Sariyog' tushunchasini bilish juda muhimdir.		
button	A2	n.	tugma	Understanding the concept of button is essential.	Tugma tushunchasini bilish juda muhimdir.		
buyer	B1	n.	xaridor	Understanding the concept of buyer is essential.	Xaridor tushunchasini bilish juda muhimdir.		
cabinet	B1	n.	javon; vazirlar mahkamasi	Understanding the concept of cabinet is essential.	Javon; vazirlar mahkamasi tushunchasini bilish juda muhimdir.		
cable	B1	n.	kabel, sim	Understanding the concept of cable is essential.	Kabel tushunchasini bilish juda muhimdir.		
cake	A1	n.	tort, pirojnoe	Understanding the concept of cake is essential.	Tort tushunchasini bilish juda muhimdir.		
camera	A1	n.	kamera, fotoapparat	Understanding the concept of camera is essential.	Kamera tushunchasini bilish juda muhimdir.		
campaign	B1	n.	kampaniya, harakat	Understanding the concept of campaign is essential.	Kampaniya tushunchasini bilish juda muhimdir.		
camp	A2	n.	oromgoh	Understanding the concept of camp is essential.	Oromgoh tushunchasini bilish juda muhimdir.		
cancer	B2	n.	saraton kasalligi	Understanding the concept of cancer is essential.	Saraton kasalligi tushunchasini bilish juda muhimdir.		
candidate	B1	n.	nomzod	Understanding the concept of candidate is essential.	Nomzod tushunchasini bilish juda muhimdir.		
candle	A2	n.	sham	Understanding the concept of candle is essential.	Sham tushunchasini bilish juda muhimdir.		
capital	A1	n.	poytaxt; sarmoya	Understanding the concept of capital is essential.	Poytaxt; sarmoya tushunchasini bilish juda muhimdir.		
captain	A2	n.	kapitan, sardor	Understanding the concept of captain is essential.	Kapitan tushunchasini bilish juda muhimdir.		
car	A1	n.	mashina, avtomobil	Understanding the concept of car is essential.	Mashina tushunchasini bilish juda muhimdir.		
card	A1	n.	karta, kartochka	Understanding the concept of card is essential.	Karta tushunchasini bilish juda muhimdir.		
care	A2	n.	g'amxo'rlik, parvarish	Understanding the concept of care is essential.	G'amxo'rlik tushunchasini bilish juda muhimdir.		
career	A2	n.	kasbiy martaba	Understanding the concept of career is essential.	Kasbiy martaba tushunchasini bilish juda muhimdir.		
carpet	A2	n.	gilam	Understanding the concept of carpet is essential.	Gilam tushunchasini bilish juda muhimdir.		
carrot	A1	n.	sabzi	Understanding the concept of carrot is essential.	Sabzi tushunchasini bilish juda muhimdir.		
case	A2	n.	holat, quti, ish	Understanding the concept of case is essential.	Holat tushunchasini bilish juda muhimdir.		
cash	A2	n.	naqd pul	Understanding the concept of cash is essential.	Naqd pul tushunchasini bilish juda muhimdir.		
castle	A2	n.	qasr, qal'a	Understanding the concept of castle is essential.	Qasr tushunchasini bilish juda muhimdir.		
cat	A1	n.	mushuk	Understanding the concept of cat is essential.	Mushuk tushunchasini bilish juda muhimdir.		
category	B1	n.	toifa, to'garak	Understanding the concept of category is essential.	Toifa tushunchasini bilish juda muhimdir.		
cause	A2	n.	sabab	Understanding the concept of cause is essential.	Sabab tushunchasini bilish juda muhimdir.		
ceiling	A2	n.	shift, patalok	Understanding the concept of ceiling is essential.	Shift tushunchasini bilish juda muhimdir.		
celebration	A2	n.	bayram, tantana	Understanding the concept of celebration is essential.	Bayram tushunchasini bilish juda muhimdir.		
cell	B1	n.	hujayra; kamera	Understanding the concept of cell is essential.	Hujayra; kamera tushunchasini bilish juda muhimdir.		
center	A1	n.	markaz	Understanding the concept of center is essential.	Markaz tushunchasini bilish juda muhimdir.		
ceremony	B1	n.	marosim	Understanding the concept of ceremony is essential.	Marosim tushunchasini bilish juda muhimdir.		
chain	B1	n.	zanjir, tarmoq	Understanding the concept of chain is essential.	Zanjir tushunchasini bilish juda muhimdir.		
chair	A1	n.	stul, o'rindiq	Understanding the concept of chair is essential.	Stul tushunchasini bilish juda muhimdir.		
chairman	B2	n.	rais	Understanding the concept of chairman is essential.	Rais tushunchasini bilish juda muhimdir.		
challenge	B1	n.	qiyinchilik, sinov	Understanding the concept of challenge is essential.	Qiyinchilik tushunchasini bilish juda muhimdir.		
champion	A2	n.	chempion	Understanding the concept of champion is essential.	Chempion tushunchasini bilish juda muhimdir.		
chance	A2	n.	imkoniyat, fursat	Understanding the concept of chance is essential.	Imkoniyat tushunchasini bilish juda muhimdir.		
change	A1	n.	o'zgarish, mayda pul	Understanding the concept of change is essential.	O'zgarish tushunchasini bilish juda muhimdir.		
channel	B1	n.	kanal	Understanding the concept of channel is essential.	Kanal tushunchasini bilish juda muhimdir.		
chapter	B1	n.	bob	Understanding the concept of chapter is essential.	Bob tushunchasini bilish juda muhimdir.		
character	A2	n.	xarakter, qahramon	Understanding the concept of character is essential.	Xarakter tushunchasini bilish juda muhimdir.		
charge	B1	n.	haq; ayblov	Understanding the concept of charge is essential.	Haq; ayblov tushunchasini bilish juda muhimdir.		
charity	B1	n.	xayriya	Understanding the concept of charity is essential.	Xayriya tushunchasini bilish juda muhimdir.		
chart	A2	n.	jadval, diagramma	Understanding the concept of chart is essential.	Jadval tushunchasini bilish juda muhimdir.		
check	A1	n.	tekshiruv, chek	Understanding the concept of check is essential.	Tekshiruv tushunchasini bilish juda muhimdir.		
cheese	A1	n.	pishloq	Understanding the concept of cheese is essential.	Pishloq tushunchasini bilish juda muhimdir.		
chemist	A2	n.	kimyogar; dorixonachi	Understanding the concept of chemist is essential.	Kimyogar; dorixonachi tushunchasini bilish juda muhimdir.		
chemistry	B1	n.	kimyo fani	Understanding the concept of chemistry is essential.	Kimyo fani tushunchasini bilish juda muhimdir.		
chest	B1	n.	ko'krak qafasi; sandiq	Understanding the concept of chest is essential.	Ko'krak qafasi; sandiq tushunchasini bilish juda muhimdir.		
chicken	A1	n.	tovuq	Understanding the concept of chicken is essential.	Tovuq tushunchasini bilish juda muhimdir.		
child	A1	n.	bola	Understanding the concept of child is essential.	Bola tushunchasini bilish juda muhimdir.		
childhood	B1	n.	bolalik	Understanding the concept of childhood is essential.	Bolalik tushunchasini bilish juda muhimdir.		
chocolate	A1	n.	shokolad	Understanding the concept of chocolate is essential.	Shokolad tushunchasini bilish juda muhimdir.		
choice	A2	n.	tanlov	Understanding the concept of choice is essential.	Tanlov tushunchasini bilish juda muhimdir.		
church	A1	n.	cherkov	Understanding the concept of church is essential.	Cherkov tushunchasini bilish juda muhimdir.		
cinema	A1	n.	kinoteatr	Understanding the concept of cinema is essential.	Kinoteatr tushunchasini bilish juda muhimdir.		
circle	A2	n.	doira, to'garak	Understanding the concept of circle is essential.	Doira tushunchasini bilish juda muhimdir.		
circumstance	B2	n.	sharoit, vaziyat	Understanding the concept of circumstance is essential.	Sharoit tushunchasini bilish juda muhimdir.		
citizen	B1	n.	fuqaro	Understanding the concept of citizen is essential.	Fuqaro tushunchasini bilish juda muhimdir.		
city	A1	n.	shahar	Understanding the concept of city is essential.	Shahar tushunchasini bilish juda muhimdir.		
claim	B1	n.	da'vo, talab	Understanding the concept of claim is essential.	Da'vo tushunchasini bilish juda muhimdir.		
climate	A2	n.	iqlim	Understanding the concept of climate is essential.	Iqlim tushunchasini bilish juda muhimdir.		
climb	A2	n.	ko'tarilish	Understanding the concept of climb is essential.	Ko'tarilish tushunchasini bilish juda muhimdir.		
clinic	A2	n.	klinika, shifoxona	Understanding the concept of clinic is essential.	Klinika tushunchasini bilish juda muhimdir.		
clothes	A1	n.	kiyim-kechak	Understanding the concept of clothes is essential.	Kiyim-kechak tushunchasini bilish juda muhimdir.		
cloud	A1	n.	bulut	Understanding the concept of cloud is essential.	Bulut tushunchasini bilish juda muhimdir.		
club	A1	n.	klub, to'garak	Understanding the concept of club is essential.	Klub tushunchasini bilish juda muhimdir.		
coach	A2	n.	murabbiy	Understanding the concept of coach is essential.	Murabbiy tushunchasini bilish juda muhimdir.		
coal	B1	n.	ko'mir	Understanding the concept of coal is essential.	Ko'mir tushunchasini bilish juda muhimdir.		
coast	A2	n.	sohil, dengiz bo'yi	Understanding the concept of coast is essential.	Sohil tushunchasini bilish juda muhimdir.		
coat	A1	n.	palto	Understanding the concept of coat is essential.	Palto tushunchasini bilish juda muhimdir.		
coffee	A1	n.	qahva	Understanding the concept of coffee is essential.	Qahva tushunchasini bilish juda muhimdir.		
coin	A2	n.	tanga	Understanding the concept of coin is essential.	Tanga tushunchasini bilish juda muhimdir.		
cold	A1	n.	shamollash; sovuq	Understanding the concept of cold is essential.	Shamollash; sovuq tushunchasini bilish juda muhimdir.		
colleague	A2	n.	hamkasb	Understanding the concept of colleague is essential.	Hamkasb tushunchasini bilish juda muhimdir.		
collection	A2	n.	to'plam	Understanding the concept of collection is essential.	To'plam tushunchasini bilish juda muhimdir.		
color	A1	n.	rang	Understanding the concept of color is essential.	Rang tushunchasini bilish juda muhimdir.		
combination	B1	n.	uyg'unlik, kombinatsiya	Understanding the concept of combination is essential.	Uyg'unlik tushunchasini bilish juda muhimdir.		
comfort	B1	n.	qulaylik, tasalli	Understanding the concept of comfort is essential.	Qulaylik tushunchasini bilish juda muhimdir.		
command	B1	n.	buyruq, boshqaruv	Understanding the concept of command is essential.	Buyruq tushunchasini bilish juda muhimdir.		
comment	A2	n.	izoh, fikr	Understanding the concept of comment is essential.	Izoh tushunchasini bilish juda muhimdir.		
commerce	B2	n.	tijorat, savdo	Understanding the concept of commerce is essential.	Tijorat tushunchasini bilish juda muhimdir.		
commission	B2	n.	komissiya, haq	Understanding the concept of commission is essential.	Komissiya tushunchasini bilish juda muhimdir.		
commitment	B2	n.	sadoqat, mas'uliyat	Understanding the concept of commitment is essential.	Sadoqat tushunchasini bilish juda muhimdir.		
committee	B1	n.	qo'mita	Understanding the concept of committee is essential.	Qo'mita tushunchasini bilish juda muhimdir.		
communication	A2	n.	muloqot	Understanding the concept of communication is essential.	Muloqot tushunchasini bilish juda muhimdir.		
community	A2	n.	jamoa, jamiyat	Understanding the concept of community is essential.	Jamoa tushunchasini bilish juda muhimdir.		
company	A1	n.	kompaniya; hamrohlik	Understanding the concept of company is essential.	Kompaniya; hamrohlik tushunchasini bilish juda muhimdir.		
comparison	B1	n.	taqqoslash	Understanding the concept of comparison is essential.	Taqqoslash tushunchasini bilish juda muhimdir.		
competition	A2	n.	musobaqa, raqobat	Understanding the concept of competition is essential.	Musobaqa tushunchasini bilish juda muhimdir.		
complaint	B1	n.	shikoyat	Understanding the concept of complaint is essential.	Shikoyat tushunchasini bilish juda muhimdir.		
component	B2	n.	tarkibiy qism	Understanding the concept of component is essential.	Tarkibiy qism tushunchasini bilish juda muhimdir.		
composer	B1	n.	bastakor	Understanding the concept of composer is essential.	Bastakor tushunchasini bilish juda muhimdir.		
computer	A1	n.	kompyuter	Understanding the concept of computer is essential.	Kompyuter tushunchasini bilish juda muhimdir.		
concentration	B1	n.	diqqatni jamlash	Understanding the concept of concentration is essential.	Diqqatni jamlash tushunchasini bilish juda muhimdir.		
concept	B1	n.	tushuncha	Understanding the concept of concept is essential.	Tushuncha tushunchasini bilish juda muhimdir.		
concern	B1	n.	tashvish, xavotir	Understanding the concept of concern is essential.	Tashvish tushunchasini bilish juda muhimdir.		
concert	A1	n.	konsert	Understanding the concept of concert is essential.	Konsert tushunchasini bilish juda muhimdir.		
conclusion	B1	n.	xulosa	Understanding the concept of conclusion is essential.	Xulosa tushunchasini bilish juda muhimdir.		
condition	A2	n.	shart, ahvol	Understanding the concept of condition is essential.	Shart tushunchasini bilish juda muhimdir.		
conference	A2	n.	anjuman, konferensiya	Understanding the concept of conference is essential.	Anjuman tushunchasini bilish juda muhimdir.		
confidence	B1	n.	ishonch	Understanding the concept of confidence is essential.	Ishonch tushunchasini bilish juda muhimdir.		
conflict	B1	n.	nizo, to'qnashuv	Understanding the concept of conflict is essential.	Nizo tushunchasini bilish juda muhimdir.		
confusion	B1	n.	chalkashlik	Understanding the concept of confusion is essential.	Chalkashlik tushunchasini bilish juda muhimdir.		
connection	A2	n.	aloqa, bog'liqlik	Understanding the concept of connection is essential.	Aloqa tushunchasini bilish juda muhimdir.		
consequence	B1	n.	oqibat	Understanding the concept of consequence is essential.	Oqibat tushunchasini bilish juda muhimdir.		
conservation	B2	n.	muhofaza qilish	Understanding the concept of conservation is essential.	Muhofaza qilish tushunchasini bilish juda muhimdir.		
consideration	B2	n.	e'tibor, mulohaza	Understanding the concept of consideration is essential.	E'tibor tushunchasini bilish juda muhimdir.		
construction	B1	n.	qurilish	Understanding the concept of construction is essential.	Qurilish tushunchasini bilish juda muhimdir.		
consumer	B1	n.	iste'molchi	Understanding the concept of consumer is essential.	Iste'molchi tushunchasini bilish juda muhimdir.		
contact	A2	n.	aloqa, kontakt	Understanding the concept of contact is essential.	Aloqa tushunchasini bilish juda muhimdir.		
container	B1	n.	idish, konteyner	Understanding the concept of container is essential.	Idish tushunchasini bilish juda muhimdir.		
content	B1	n.	mundarija, mazmun	Understanding the concept of content is essential.	Mundarija tushunchasini bilish juda muhimdir.		
contest	B1	n.	tanlov, musobaqa	Understanding the concept of contest is essential.	Tanlov tushunchasini bilish juda muhimdir.		
context	A2	n.	matn mazmuni, kontekst	Understanding the concept of context is essential.	Matn mazmuni tushunchasini bilish juda muhimdir.		
continent	A2	n.	qit'a	Understanding the concept of continent is essential.	Qit'a tushunchasini bilish juda muhimdir.		
contract	B1	n.	shartnoma	Understanding the concept of contract is essential.	Shartnoma tushunchasini bilish juda muhimdir.		
contrast	B1	n.	qarama-qarshilik	Understanding the concept of contrast is essential.	Qarama-qarshilik tushunchasini bilish juda muhimdir.		
contribution	B1	n.	hissa	Understanding the concept of contribution is essential.	Hissa tushunchasini bilish juda muhimdir.		
control	A2	n.	nazorat	Understanding the concept of control is essential.	Nazorat tushunchasini bilish juda muhimdir.		
convenience	B2	n.	qulaylik	Understanding the concept of convenience is essential.	Qulaylik tushunchasini bilish juda muhimdir.		
conversation	A1	n.	suhbat	Understanding the concept of conversation is essential.	Suhbat tushunchasini bilish juda muhimdir.		
cook	A1	n.	oshpaz	Understanding the concept of cook is essential.	Oshpaz tushunchasini bilish juda muhimdir.		
cookie	A2	n.	pechenye	Understanding the concept of cookie is essential.	Pechenye tushunchasini bilish juda muhimdir.		
corner	A1	n.	burchak	Understanding the concept of corner is essential.	Burchak tushunchasini bilish juda muhimdir.		
corporation	B2	n.	korporatsiya	Understanding the concept of corporation is essential.	Korporatsiya tushunchasini bilish juda muhimdir.		
cost	A1	n.	narx, xarajat	Understanding the concept of cost is essential.	Narx tushunchasini bilish juda muhimdir.		
cottage	B1	n.	qishloq uyi	Understanding the concept of cottage is essential.	Qishloq uyi tushunchasini bilish juda muhimdir.		
cotton	A2	n.	paxta	Understanding the concept of cotton is essential.	Paxta tushunchasini bilish juda muhimdir.		
council	B2	n.	kengash	Understanding the concept of council is essential.	Kengash tushunchasini bilish juda muhimdir.		
country	A1	n.	mamlakat, qishloq	Understanding the concept of country is essential.	Mamlakat tushunchasini bilish juda muhimdir.		
countryside	A2	n.	qishloq joy	Understanding the concept of countryside is essential.	Qishloq joy tushunchasini bilish juda muhimdir.		
couple	A2	n.	juftlik	Understanding the concept of couple is essential.	Juftlik tushunchasini bilish juda muhimdir.		
courage	B1	n.	jasorat	Understanding the concept of courage is essential.	Jasorat tushunchasini bilish juda muhimdir.		
court	A2	n.	sud; kort	Understanding the concept of court is essential.	Sud; kort tushunchasini bilish juda muhimdir.		
cousin	A1	n.	amakivachcha, xolavachcha	Understanding the concept of cousin is essential.	Amakivachcha tushunchasini bilish juda muhimdir.		
cover	A2	n.	muqova, qopqoq	Understanding the concept of cover is essential.	Muqova tushunchasini bilish juda muhimdir.		
cow	A1	n.	sigir	Understanding the concept of cow is essential.	Sigir tushunchasini bilish juda muhimdir.		
crash	A2	n.	halokat	Understanding the concept of crash is essential.	Halokat tushunchasini bilish juda muhimdir.		
cream	A1	n.	qaymoq, krem	Understanding the concept of cream is essential.	Qaymoq tushunchasini bilish juda muhimdir.		
creativity	B1	n.	ijodkorlik	Understanding the concept of creativity is essential.	Ijodkorlik tushunchasini bilish juda muhimdir.		
creator	B1	n.	yaratuvchi, ijodkor	Understanding the concept of creator is essential.	Yaratuvchi tushunchasini bilish juda muhimdir.		
creature	B1	n.	mavjudot	Understanding the concept of creature is essential.	Mavjudot tushunchasini bilish juda muhimdir.		
credit	A2	n.	kredit, e'tirof	Understanding the concept of credit is essential.	Kredit tushunchasini bilish juda muhimdir.		
crew	B1	n.	ekipaj, jamoa	Understanding the concept of crew is essential.	Ekipaj tushunchasini bilish juda muhimdir.		
crime	A2	n.	jinoyat	Understanding the concept of crime is essential.	Jinoyat tushunchasini bilish juda muhimdir.		
criminal	A2	n.	jinoyatchi	Understanding the concept of criminal is essential.	Jinoyatchi tushunchasini bilish juda muhimdir.		
crisis	B2	n.	inqiroz	Understanding the concept of crisis is essential.	Inqiroz tushunchasini bilish juda muhimdir.		
criterion	B2	n.	mezon, o'lchov	Understanding the concept of criterion is essential.	Mezon tushunchasini bilish juda muhimdir.		
critic	B2	n.	tanqidchi	Understanding the concept of critic is essential.	Tanqidchi tushunchasini bilish juda muhimdir.		
criticism	B2	n.	tanqid	Understanding the concept of criticism is essential.	Tanqid tushunchasini bilish juda muhimdir.		
crop	B1	n.	hosil	Understanding the concept of crop is essential.	Hosil tushunchasini bilish juda muhimdir.		
cross	A2	n.	xoch, but	Understanding the concept of cross is essential.	Xoch tushunchasini bilish juda muhimdir.		
crowd	A2	n.	olomon	Understanding the concept of crowd is essential.	Olomon tushunchasini bilish juda muhimdir.		
cruelty	B2	n.	shafqatsizlik	Understanding the concept of cruelty is essential.	Shafqatsizlik tushunchasini bilish juda muhimdir.		
cry	A2	n.	qichqiriq, yig'i	Understanding the concept of cry is essential.	Qichqiriq tushunchasini bilish juda muhimdir.		
culture	A2	n.	madaniyat	Understanding the concept of culture is essential.	Madaniyat tushunchasini bilish juda muhimdir.		
cup	A1	n.	chashka, piyola	Understanding the concept of cup is essential.	Chashka tushunchasini bilish juda muhimdir.		
cupboard	A1	n.	oshxona javoni	Understanding the concept of cupboard is essential.	Oshxona javoni tushunchasini bilish juda muhimdir.		
cure	B1	n.	davo, shifo	Understanding the concept of cure is essential.	Davo tushunchasini bilish juda muhimdir.		
curiosity	B1	n.	qiziquvchanlik	Understanding the concept of curiosity is essential.	Qiziquvchanlik tushunchasini bilish juda muhimdir.		
currency	B1	n.	valyuta	Understanding the concept of currency is essential.	Valyuta tushunchasini bilish juda muhimdir.		
curtain	A2	n.	parda	Understanding the concept of curtain is essential.	Parda tushunchasini bilish juda muhimdir.		
custom	B1	n.	urf-odat	Understanding the concept of custom is essential.	Urf-odat tushunchasini bilish juda muhimdir.		
customer	A1	n.	mijoz	Understanding the concept of customer is essential.	Mijoz tushunchasini bilish juda muhimdir.		
cycle	A2	n.	davr, sikl	Understanding the concept of cycle is essential.	Davr tushunchasini bilish juda muhimdir.		
damage	A2	n.	zarar, ziyon	Understanding the concept of damage is essential.	Zarar tushunchasini bilish juda muhimdir.		
danger	A2	n.	xavf	Understanding the concept of danger is essential.	Xavf tushunchasini bilish juda muhimdir.		
darkness	B1	n.	qorong'ilik	Understanding the concept of darkness is essential.	Qorong'ilik tushunchasini bilish juda muhimdir.		
data	A2	n.	ma'lumotlar	Understanding the concept of data is essential.	Ma'lumotlar tushunchasini bilish juda muhimdir.		
database	B1	n.	ma'lumotlar bazasi	Understanding the concept of database is essential.	Ma'lumotlar bazasi tushunchasini bilish juda muhimdir.		
date	A1	n.	sana, xurmo	Understanding the concept of date is essential.	Sana tushunchasini bilish juda muhimdir.		
daughter	A1	n.	qiz farzand	Understanding the concept of daughter is essential.	Qiz farzand tushunchasini bilish juda muhimdir.		
deal	A2	n.	kelishuv, bitim	Understanding the concept of deal is essential.	Kelishuv tushunchasini bilish juda muhimdir.		
dealer	B1	n.	diler, savdogar	Understanding the concept of dealer is essential.	Diler tushunchasini bilish juda muhimdir.		
death	A2	n.	o'lim	Understanding the concept of death is essential.	O'lim tushunchasini bilish juda muhimdir.		
debate	B1	n.	munozara	Understanding the concept of debate is essential.	Munozara tushunchasini bilish juda muhimdir.		
debt	B1	n.	qarz	Understanding the concept of debt is essential.	Qarz tushunchasini bilish juda muhimdir.		
decision	A2	n.	qaror	Understanding the concept of decision is essential.	Qaror tushunchasini bilish juda muhimdir.		
declaration	B2	n.	deklaratsiya, bayonot	Understanding the concept of declaration is essential.	Deklaratsiya tushunchasini bilish juda muhimdir.		
decline	B2	n.	pasayish, inqiroz	Understanding the concept of decline is essential.	Pasayish tushunchasini bilish juda muhimdir.		
decrease	A2	n.	kamayish	Understanding the concept of decrease is essential.	Kamayish tushunchasini bilish juda muhimdir.		
defense	B1	n.	mudofaa, himoya	Understanding the concept of defense is essential.	Mudofaa tushunchasini bilish juda muhimdir.		
definition	B1	n.	ta'rif	Understanding the concept of definition is essential.	Ta'rif tushunchasini bilish juda muhimdir.		
delay	A2	n.	kechikish	Understanding the concept of delay is essential.	Kechikish tushunchasini bilish juda muhimdir.		
delegation	B2	n.	delegatsiya	Understanding the concept of delegation is essential.	Delegatsiya tushunchasini bilish juda muhimdir.		
delight	B1	n.	zavq, quvonch	Understanding the concept of delight is essential.	Zavq tushunchasini bilish juda muhimdir.		
delivery	A2	n.	yetkazib berish	Understanding the concept of delivery is essential.	Yetkazib berish tushunchasini bilish juda muhimdir.		
demand	B1	n.	talab	Understanding the concept of demand is essential.	Talab tushunchasini bilish juda muhimdir.		
democracy	B1	n.	demokratiya	Understanding the concept of democracy is essential.	Demokratiya tushunchasini bilish juda muhimdir.		
dentist	A2	n.	tish shifokori	Understanding the concept of dentist is essential.	Tish shifokori tushunchasini bilish juda muhimdir.		
department	A2	n.	bo'lim	Understanding the concept of department is essential.	Bo'lim tushunchasini bilish juda muhimdir.		
departure	A2	n.	jo'nash	Understanding the concept of departure is essential.	Jo'nash tushunchasini bilish juda muhimdir.		
depth	B2	n.	chuqurlik	Understanding the concept of depth is essential.	Chuqurlik tushunchasini bilish juda muhimdir.		
deputy	B2	n.	o'rinbosar	Understanding the concept of deputy is essential.	O'rinbosar tushunchasini bilish juda muhimdir.		
desert	A2	n.	cho'l	Understanding the concept of desert is essential.	Cho'l tushunchasini bilish juda muhimdir.		
designer	A2	n.	dizayner	Understanding the concept of designer is essential.	Dizayner tushunchasini bilish juda muhimdir.		
desire	B1	n.	istak, mayl	Understanding the concept of desire is essential.	Istak tushunchasini bilish juda muhimdir.		
desk	A1	n.	yozuv stoli	Understanding the concept of desk is essential.	Yozuv stoli tushunchasini bilish juda muhimdir.		
destination	B1	n.	manzil, boradigan joy	Understanding the concept of destination is essential.	Manzil tushunchasini bilish juda muhimdir.		
destruction	B2	n.	vayronagarchilik	Understanding the concept of destruction is essential.	Vayronagarchilik tushunchasini bilish juda muhimdir.		
detail	A2	n.	tafsilot	Understanding the concept of detail is essential.	Tafsilot tushunchasini bilish juda muhimdir.		
development	B1	n.	rivojlanish	Understanding the concept of development is essential.	Rivojlanish tushunchasini bilish juda muhimdir.		
device	A2	n.	qurilma, asbob	Understanding the concept of device is essential.	Qurilma tushunchasini bilish juda muhimdir.		
dialogue	A2	n.	muloqot, dialog	Understanding the concept of dialogue is essential.	Muloqot tushunchasini bilish juda muhimdir.		
diamond	A2	n.	olmos	Understanding the concept of diamond is essential.	Olmos tushunchasini bilish juda muhimdir.		
diary	A2	n.	kundalik	Understanding the concept of diary is essential.	Kundalik tushunchasini bilish juda muhimdir.		
diet	A2	n.	parhez, ovqatlanish	Understanding the concept of diet is essential.	Parhez tushunchasini bilish juda muhimdir.		
difference	A1	n.	farq	Understanding the concept of difference is essential.	Farq tushunchasini bilish juda muhimdir.		
difficulty	A2	n.	qiyinchilik	Understanding the concept of difficulty is essential.	Qiyinchilik tushunchasini bilish juda muhimdir.		
direction	A1	n.	yo'nalish	Understanding the concept of direction is essential.	Yo'nalish tushunchasini bilish juda muhimdir.		
director	A2	n.	direktor, rejissyor	Understanding the concept of director is essential.	Direktor tushunchasini bilish juda muhimdir.		
dirt	A2	n.	kir, loy	Understanding the concept of dirt is essential.	Kir tushunchasini bilish juda muhimdir.		
disadvantage	A2	n.	kamchilik, noqulaylik	Understanding the concept of disadvantage is essential.	Kamchilik tushunchasini bilish juda muhimdir.		
disagreement	B1	n.	kelishmovchilik	Understanding the concept of disagreement is essential.	Kelishmovchilik tushunchasini bilish juda muhimdir.		
disaster	A2	n.	falokat	Understanding the concept of disaster is essential.	Falokat tushunchasini bilish juda muhimdir.		
discipline	B1	n.	intizom	Understanding the concept of discipline is essential.	Intizom tushunchasini bilish juda muhimdir.		
discount	A2	n.	chegirma	Understanding the concept of discount is essential.	Chegirma tushunchasini bilish juda muhimdir.		
discovery	A2	n.	kashfiyot	Understanding the concept of discovery is essential.	Kashfiyot tushunchasini bilish juda muhimdir.		
discussion	A2	n.	muhokama	Understanding the concept of discussion is essential.	Muhokama tushunchasini bilish juda muhimdir.		
disease	A2	n.	kasallik	Understanding the concept of disease is essential.	Kasallik tushunchasini bilish juda muhimdir.		
dish	A1	n.	taom, idish	Understanding the concept of dish is essential.	Taom tushunchasini bilish juda muhimdir.		
distance	A2	n.	masofa	Understanding the concept of distance is essential.	Masofa tushunchasini bilish juda muhimdir.		
distribution	B2	n.	taqsimot	Understanding the concept of distribution is essential.	Taqsimot tushunchasini bilish juda muhimdir.		
district	B1	n.	tuman, hudud	Understanding the concept of district is essential.	Tuman tushunchasini bilish juda muhimdir.		
division	B1	n.	bo'lim, bo'linish	Understanding the concept of division is essential.	Bo'lim tushunchasini bilish juda muhimdir.		
divorce	B1	n.	ajralish	Understanding the concept of divorce is essential.	Ajralish tushunchasini bilish juda muhimdir.		
doctor	A1	n.	shifokor	Understanding the concept of doctor is essential.	Shifokor tushunchasini bilish juda muhimdir.		
document	A2	n.	hujjat	Understanding the concept of document is essential.	Hujjat tushunchasini bilish juda muhimdir.		
dog	A1	n.	it	Understanding the concept of dog is essential.	It tushunchasini bilish juda muhimdir.		
dollar	A1	n.	dollar	Understanding the concept of dollar is essential.	Dollar tushunchasini bilish juda muhimdir.		
domain	B2	n.	soha, domen	Understanding the concept of domain is essential.	Soha tushunchasini bilish juda muhimdir.		
door	A1	n.	eshik	Understanding the concept of door is essential.	Eshik tushunchasini bilish juda muhimdir.		
doubt	B1	n.	shubha	Understanding the concept of doubt is essential.	Shubha tushunchasini bilish juda muhimdir.		
drama	A2	n.	drama	Understanding the concept of drama is essential.	Drama tushunchasini bilish juda muhimdir.		
dream	A1	n.	orzu, tush	Understanding the concept of dream is essential.	Orzu tushunchasini bilish juda muhimdir.		
dress	A1	n.	ko'ylak	Understanding the concept of dress is essential.	Ko'ylak tushunchasini bilish juda muhimdir.		
drink	A1	n.	ichimlik	Understanding the concept of drink is essential.	Ichimlik tushunchasini bilish juda muhimdir.		
driver	A1	n.	haydovchi	Understanding the concept of driver is essential.	Haydovchi tushunchasini bilish juda muhimdir.		
dust	A2	n.	chang	Understanding the concept of dust is essential.	Chang tushunchasini bilish juda muhimdir.		
duty	B1	n.	burch, vazifa	Understanding the concept of duty is essential.	Burch tushunchasini bilish juda muhimdir.		
ear	A1	n.	quloq	Understanding the concept of ear is essential.	Quloq tushunchasini bilish juda muhimdir.		
earth	A1	n.	yer sayyorasi	Understanding the concept of earth is essential.	Yer sayyorasi tushunchasini bilish juda muhimdir.		
earthquake	A2	n.	zilzila	Understanding the concept of earthquake is essential.	Zilzila tushunchasini bilish juda muhimdir.		
economy	B1	n.	iqtisodiyot	Understanding the concept of economy is essential.	Iqtisodiyot tushunchasini bilish juda muhimdir.		
edge	B1	n.	chet, qirra	Understanding the concept of edge is essential.	Chet tushunchasini bilish juda muhimdir.		
editor	B1	n.	muharrir	Understanding the concept of editor is essential.	Muharrir tushunchasini bilish juda muhimdir.		
effect	A2	n.	ta'sir, natija	Understanding the concept of effect is essential.	Ta'sir tushunchasini bilish juda muhimdir.		
effort	A2	n.	harakat, urinish	Understanding the concept of effort is essential.	Harakat tushunchasini bilish juda muhimdir.		
egg	A1	n.	tuxum	Understanding the concept of egg is essential.	Tuxum tushunchasini bilish juda muhimdir.		
election	B1	n.	saylov	Understanding the concept of election is essential.	Saylov tushunchasini bilish juda muhimdir.		
electricity	A2	n.	elektr toki	Understanding the concept of electricity is essential.	Elektr toki tushunchasini bilish juda muhimdir.		
element	B1	n.	unsur, element	Understanding the concept of element is essential.	Unsur tushunchasini bilish juda muhimdir.		
elevator	A2	n.	lift	Understanding the concept of elevator is essential.	Lift tushunchasini bilish juda muhimdir.		
emergency	B1	n.	favqulodda vaziyat	Understanding the concept of emergency is essential.	Favqulodda vaziyat tushunchasini bilish juda muhimdir.		
emotion	B1	n.	tuyg'u, hissiyot	Understanding the concept of emotion is essential.	Tuyg'u tushunchasini bilish juda muhimdir.		
emphasis	B2	n.	urg'u, ta'kid	Understanding the concept of emphasis is essential.	Urg'u tushunchasini bilish juda muhimdir.		
employee	A2	n.	xodim, ishchi	Understanding the concept of employee is essential.	Xodim tushunchasini bilish juda muhimdir.		
employer	A2	n.	ish beruvchi	Understanding the concept of employer is essential.	Ish beruvchi tushunchasini bilish juda muhimdir.		
employment	B1	n.	bandlik, ish bilan ta'minlash	Understanding the concept of employment is essential.	Bandlik tushunchasini bilish juda muhimdir.		
energy	A2	n.	quvvat, energiya	Understanding the concept of energy is essential.	Quvvat tushunchasini bilish juda muhimdir.		
engine	A2	n.	dvigatel, motor	Understanding the concept of engine is essential.	Dvigatel tushunchasini bilish juda muhimdir.		
engineer	A2	n.	muhandis	Understanding the concept of engineer is essential.	Muhandis tushunchasini bilish juda muhimdir.		
entertainment	A2	n.	ko'ngilochar mashg'ulot	Understanding the concept of entertainment is essential.	Ko'ngilochar mashg'ulot tushunchasini bilish juda muhimdir.		
enthusiasm	B2	n.	g'ayrat, jo'shqinlik	Understanding the concept of enthusiasm is essential.	G'ayrat tushunchasini bilish juda muhimdir.		
entrance	A2	n.	kirish joyi	Understanding the concept of entrance is essential.	Kirish joyi tushunchasini bilish juda muhimdir.		
entry	B1	n.	kirish, qayd	Understanding the concept of entry is essential.	Kirish tushunchasini bilish juda muhimdir.		
environment	A2	n.	atrof-muhit	Understanding the concept of environment is essential.	Atrof-muhit tushunchasini bilish juda muhimdir.		
episode	B1	n.	qism, lavha	Understanding the concept of episode is essential.	Qism tushunchasini bilish juda muhimdir.		
equipment	A2	n.	asbob-uskuna	Understanding the concept of equipment is essential.	Asbob-uskuna tushunchasini bilish juda muhimdir.		
era	B2	n.	davr, era	Understanding the concept of era is essential.	Davr tushunchasini bilish juda muhimdir.		
error	A2	n.	xato	Understanding the concept of error is essential.	Xato tushunchasini bilish juda muhimdir.		
escape	A2	n.	qochish	Understanding the concept of escape is essential.	Qochish tushunchasini bilish juda muhimdir.		
estate	B2	n.	ko'chmas mulk	Understanding the concept of estate is essential.	Ko'chmas mulk tushunchasini bilish juda muhimdir.		
event	A1	n.	voqea, tadbir	Understanding the concept of event is essential.	Voqea tushunchasini bilish juda muhimdir.		
evidence	B1	n.	dalil, isbot	Understanding the concept of evidence is essential.	Dalil tushunchasini bilish juda muhimdir.		
evil	B1	n.	yovuzlik	Understanding the concept of evil is essential.	Yovuzlik tushunchasini bilish juda muhimdir.		
example	A1	n.	misol, ibrat	Understanding the concept of example is essential.	Misol tushunchasini bilish juda muhimdir.		
exception	B1	n.	istisno	Understanding the concept of exception is essential.	Istisno tushunchasini bilish juda muhimdir.		
exchange	A2	n.	ayirboshlash	Understanding the concept of exchange is essential.	Ayirboshlash tushunchasini bilish juda muhimdir.		
excitement	A2	n.	hayajon, zavq	Understanding the concept of excitement is essential.	Hayajon tushunchasini bilish juda muhimdir.		
excuse	A2	n.	bahona, uzr	Understanding the concept of excuse is essential.	Bahona tushunchasini bilish juda muhimdir.		
exercise	A1	n.	mashq	Understanding the concept of exercise is essential.	Mashq tushunchasini bilish juda muhimdir.		
exhibition	A2	n.	ko'rgazma	Understanding the concept of exhibition is essential.	Ko'rgazma tushunchasini bilish juda muhimdir.		
existence	B2	n.	mavjudlik	Understanding the concept of existence is essential.	Mavjudlik tushunchasini bilish juda muhimdir.		
exit	A1	n.	chiqish joyi	Understanding the concept of exit is essential.	Chiqish joyi tushunchasini bilish juda muhimdir.		
expansion	B2	n.	kengayish	Understanding the concept of expansion is essential.	Kengayish tushunchasini bilish juda muhimdir.		
expectation	B1	n.	umid, kutish	Understanding the concept of expectation is essential.	Umid tushunchasini bilish juda muhimdir.		
expense	A2	n.	xarajat	Understanding the concept of expense is essential.	Xarajat tushunchasini bilish juda muhimdir.		
experience	A2	n.	tajriba	Understanding the concept of experience is essential.	Tajriba tushunchasini bilish juda muhimdir.		
experiment	A2	n.	tajriba, sinov	Understanding the concept of experiment is essential.	Tajriba tushunchasini bilish juda muhimdir.		
expert	A2	n.	mutaxassis	Understanding the concept of expert is essential.	Mutaxassis tushunchasini bilish juda muhimdir.		
explanation	A2	n.	tushuntirish, izoh	Understanding the concept of explanation is essential.	Tushuntirish tushunchasini bilish juda muhimdir.		
exploration	B2	n.	tadqiqot, sayohat	Understanding the concept of exploration is essential.	Tadqiqot tushunchasini bilish juda muhimdir.		
explosion	B1	n.	portlash	Understanding the concept of explosion is essential.	Portlash tushunchasini bilish juda muhimdir.		
export	B1	n.	eksport, chetga sotish	Understanding the concept of export is essential.	Eksport tushunchasini bilish juda muhimdir.		
expression	A2	n.	ibora, ifoda	Understanding the concept of expression is essential.	Ibora tushunchasini bilish juda muhimdir.		
extension	B2	n.	kengaytirish	Understanding the concept of extension is essential.	Kengaytirish tushunchasini bilish juda muhimdir.		
extent	B2	n.	daraja, ko'lam	Understanding the concept of extent is essential.	Daraja tushunchasini bilish juda muhimdir.		
eye	A1	n.	ko'z	Understanding the concept of eye is essential.	Ko'z tushunchasini bilish juda muhimdir.		
able	A2	adj.	qodir, uddasidan chiqadigan	You are able to master English with persistent practice.	Doimiy mashq bilan ingliz tilini o'rganishga qodirsiz.		
accurate	B1	adj.	aniq, to'g'ri	Ensure your grammar answers are accurate.	Grammatika javoblaringiz aniq bo'lishini ta'minlang.		
active	A2	adj.	faol, g'ayratli	Stay active during the whole day.	Kunning butun davomida faol bo'ling.		
actual	B1	adj.	haqiqiy, amaldagi	Compare your plan with actual results.	Rejangizni haqiqiy natijalar bilan solishtiring.		
acute	B2	adj.	o'tkir, jiddiy	He displayed acute analytical intelligence.	U o'tkir tahliliy aql-zakovat namoyon etdi.		
additional	A2	adj.	qo'shimcha	Review an additional set of words today.	Bugun qo'shimcha so'zlar to'plamini ko'rib chiqing.		
adequate	B1	adj.	yetarli, mos	Ensure you get adequate rest each night.	Har kecha yetarli dam olishingizga ishonch hosil qiling.		
advanced	B1	adj.	ilg'or, yuqori darajadagi	You will reach an advanced level of fluency.	Siz ravonlikning yuqori darajasiga yetasiz.		
afraid	A1	adj.	qo'rqqan, cho'chigan	Never be afraid to speak out loud.	Ovoz chiqarib gapirishdan aslo qo'rqmang.		
aggressive	B1	adj.	tajovuzkor, qat'iyatli	Take an aggressive approach to learning.	O'rganishga qat'iyatli yondashing.		
alive	A2	adj.	tirik, tetik	Feel truly alive in the quiet morning breeze.	Sokin tong shabadasida o'zingizni chinakam tetik his eting.		
ancient	A2	adj.	qadimiy	Samarkand is an ancient center of learning.	Samarqand — qadimiy ilm-fan markazidir.		
angry	A1	adj.	jahldor, g'azablangan	Keep a peaceful heart and avoid feeling angry.	Qalbingizni xotirjam tuting va jahldorlikdan saqlaning.		
annual	B1	adj.	yillik	Set your annual growth goals today.	Yillik o'sish maqsadlaringizni bugun belgilang.		
anxious	B1	adj.	tashvishli, xavotirlangan	Do not be anxious about upcoming exams.	Kutilayotgan imtihonlardan xavotirlanmang.		
apparent	B2	adj.	ravshan, ko'rinib turgan	Your daily improvement has become apparent.	Kunlik o'sishingiz yaqqol ko'rinib qoldi.		
appropriate	B1	adj.	mos, to'g'ri, munosib	Choose words appropriate for formal writing.	Rasmiy yozuvga mos so'zlarni tanlang.		
attractive	A2	adj.	jozibali, chiroyli	A clean study space is very attractive.	Toza o'qish joyi juda yoqimli.		
automatic	A2	adj.	avtomatik, o'z-o'zidan ishlaydigan	Daily repetition makes habits automatic.	Kunlik takrorlash odatlarni avtomatik holga keltiradi.		
available	A2	adj.	mavjud, bor	These offline flashcards are always available.	Ushbu oflayn kartochkalar doimo mavjud.		
average	A2	adj.	o'rtacha	Do not settle for average performance.	O'rtacha natijalar bilan cheklanib qolmang.		
aware	B1	adj.	xabardor, ogoh	Be fully aware of your daily time usage.	Kunlik vaqtingiz sarflanishidan to'liq ogoh bo'ling.		
awesome	A2	adj.	ajoyib, hayratomuz	You made awesome progress in speaking.	Siz so'zlashuvda ajoyib natijaga erishdingiz.		
awful	A2	adj.	juda yomon, daxshatli	Poor sleep leads to awful concentration.	Yomon uyqu diqqatning susayishiga olib keladi.		
awkward	B2	adj.	noqulay, g'alati	Initial language practice may feel awkward.	Dastlabki til mashqlari noqulay tuyulishi mumkin.		
basic	A1	adj.	asosiy, oddiy	Master basic sentence structures first.	Avval asosiy gap tuzilishlarini o'rganing.		
beautiful	A1	adj.	go'zal, chiroyli	Tashkent is beautiful in spring.	Toshkent bahorda juda go'zal.		
beneficial	B1	adj.	foydali, naf keltiradigan	Regular exercise is beneficial for mental health.	Muntazam mashqlar ruhiy salomatlik uchun foydalidir.		
best	A1	adj.	eng yaxshi	Give your best effort every single day.	Har bir kunda eng yaxshi harakatingizni qiling.		
better	A1	adj.	yaxshiroq	Be better today than you were yesterday.	Bugun kechagidan yaxshiroq bo'ling.		
big	A1	adj.	katta	Dream big and work consistently.	Katta orzu qiling va barqaror ishlang.		
bitter	A2	adj.	achchiq; qattiq	Coffee has a rich, bitter taste.	Qahvaning to'yingan, achchiq ta'mi bor.		
blind	A2	adj.	ko'r, ko'zi ojiz	Do not be blind to your own potential.	O'z salohiyatingizga beparvo bo'lmang.		
bold	B2	adj.	dovyurak, botir	Take bold steps towards mastering English.	Ingliz tilini o'rganishda dadil qadamlar tashlang.		
brave	A2	adj.	jasur, mard	Be brave enough to speak in front of others.	Boshqalar oldida gapirishga yetarlicha jasur bo'ling.		
brief	B1	adj.	qisqa, lo'nda	Keep your morning journal notes brief and clear.	Tonggi kundalik qaydlaringizni qisqa va lo'nda tuting.		
bright	A2	adj.	yorqin, aqlli	A bright student asks curious questions.	Zukko o'quvchi qiziquvchan savollar beradi.		
brilliant	B1	adj.	juda aqlli, yuksak	He presented a brilliant solution to the problem.	U muammoga ajoyib yechim taqdim etdi.		
broad	B1	adj.	keng	Expand your broad understanding of grammar.	Grammatikani keng tushunishingizni boyiting.		
busy	A1	adj.	band, mashg'ul	Even on a busy day, read one English page.	Hatto eng band kunda ham bitta inglizcha sahifa o'qing.		
calm	A2	adj.	xotirjam, sokin	Maintain a calm mind during test exams.	Test imtihonlarida xotirjamlikni saqlang.		
capable	B1	adj.	qobiliyatli, layoqatli	You are capable of achieving fluent English.	Siz ravon ingliz tiliga erishishga layoqatlisiz.		
careful	A2	adj.	ehtiyotkor, diqqatli	Be careful with verb tense agreements.	Fe'l zamonlari moslashuviga ehtiyotkor bo'ling.		
cautious	B1	adj.	ehtiyotkor, hushyor	Be cautious when managing your focus.	Diqqatingizni boshqarishda hushyor bo'ling.		
central	A2	adj.	markaziy, bosh	Discipline is the central pillar of success.	Intizom — muvaffaqiyatning bosh ustunidir.		
certain	A2	adj.	aniq, ishonchi komil	I am certain you will succeed.	Men sizning muvaffaqiyatingizga mutlaqo aminman.		
cheap	A1	adj.	arzon	Education is priceless; never seek cheap shortcuts.	Ta'lim bebaho; aslo arzon oson yo'llarni qidirmang.		
cheerful	B1	adj.	quvnoq, xushchaqchaq	Start your morning with a cheerful mindset.	Tongingizni quvnoq kayfiyat bilan boshlang.		
clean	A1	adj.	toza, pokiza	A clean study space promotes deep thinking.	Toza o'qish xonasi chuqur fikrlashga chorlaydi.		
clear	A1	adj.	tiniq, ravshan	Write with clear logic and accurate grammar.	Tiniq mantiq va aniq grammatika bilan yozing.		
clever	A1	adj.	aqlli, zukko	Clever students use spaced repetition systems.	Zukko o'quvchilar oraliqli takrorlash tizimidan foydalanadi.		
close	A1	adj.	yaqin	Keep your English dictionary close to your desk.	Ingliz tili lug'atini stolingizga yaqin tuting.		
cold	A1	adj.	sovuq	A cold morning wash awakens mental sharpness.	Tonggi sovuq suvda yuvinish ongni tiniqlashtiradi.		
comfortable	A2	adj.	qulay, bemalol	Find a comfortable chair for reading.	Kitob o'qish uchun qulay stul toping.		
common	A2	adj.	keng tarqalgan, umumiy	These are the most common English words.	Bular eng keng tarqalgan inglizcha so'zlardir.		
competitive	B1	adj.	raqobatbardosh	Develop competitive language skills.	Raqobatbardosh til mahoratlarini rivojlantiring.		
complete	A1	adj.	to'liq, mukammal	Aim for complete mastery of this unit.	Ushbu bobni to'liq o'zlashtirishga intiling.		
complex	B1	adj.	murakkab, chalkash	Break down complex sentences into clauses.	Murakkab gaplarni bo'laklarga ajrating.		
comprehensive	B2	adj.	atroflicha, keng qamrovli	This app provides comprehensive test prep.	Ushbu ilova keng qamrovli test tayyorgarligini taqdim etadi.		
confident	A2	adj.	o'ziga ishongan	Feel confident when answering questions.	Savollarga javob berganda o'zingizga ishoning.		
conscious	B2	adj.	ongli, his qiladigan	Make a conscious decision to avoid procrastination.	Erinchoqlikdan qochish uchun ongli qaror qabul qiling.		
consistent	B1	adj.	barqaror, izchil	Consistent effort beats sporadic intensity.	Barqaror harakat vaqti-vaqti bilan qilingan shashtdan ustundir.		
constant	A2	adj.	doimiy, uzluksiz	Constant practice produces effortless speech.	Doimiy mashq oson nutqni shakllantiradi.		
constructive	B2	adj.	foydali, bunyodkor	Welcome constructive criticism warmly.	Foydali tanqidni ochiq ko'ngil bilan kutib oling.		
convenient	A2	adj.	qulay, oson	A digital dictionary is extremely convenient.	Raqamli lug'at juda qulaydir.		
correct	A1	adj.	to'g'ri, xatosiz	Identify the correct verb form quickly.	Fe'lning to'g'ri shaklini tezda aniqlang.		
courageous	B1	adj.	jasur, dovyurak	Be courageous in trying new expressions.	Yangi iboralarni qo'llashda jasur bo'ling.		
creative	A2	adj.	ijodkor, yangilikka intiluvchan	Express your thoughts in creative ways.	Fikrlaringizni ijodiy yo'llar bilan ifodalang.		
critical	B1	adj.	o'ta muhim, tanqidiy	Punctuality is critical for your routine.	Vaqtga rioya qilish tartibingiz uchun o'ta muhimdir.		
crucial	B2	adj.	hal qiluvchi, hayotiy muhim	Sleep is crucial for memory consolidation.	Uyqu xotirani mustahkamlash uchun hal qiluvchidir.		
curious	A2	adj.	qiziquvchan	Stay curious about English vocabulary origin.	Inglizcha so'zlarning kelib chiqishiga qiziquvchan bo'ling.		
current	A2	adj.	hozirgi, amaldagi	Your current discipline builds your future.	Hozirgi intizomingiz kelajagingizni barpo etadi.		
daily	A1	adj.	kunlik, har kungi	Follow your daily schedule faithfully.	Kunlik jadvalingizga sadoqat bilan amal qiling.		
dangerous	A1	adj.	xavfli	Procrastination is dangerous to your goals.	Payqamaslik va kechiktirish maqsadlaringiz uchun xavflidir.		
dark	A1	adj.	qorong'i, qora	Waking before dark yields serene hours.	Qorong'i payti turish osoyishta soatlarni beradi.		
dead	A2	adj.	o'lik, jonsiz	Avoid dead hours spent on mindless screens.	Ekranda behuda o'tgan o'lik soatlardan saqlaning.		
dear	A1	adj.	qadrli, aziz	Knowledge is dear to the sincere seeker.	Bilim samimiy izlanuvchi uchun juda qadrlidir.		
decent	B1	adj.	munosib, yaxshi	Aim for a decent score on your mock exam.	Sinov imtihonida munosib ball to'plashni maqsad qiling.		
decisive	B2	adj.	qat'iy, hal qiluvchi	Make decisive choices without hesitation.	Ikkilanmasdan qat'iy qarorlar qabul qiling.		
deep	A2	adj.	chuqur	Engage in deep study for ninety minutes.	To'qson daqiqa davomida chuqur o'qish bilan shug'ullaning.		
definite	B1	adj.	aniq, muayyan	Have a definite purpose in life.	Hayotda aniq maqsadga ega bo'ling.		
deliberate	B2	adj.	puxta o'ylangan, ataylab qilingan	Practice with deliberate and focused intention.	Puxta o'ylangan va diqqatli niyat bilan mashq qiling.		
delicate	B2	adj.	nozik, nafis	Master the delicate nuances of pronunciation.	Talaffuzning nafis nozikliklarini o'rganing.		
delicious	A1	adj.	mazali, shirin	Eat a delicious and healthy breakfast.	Mazali va foydali nonushta qiling.		
delighted	B1	adj.	juda xursand, mamnun	She was delighted with her vocabulary test result.	U o'zining lug'at testi natijasidan juda mamnun bo'ldi.		
demanding	B2	adj.	talabchan, qiyin	English fluency is a demanding but rewarding goal.	Ingliz tili ravonligi — talabchan, ammo barakali maqsaddir.		
dependent	B1	adj.	bog'liq, qaram	Success is dependent on persistent effort.	Muvaffaqiyat barqaror harakatga bog'liqdir.		
detailed	A2	adj.	batafsil, mufassal	Write detailed notes for each chapter.	Har bir bob uchun batafsil qaydlar yozing.		
determined	B1	adj.	qat'iyatli, azm qilgan	Be determined to complete your daily deck.	Kunlik kartochkalarni tugatishga qat'iyatli bo'ling.		
different	A1	adj.	boshqacha, turlicha	Try different study methods until one clicks.	Mos kelmaguncha turli xil o'qish usullarini sinab ko'ring.		
difficult	A1	adj.	qiyin, murakkab	Difficult tasks forge unbreakable discipline.	Qiyin vazifalar sinmas intizomni tarbiyalaydi.		
digital	A2	adj.	raqamli	Use digital tools wisely to enhance your learning.	O'rganishni kuchaytirish uchun raqamli vositalardan oqilona foydalaning.		
diligent	B2	adj.	tirishqoq, quntli	The diligent student achieves great heights.	Tirishqoq o'quvchi yuksak marralarga erishadi.		
direct	A2	adj.	to'g'ridan-to'g'ri, ochiq	Give a direct answer without unnecessary fluff.	Keraksiz gaplarsiz to'g'ridan-to'g'ri javob bering.		
distinct	B2	adj.	alohida, yaqqol farq qiladigan	Each word has a distinct emotional shade.	Har bir so'zning alohida ma'no jilosi bor.		
diverse	B2	adj.	rang-barang, turfa xil	Read diverse topics to broaden vocabulary.	Lug'at boyligini oshirish uchun turfa xil mavzularda o'qing.		
domestic	B1	adj.	ichki, uyga oid	Help with domestic chores before studying.	O'qishdan oldin uy yumushlariga yordam bering.		
dominant	B2	adj.	yetakchi, ustun	Make discipline the dominant trait in your life.	Intizomni hayotingizdagi yetakchi xislatga aylantiring.		
double	A2	adj.	ikki baravar, qo'shaloq	Double your reading speed through practice.	Mashq qilish orqali o'qish tezligingizni ikki baravar oshiring.		
doubtful	B1	adj.	shubhali, ikkilanuvchi	Do not be doubtful about your abilities.	Qobiliyatlaringizga shubha bilan qaramang.		
dramatic	B2	adj.	keskin, hayratlanarli	You will see a dramatic jump in test scores.	Test ballaringizda keskin o'sishni ko'rasiz.		
dry	A1	adj.	quruq	Keep your study materials safe and dry.	O'quv qurollaringizni toza va quruq saqlang.		
due	B1	adj.	muddatli, kutilgan	Your homework is due tomorrow morning.	Uy vazifangiz ertaga ertalab topshirilishi kerak.		
dynamic	B2	adj.	harakatchan, dinamik	Stay dynamic and energized throughout the day.	Kun bo'yi g'ayratli va harakatchan bo'ling.		
eager	B1	adj.	ishtiyoqmand, intiq	Be eager to absorb new language skills.	Yangi til ko'nikmalarini o'rganishga ishtiyoqmand bo'ling.		
early	A1	adj.	erta, barvaqt	Early morning hours hold unmatched clarity.	Tonggi barvaqt soatlar tengsiz tiniqlikka ega.		
easy	A1	adj.	oson, yengil	Repetition turns hard tasks into easy routines.	Takrorlash qiyin vazifalarni oson odatlarga aylantiradi.		
economic	B1	adj.	iqtisodiy	Learn vocabulary related to economic growth.	Iqtisodiy o'sishga oid so'zlarni o'rganing.		
educational	A2	adj.	ta'limiy, tarbiyaviy	Listen to educational podcasts every afternoon.	Har kuni tushdan keyin ta'limiy podkastlarni tinglang.		
effective	B1	adj.	samarali, natijali	Spaced repetition is an effective technique.	Oraliq takrorlash — juda samarali usuldir.		
efficient	B1	adj.	unumli, tejamkor	An efficient schedule saves hours of wasted effort.	Unumli jadval behuda ketgan soatlarni tejaydi.		
elaborate	B2	adj.	puxta ishlangan, mufassal	Prepare an elaborate outline for your essay.	Esseyiz uchun puxta reja tayyorlang.		
elderly	B1	adj.	yoshi ulug', keksa	Treat elderly family members with deep honor.	Yoshi ulug' oila a'zolarini chuqur ehtirom bilan asrang.		
elegant	B1	adj.	nafis, nozik, xushbichim	Speak with elegant and refined wording.	Nafis va xushbichim so'zlar bilan gapiring.		
elementary	A2	adj.	boshlang'ich, oddiy	Master elementary grammar rules completely.	Boshlang'ich grammatika qoidalarini to'liq o'zlashtiring.		
eligible	B2	adj.	munosib, haqli	High scores make you eligible for scholarships.	Yuqori ballar sizni stipendiyalarga munosib qiladi.		
emotional	B1	adj.	hissiy, ta'sirchan	Maintain balance without emotional turbulence.	Hissiy beqarorliklarsiz muvozanatni saqlang.		
emphatic	B2	adj.	qat'iy, ta'kidlangan	Give an emphatic yes to personal mastery.	Shaxsiy barkamollikka qat'iy 'ha' deb ayting.		
empty	A1	adj.	bo'sh	Never leave your scheduled study slot empty.	Rejalashtirilgan dars vaqtingizni aslo bo'sh qoldirmang.		
endless	B1	adj.	cheksiz, bitmas-tuganmas	Curiosity opens an endless world of wisdom.	Qiziquvchanlik cheksiz hikmatlar olamini ochadi.		
energetic	A2	adj.	g'ayratli, serharakat	Stay energetic with proper morning hydration.	Tonggi to'g'ri suv ichish bilan g'ayratli bo'ling.		
enormous	B1	adj.	ulkan, bahaybat	Consistent reading creates an enormous advantage.	Doimiy mutolaa ulkan ustunlik yaratadi.		
enthusiastic	B1	adj.	ishtiyoqli, jo'shqin	Be enthusiastic about mastering new idioms.	Yangi iboralarni o'rganishda jo'shqin bo'ling.		
entire	A2	adj.	butun, to'liq	Dedicate the entire focus block to writing.	Butun diqqat blokini yozishga sarflang.		
environmental	B1	adj.	atrof-muhitga oid	Study vocabulary about environmental protection.	Atrof-muhitni muhofaza qilishga oid so'zlarni o'qing.		
equal	A2	adj.	teng, barobar	Everyone has an equal twenty-four hours each day.	Har bir kishida kuniga teng yigirma to'rt soat bor.		
equivalent	B2	adj.	teng qiymatli, ekvivalent	Hard work is equivalent to guaranteed growth.	Tirishqoq mehnat kafolatlangan o'sishga tengdir.		
essential	B1	adj.	muhim, zaruriy	Daily review is essential for long-term retention.	Uzoq muddatli xotira uchun kunlik takrorlash zarurdir.		
ethical	B2	adj.	axloqiy, odobli	Maintain high ethical conduct in all dealings.	Barcha ishlarda yuksak axloqiy qoidalarga amal qiling.		
evident	B2	adj.	ravshan, shubhasiz	Your vocabulary mastery is evident in speech.	Lug'at boyligingiz nutqingizda yaqqol ko'rinib turibdi.		
exact	A2	adj.	aniq, to'g'ri	Pay attention to the exact spelling of terms.	Atamalarning aniq imlosiga diqqat qiling.		
excellent	A1	adj.	a'lo, namunali	Strive for excellent results in every test.	Har bir testda a'lo natijalarga intiling.		
exceptional	B2	adj.	favqulodda, noyob	Exceptional effort brings exceptional rewards.	Favqulodda harakat favqulodda natijalar olib keladi.		
excessive	B2	adj.	haddan tashqari, ortiqcha	Avoid excessive smartphone use before bedtime.	Uxlashdan oldin telefondan haddan tashqari foydalanishdan saqlaning.		
exciting	A1	adj.	hayajonli, qiziqarli	Learning English is an exciting lifelong journey.	Ingliz tilini o'rganish — hayajonli umrboqiy sayohatdir.		
exclusive	B2	adj.	eksklyuziv, tanlangan	Focus gives you exclusive intellectual depth.	Diqqat sizga yuksak aqliy teranlik beradi.		
exemplary	C1	adj.	namunali, ibratli	Lead an exemplary life of study discipline.	O'qish intizomida ibratli hayot kechiring.		
exhausted	A2	adj.	juda charchagan	Rest well tonight if you feel exhausted.	Agar juda charchagan bo'lsangiz, bugun yaxshilab dam oling.		
existing	B1	adj.	mavjud bo'lgan	Build upon your existing foundation of words.	Mavjud so'z boyligi poydevoringizni yanada kengaytiring.		
exotic	B2	adj.	g'aroyib, xorijiy	Learn about exotic cultures through language.	Til orqali xorijiy madaniyatlar haqida bilib oling.		
expensive	A1	adj.	qimmat	Time is far more expensive than money.	Vaqt puldan ko'ra ancha qimmatroqdir.		
experienced	A2	adj.	tajribali	Seek guidance from an experienced teacher.	Tajribali ustozdan yo'l-yo'riq so'rang.		
experimental	B2	adj.	tajriba tariqasidagi	Try experimental methods to boost memory.	Xotirani kuchaytirish uchun yangi tajribaviy usullarni sinab ko'ring.		
expert	A2	adj.	mutaxassis, bilimdon	Receive expert feedback on your writing.	Yozuvingiz bo'yicha mutaxassis fikrini oling.		
explicit	B2	adj.	ochiq-oydin, aniq	Set explicit time boundaries for social media.	Ijtimoiy tarmoqlar uchun aniq vaqt chegaralarini belgilang.		
extensive	B2	adj.	keng ko'lamli, chuqur	Build an extensive mental library of phrases.	Iboralarning keng ko'lamli aqliy kutubxonasini quring.		
external	B1	adj.	tashqi	Do not let external noise shatter your focus.	Tashqi shovqin diqqatingizni buzishiga yo'l qo'ymang.		
extra	A1	adj.	qo'shimcha, ortiqcha	Put in an extra thirty minutes of speaking.	So'zlashuv uchun qo'shimcha o'ttiz daqiqa ajrating.		
extraordinary	B1	adj.	favqulodda, ajoyib	Extraordinary discipline creates extraordinary lives.	Favqulodda intizom buyuk hayotni yaratadi.		
extreme	A2	adj.	o'ta, keskin	Avoid extreme fatigue by resting on time.	O'z vaqtida dam olib qattiq toliqishdan saqlaning.		
abroad	A2	adv.	chet elda, xorijda	She practiced speaking English abroad every morning.	U har tong inglizcha so'zlashuvni chet elda tarzda mashq qildi.		
absolutely	A2	adv.	mutlaqo, so'zsiz	She practiced speaking English absolutely every morning.	U har tong inglizcha so'zlashuvni mutlaqo tarzda mashq qildi.		
accidentally	B1	adv.	tasodifan	She practiced speaking English accidentally every morning.	U har tong inglizcha so'zlashuvni tasodifan tarzda mashq qildi.		
accurately	B2	adv.	aniq, to'g'ri qilib	She practiced speaking English accurately every morning.	U har tong inglizcha so'zlashuvni aniq tarzda mashq qildi.		
actively	B1	adv.	faol ravishda	She practiced speaking English actively every morning.	U har tong inglizcha so'zlashuvni faol ravishda tarzda mashq qildi.		
actually	A2	adv.	aslida, haqiqatda	She practiced speaking English actually every morning.	U har tong inglizcha so'zlashuvni aslida tarzda mashq qildi.		
adequately	B2	adv.	yetarli darajada	She practiced speaking English adequately every morning.	U har tong inglizcha so'zlashuvni yetarli darajada tarzda mashq qildi.		
admirably	B2	adv.	tahsinga loyiq ravishda	She practiced speaking English admirably every morning.	U har tong inglizcha so'zlashuvni tahsinga loyiq ravishda tarzda mashq qildi.		
afterward	A2	adv.	keyinroq, so'ngra	She practiced speaking English afterward every morning.	U har tong inglizcha so'zlashuvni keyinroq tarzda mashq qildi.		
again	A1	adv.	yana, takroran	She practiced speaking English again every morning.	U har tong inglizcha so'zlashuvni yana tarzda mashq qildi.		
ahead	A2	adv.	oldinda, oldinga	She practiced speaking English ahead every morning.	U har tong inglizcha so'zlashuvni oldinda tarzda mashq qildi.		
almost	A1	adv.	deyarli	She practiced speaking English almost every morning.	U har tong inglizcha so'zlashuvni deyarli tarzda mashq qildi.		
alone	A1	adv.	yolg'iz, o'zi	She practiced speaking English alone every morning.	U har tong inglizcha so'zlashuvni yolg'iz tarzda mashq qildi.		
along	A2	adv.	birga, bo'ylab	She practiced speaking English along every morning.	U har tong inglizcha so'zlashuvni birga tarzda mashq qildi.		
already	A1	adv.	allaqachon	She practiced speaking English already every morning.	U har tong inglizcha so'zlashuvni allaqachon tarzda mashq qildi.		
also	A1	adv.	shuningdek, ham	She practiced speaking English also every morning.	U har tong inglizcha so'zlashuvni shuningdek tarzda mashq qildi.		
alternatively	B2	adv.	muqobil ravishda	She practiced speaking English alternatively every morning.	U har tong inglizcha so'zlashuvni muqobil ravishda tarzda mashq qildi.		
altogether	B1	adv.	butunlay, jami	She practiced speaking English altogether every morning.	U har tong inglizcha so'zlashuvni butunlay tarzda mashq qildi.		
always	A1	adv.	doimo, har doim	She practiced speaking English always every morning.	U har tong inglizcha so'zlashuvni doimo tarzda mashq qildi.		
amazingly	B1	adv.	hayratlanarli darajada	She practiced speaking English amazingly every morning.	U har tong inglizcha so'zlashuvni hayratlanarli darajada tarzda mashq qildi.		
angrily	A2	adv.	jahl bilan	She practiced speaking English angrily every morning.	U har tong inglizcha so'zlashuvni jahl bilan tarzda mashq qildi.		
annually	B1	adv.	har yili, yillik tarzda	She practiced speaking English annually every morning.	U har tong inglizcha so'zlashuvni har yili tarzda mashq qildi.		
anxiously	B1	adv.	xavotir bilan	She practiced speaking English anxiously every morning.	U har tong inglizcha so'zlashuvni xavotir bilan tarzda mashq qildi.		
apart	A2	adv.	alohida, ajratib	She practiced speaking English apart every morning.	U har tong inglizcha so'zlashuvni alohida tarzda mashq qildi.		
apparently	B1	adv.	aftidan, ko'rinishidan	She practiced speaking English apparently every morning.	U har tong inglizcha so'zlashuvni aftidan tarzda mashq qildi.		
appropriately	B2	adv.	munosib tarzda	She practiced speaking English appropriately every morning.	U har tong inglizcha so'zlashuvni munosib tarzda tarzda mashq qildi.		
approximately	B1	adv.	taxminan	She practiced speaking English approximately every morning.	U har tong inglizcha so'zlashuvni taxminan tarzda mashq qildi.		
around	A1	adv.	atrofida	She practiced speaking English around every morning.	U har tong inglizcha so'zlashuvni atrofida tarzda mashq qildi.		
aside	B1	adv.	chetga, bir tomonga	She practiced speaking English aside every morning.	U har tong inglizcha so'zlashuvni chetga tarzda mashq qildi.		
automatically	B1	adv.	avtomatik ravishda	She practiced speaking English automatically every morning.	U har tong inglizcha so'zlashuvni avtomatik ravishda tarzda mashq qildi.		
badly	A2	adv.	yomon, qattiq	She practiced speaking English badly every morning.	U har tong inglizcha so'zlashuvni yomon tarzda mashq qildi.		
barely	B1	adv.	arang, aranggina	She practiced speaking English barely every morning.	U har tong inglizcha so'zlashuvni arang tarzda mashq qildi.		
basically	B1	adv.	asosan, mohiyatan	She practiced speaking English basically every morning.	U har tong inglizcha so'zlashuvni asosan tarzda mashq qildi.		
beautifully	A2	adv.	chiroyli tarzda	She practiced speaking English beautifully every morning.	U har tong inglizcha so'zlashuvni chiroyli tarzda tarzda mashq qildi.		
before	A1	adv.	oldin, avval	She practiced speaking English before every morning.	U har tong inglizcha so'zlashuvni oldin tarzda mashq qildi.		
behind	A1	adv.	orqada	She practiced speaking English behind every morning.	U har tong inglizcha so'zlashuvni orqada tarzda mashq qildi.		
below	A1	adv.	pastda	She practiced speaking English below every morning.	U har tong inglizcha so'zlashuvni pastda tarzda mashq qildi.		
beneath	B1	adv.	ostida, tagida	She practiced speaking English beneath every morning.	U har tong inglizcha so'zlashuvni ostida tarzda mashq qildi.		
beside	A2	adv.	yonida	She practiced speaking English beside every morning.	U har tong inglizcha so'zlashuvni yonida tarzda mashq qildi.		
besides	B1	adv.	bundan tashqari	She practiced speaking English besides every morning.	U har tong inglizcha so'zlashuvni bundan tashqari tarzda mashq qildi.		
best	A1	adv.	eng yaxshi	She practiced speaking English best every morning.	U har tong inglizcha so'zlashuvni eng yaxshi tarzda mashq qildi.		
better	A1	adv.	yaxshiroq	She practiced speaking English better every morning.	U har tong inglizcha so'zlashuvni yaxshiroq tarzda mashq qildi.		
beyond	B1	adv.	narida, ortida	She practiced speaking English beyond every morning.	U har tong inglizcha so'zlashuvni narida tarzda mashq qildi.		
boldly	B2	adv.	botirlik bilan, dadil	She practiced speaking English boldly every morning.	U har tong inglizcha so'zlashuvni botirlik bilan tarzda mashq qildi.		
briefly	B1	adv.	qisqacha	She practiced speaking English briefly every morning.	U har tong inglizcha so'zlashuvni qisqacha tarzda mashq qildi.		
brightly	A2	adv.	ravshan qilib, porlab	She practiced speaking English brightly every morning.	U har tong inglizcha so'zlashuvni ravshan qilib tarzda mashq qildi.		
brilliantly	B2	adv.	qoyilmaqom qilib	She practiced speaking English brilliantly every morning.	U har tong inglizcha so'zlashuvni qoyilmaqom qilib tarzda mashq qildi.		
broadly	B2	adv.	keng ma'noda	She practiced speaking English broadly every morning.	U har tong inglizcha so'zlashuvni keng ma'noda tarzda mashq qildi.		
calmly	B1	adv.	xotirjamlik bilan	She practiced speaking English calmly every morning.	U har tong inglizcha so'zlashuvni xotirjamlik bilan tarzda mashq qildi.		
carefully	A1	adv.	ehtiyotkorlik bilan	She practiced speaking English carefully every morning.	U har tong inglizcha so'zlashuvni ehtiyotkorlik bilan tarzda mashq qildi.		
certainly	A2	adv.	albatta, shak-shubhasiz	She practiced speaking English certainly every morning.	U har tong inglizcha so'zlashuvni albatta tarzda mashq qildi.		
clearly	A2	adv.	aniq, ravshan qilib	She practiced speaking English clearly every morning.	U har tong inglizcha so'zlashuvni aniq tarzda mashq qildi.		
closely	B1	adv.	yaqindan, diqqat bilan	She practiced speaking English closely every morning.	U har tong inglizcha so'zlashuvni yaqindan tarzda mashq qildi.		
comfortably	A2	adv.	bemalol, qulay qilib	She practiced speaking English comfortably every morning.	U har tong inglizcha so'zlashuvni bemalol tarzda mashq qildi.		
commonly	B1	adv.	odatda, keng tarqalgan tarzda	She practiced speaking English commonly every morning.	U har tong inglizcha so'zlashuvni odatda tarzda mashq qildi.		
completely	A2	adv.	butunlay, to'liq	She practiced speaking English completely every morning.	U har tong inglizcha so'zlashuvni butunlay tarzda mashq qildi.		
confidently	B1	adv.	ishonch bilan	She practiced speaking English confidently every morning.	U har tong inglizcha so'zlashuvni ishonch bilan tarzda mashq qildi.		
constantly	B1	adv.	doimiy ravishda	She practiced speaking English constantly every morning.	U har tong inglizcha so'zlashuvni doimiy ravishda tarzda mashq qildi.		
correctly	A2	adv.	to'g'ri tarzda	She practiced speaking English correctly every morning.	U har tong inglizcha so'zlashuvni to'g'ri tarzda tarzda mashq qildi.		
courageously	B2	adv.	jasurlik bilan	She practiced speaking English courageously every morning.	U har tong inglizcha so'zlashuvni jasurlik bilan tarzda mashq qildi.		
critically	B2	adv.	o'ta muhim tarzda, tanqidiy	She practiced speaking English critically every morning.	U har tong inglizcha so'zlashuvni o'ta muhim tarzda tarzda mashq qildi.		
crucially	B2	adv.	hal qiluvchi tarzda	She practiced speaking English crucially every morning.	U har tong inglizcha so'zlashuvni hal qiluvchi tarzda tarzda mashq qildi.		
daily	A2	adv.	har kuni, kunlik tarzda	She practiced speaking English daily every morning.	U har tong inglizcha so'zlashuvni har kuni tarzda mashq qildi.		
deeply	B1	adv.	chuqur	She practiced speaking English deeply every morning.	U har tong inglizcha so'zlashuvni chuqur tarzda mashq qildi.		
definitely	A2	adv.	shubhasiz, aniq	She practiced speaking English definitely every morning.	U har tong inglizcha so'zlashuvni shubhasiz tarzda mashq qildi.		
deliberately	B2	adv.	ataylab, atay	She practiced speaking English deliberately every morning.	U har tong inglizcha so'zlashuvni ataylab tarzda mashq qildi.		
delicately	B2	adv.	nafislik bilan	She practiced speaking English delicately every morning.	U har tong inglizcha so'zlashuvni nafislik bilan tarzda mashq qildi.		
desperately	B2	adv.	umidsiz ravishda, jon-jahdi bilan	She practiced speaking English desperately every morning.	U har tong inglizcha so'zlashuvni umidsiz ravishda tarzda mashq qildi.		
directly	A2	adv.	to'g'ridan-to'g'ri	She practiced speaking English directly every morning.	U har tong inglizcha so'zlashuvni to'g'ridan-to'g'ri tarzda mashq qildi.		
distinctly	B2	adv.	aniq-ravshan qilib	She practiced speaking English distinctly every morning.	U har tong inglizcha so'zlashuvni aniq-ravshan qilib tarzda mashq qildi.		
dramatically	B2	adv.	keskin ravishda	She practiced speaking English dramatically every morning.	U har tong inglizcha so'zlashuvni keskin ravishda tarzda mashq qildi.		
eagerly	B1	adv.	ishtiyoq bilan	She practiced speaking English eagerly every morning.	U har tong inglizcha so'zlashuvni ishtiyoq bilan tarzda mashq qildi.		
early	A1	adv.	barvaqt, erta	She practiced speaking English early every morning.	U har tong inglizcha so'zlashuvni barvaqt tarzda mashq qildi.		
easily	A1	adv.	osonlik bilan	She practiced speaking English easily every morning.	U har tong inglizcha so'zlashuvni osonlik bilan tarzda mashq qildi.		
effectively	B1	adv.	samarali ravishda	She practiced speaking English effectively every morning.	U har tong inglizcha so'zlashuvni samarali ravishda tarzda mashq qildi.		
efficiently	B1	adv.	unumli tarzda	She practiced speaking English efficiently every morning.	U har tong inglizcha so'zlashuvni unumli tarzda tarzda mashq qildi.		
elegantly	B2	adv.	nafis tarzda	She practiced speaking English elegantly every morning.	U har tong inglizcha so'zlashuvni nafis tarzda tarzda mashq qildi.		
entirely	B1	adv.	to'lig'icha	She practiced speaking English entirely every morning.	U har tong inglizcha so'zlashuvni to'lig'icha tarzda mashq qildi.		
equally	B1	adv.	teng ravishda	She practiced speaking English equally every morning.	U har tong inglizcha so'zlashuvni teng ravishda tarzda mashq qildi.		
especially	A2	adv.	ayniqsa	She practiced speaking English especially every morning.	U har tong inglizcha so'zlashuvni ayniqsa tarzda mashq qildi.		
essentially	B2	adv.	mohiyatan, asosan	She practiced speaking English essentially every morning.	U har tong inglizcha so'zlashuvni mohiyatan tarzda mashq qildi.		
evidently	B2	adv.	aftidan, ko'rinib turganidek	She practiced speaking English evidently every morning.	U har tong inglizcha so'zlashuvni aftidan tarzda mashq qildi.		
exactly	A2	adv.	aynan, xuddi shunday	She practiced speaking English exactly every morning.	U har tong inglizcha so'zlashuvni aynan tarzda mashq qildi.		
exceptionally	B2	adv.	favqulodda tarzda	She practiced speaking English exceptionally every morning.	U har tong inglizcha so'zlashuvni favqulodda tarzda tarzda mashq qildi.		
excessively	B2	adv.	haddan tashqari	She practiced speaking English excessively every morning.	U har tong inglizcha so'zlashuvni haddan tashqari tarzda mashq qildi.		
exclusively	B2	adv.	faqatgina, eksklyuziv	She practiced speaking English exclusively every morning.	U har tong inglizcha so'zlashuvni faqatgina tarzda mashq qildi.		
explicitly	B2	adv.	ochiq-oydin	She practiced speaking English explicitly every morning.	U har tong inglizcha so'zlashuvni ochiq-oydin tarzda mashq qildi.		
extensively	B2	adv.	keng ko'lamda	She practiced speaking English extensively every morning.	U har tong inglizcha so'zlashuvni keng ko'lamda tarzda mashq qildi.		
extremely	A2	adv.	nihoyatda, g'oyatda	She practiced speaking English extremely every morning.	U har tong inglizcha so'zlashuvni nihoyatda tarzda mashq qildi.		
fairly	B1	adv.	ancha, odilona	She practiced speaking English fairly every morning.	U har tong inglizcha so'zlashuvni ancha tarzda mashq qildi.		
faithfully	B2	adv.	sadoqat bilan	She practiced speaking English faithfully every morning.	U har tong inglizcha so'zlashuvni sadoqat bilan tarzda mashq qildi.		
far	A1	adv.	uzoq, ancha	She practiced speaking English far every morning.	U har tong inglizcha so'zlashuvni uzoq tarzda mashq qildi.		
fast	A1	adv.	tez, ildam	She practiced speaking English fast every morning.	U har tong inglizcha so'zlashuvni tez tarzda mashq qildi.		
favorably	B2	adv.	ijobiy tarzda	She practiced speaking English favorably every morning.	U har tong inglizcha so'zlashuvni ijobiy tarzda tarzda mashq qildi.		
fiercely	B2	adv.	shiddat bilan, shafqatsiz	She practiced speaking English fiercely every morning.	U har tong inglizcha so'zlashuvni shiddat bilan tarzda mashq qildi.		
finally	A1	adv.	nihoyat, oxir-oqibat	She practiced speaking English finally every morning.	U har tong inglizcha so'zlashuvni nihoyat tarzda mashq qildi.		
firmly	B1	adv.	mahkam, qat'iy ravishda	She practiced speaking English firmly every morning.	U har tong inglizcha so'zlashuvni mahkam tarzda mashq qildi.		
first	A1	adv.	birinchi navbatda	She practiced speaking English first every morning.	U har tong inglizcha so'zlashuvni birinchi navbatda tarzda mashq qildi.		
fluently	A2	adv.	ravon tarzda	She practiced speaking English fluently every morning.	U har tong inglizcha so'zlashuvni ravon tarzda tarzda mashq qildi.		
fondly	B2	adv.	mehr bilan	She practiced speaking English fondly every morning.	U har tong inglizcha so'zlashuvni mehr bilan tarzda mashq qildi.		
forever	A2	adv.	abadiy	She practiced speaking English forever every morning.	U har tong inglizcha so'zlashuvni abadiy tarzda mashq qildi.		
formally	B2	adv.	rasmiy ravishda	She practiced speaking English formally every morning.	U har tong inglizcha so'zlashuvni rasmiy ravishda tarzda mashq qildi.		
formerly	B2	adv.	ilgari, avvallari	She practiced speaking English formerly every morning.	U har tong inglizcha so'zlashuvni ilgari tarzda mashq qildi.		
fortunately	A2	adv.	baxtimizga, xayriyat	She practiced speaking English fortunately every morning.	U har tong inglizcha so'zlashuvni baxtimizga tarzda mashq qildi.		
forward	A2	adv.	oldinga	She practiced speaking English forward every morning.	U har tong inglizcha so'zlashuvni oldinga tarzda mashq qildi.		
frankly	B2	adv.	ochig'ini aytganda	She practiced speaking English frankly every morning.	U har tong inglizcha so'zlashuvni ochig'ini aytganda tarzda mashq qildi.		
freely	A2	adv.	erkin ravishda	She practiced speaking English freely every morning.	U har tong inglizcha so'zlashuvni erkin ravishda tarzda mashq qildi.		
frequently	B1	adv.	tez-tez	She practiced speaking English frequently every morning.	U har tong inglizcha so'zlashuvni tez-tez tarzda mashq qildi.		
fully	A2	adv.	to'liq ravishda	She practiced speaking English fully every morning.	U har tong inglizcha so'zlashuvni to'liq ravishda tarzda mashq qildi.		
fundamentally	B2	adv.	tubdan, tub mohiyati bilan	She practiced speaking English fundamentally every morning.	U har tong inglizcha so'zlashuvni tubdan tarzda mashq qildi.		
further	A2	adv.	yanada, uzoqroq	She practiced speaking English further every morning.	U har tong inglizcha so'zlashuvni yanada tarzda mashq qildi.		
generally	A2	adv.	odatda, umuman olganda	She practiced speaking English generally every morning.	U har tong inglizcha so'zlashuvni odatda tarzda mashq qildi.		
generously	B1	adv.	saxovat bilan	She practiced speaking English generously every morning.	U har tong inglizcha so'zlashuvni saxovat bilan tarzda mashq qildi.		
gently	A2	adv.	muloyimlik bilan	She practiced speaking English gently every morning.	U har tong inglizcha so'zlashuvni muloyimlik bilan tarzda mashq qildi.		
genuinely	B2	adv.	chin dildan, samimiy	She practiced speaking English genuinely every morning.	U har tong inglizcha so'zlashuvni chin dildan tarzda mashq qildi.		
gladly	A2	adv.	mamnuniyat bilan	She practiced speaking English gladly every morning.	U har tong inglizcha so'zlashuvni mamnuniyat bilan tarzda mashq qildi.		
globally	B1	adv.	global miqyosda	She practiced speaking English globally every morning.	U har tong inglizcha so'zlashuvni global miqyosda tarzda mashq qildi.		
gradually	B1	adv.	asta-sekin, bosqichma-bosqich	She practiced speaking English gradually every morning.	U har tong inglizcha so'zlashuvni asta-sekin tarzda mashq qildi.		
greatly	B1	adv.	katta darajada, juda	She practiced speaking English greatly every morning.	U har tong inglizcha so'zlashuvni katta darajada tarzda mashq qildi.		
happily	A1	adv.	baxtli tarzda	She practiced speaking English happily every morning.	U har tong inglizcha so'zlashuvni baxtli tarzda tarzda mashq qildi.		
hard	A1	adv.	qattiq, tirishib	She practiced speaking English hard every morning.	U har tong inglizcha so'zlashuvni qattiq tarzda mashq qildi.		
hardly	A2	adv.	zo'rg'a, arang	She practiced speaking English hardly every morning.	U har tong inglizcha so'zlashuvni zo'rg'a tarzda mashq qildi.		
healthily	A2	adv.	sog'lom tarzda	She practiced speaking English healthily every morning.	U har tong inglizcha so'zlashuvni sog'lom tarzda tarzda mashq qildi.		
heavily	B1	adv.	og'ir, kuchli	She practiced speaking English heavily every morning.	U har tong inglizcha so'zlashuvni og'ir tarzda mashq qildi.		
highly	B1	adv.	yuqori darajada	She practiced speaking English highly every morning.	U har tong inglizcha so'zlashuvni yuqori darajada tarzda mashq qildi.		
honestly	A2	adv.	to'g'risi, rostini aytsam	She practiced speaking English honestly every morning.	U har tong inglizcha so'zlashuvni to'g'risi tarzda mashq qildi.		
hopefully	A2	adv.	umid qilamanki	She practiced speaking English hopefully every morning.	U har tong inglizcha so'zlashuvni umid qilamanki tarzda mashq qildi.		
hopelessly	B2	adv.	umidsiz tarzda	She practiced speaking English hopelessly every morning.	U har tong inglizcha so'zlashuvni umidsiz tarzda tarzda mashq qildi.		
hourly	B1	adv.	har soatda	She practiced speaking English hourly every morning.	U har tong inglizcha so'zlashuvni har soatda tarzda mashq qildi.		
immediately	A2	adv.	darhol, tezda	She practiced speaking English immediately every morning.	U har tong inglizcha so'zlashuvni darhol tarzda mashq qildi.		
immensely	B2	adv.	beqiyos darajada	She practiced speaking English immensely every morning.	U har tong inglizcha so'zlashuvni beqiyos darajada tarzda mashq qildi.		
importantly	B1	adv.	muhimi	She practiced speaking English importantly every morning.	U har tong inglizcha so'zlashuvni muhimi tarzda mashq qildi.		
incredibly	B1	adv.	ishonib bo'lmas darajada	She practiced speaking English incredibly every morning.	U har tong inglizcha so'zlashuvni ishonib bo'lmas darajada tarzda mashq qildi.		
indeed	B1	adv.	haqiqatan ham	She practiced speaking English indeed every morning.	U har tong inglizcha so'zlashuvni haqiqatan ham tarzda mashq qildi.		
initially	B1	adv.	dastlab, boshida	She practiced speaking English initially every morning.	U har tong inglizcha so'zlashuvni dastlab tarzda mashq qildi.		
instantly	B2	adv.	bir zumda	She practiced speaking English instantly every morning.	U har tong inglizcha so'zlashuvni bir zumda tarzda mashq qildi.		
instead	A2	adv.	o'rniga	She practiced speaking English instead every morning.	U har tong inglizcha so'zlashuvni o'rniga tarzda mashq qildi.		
intensely	B2	adv.	shiddat bilan	She practiced speaking English intensely every morning.	U har tong inglizcha so'zlashuvni shiddat bilan tarzda mashq qildi.		
ironically	B2	adv.	kinoyali tarzda	She practiced speaking English ironically every morning.	U har tong inglizcha so'zlashuvni kinoyali tarzda tarzda mashq qildi.		
just	A1	adv.	shunchaki, hozirgina	She practiced speaking English just every morning.	U har tong inglizcha so'zlashuvni shunchaki tarzda mashq qildi.		
kindly	A2	adv.	xushmuomalalik bilan	She practiced speaking English kindly every morning.	U har tong inglizcha so'zlashuvni xushmuomalalik bilan tarzda mashq qildi.		
largely	B1	adv.	asosan	She practiced speaking English largely every morning.	U har tong inglizcha so'zlashuvni asosan tarzda mashq qildi.		
late	A1	adv.	kech	She practiced speaking English late every morning.	U har tong inglizcha so'zlashuvni kech tarzda mashq qildi.		
lately	B1	adv.	so'nggi paytlarda	She practiced speaking English lately every morning.	U har tong inglizcha so'zlashuvni so'nggi paytlarda tarzda mashq qildi.		
later	A1	adv.	keyinroq	She practiced speaking English later every morning.	U har tong inglizcha so'zlashuvni keyinroq tarzda mashq qildi.		
loudly	A2	adv.	baland ovozda	She practiced speaking English loudly every morning.	U har tong inglizcha so'zlashuvni baland ovozda tarzda mashq qildi.		
mainly	A2	adv.	asosan	She practiced speaking English mainly every morning.	U har tong inglizcha so'zlashuvni asosan tarzda mashq qildi.		
maybe	A1	adv.	balki	She practiced speaking English maybe every morning.	U har tong inglizcha so'zlashuvni balki tarzda mashq qildi.		
merely	B2	adv.	faqat, shunchaki	She practiced speaking English merely every morning.	U har tong inglizcha so'zlashuvni faqat tarzda mashq qildi.		
more	A1	adv.	ko'proq	She practiced speaking English more every morning.	U har tong inglizcha so'zlashuvni ko'proq tarzda mashq qildi.		
moreover	B1	adv.	bundan tashqari	She practiced speaking English moreover every morning.	U har tong inglizcha so'zlashuvni bundan tashqari tarzda mashq qildi.		
mostly	A2	adv.	asosan	She practiced speaking English mostly every morning.	U har tong inglizcha so'zlashuvni asosan tarzda mashq qildi.		
naturally	B1	adv.	tabiiyki	She practiced speaking English naturally every morning.	U har tong inglizcha so'zlashuvni tabiiyki tarzda mashq qildi.		
nearly	A2	adv.	deyarli	She practiced speaking English nearly every morning.	U har tong inglizcha so'zlashuvni deyarli tarzda mashq qildi.		
necessarily	B1	adv.	muqarrar ravishda	She practiced speaking English necessarily every morning.	U har tong inglizcha so'zlashuvni muqarrar ravishda tarzda mashq qildi.		
never	A1	adv.	hech qachon	She practiced speaking English never every morning.	U har tong inglizcha so'zlashuvni hech qachon tarzda mashq qildi.		
nevertheless	B2	adv.	shunga qaramay	She practiced speaking English nevertheless every morning.	U har tong inglizcha so'zlashuvni shunga qaramay tarzda mashq qildi.		
next	A1	adv.	keyin, navbatdagi	She practiced speaking English next every morning.	U har tong inglizcha so'zlashuvni keyin tarzda mashq qildi.		
nicely	A2	adv.	yaxshi, chiroyli qilib	She practiced speaking English nicely every morning.	U har tong inglizcha so'zlashuvni yaxshi tarzda mashq qildi.		
normally	A2	adv.	odatda	She practiced speaking English normally every morning.	U har tong inglizcha so'zlashuvni odatda tarzda mashq qildi.		
notably	B2	adv.	ayniqsa, e'tiborlisi	She practiced speaking English notably every morning.	U har tong inglizcha so'zlashuvni ayniqsa tarzda mashq qildi.		
now	A1	adv.	hozir, endi	She practiced speaking English now every morning.	U har tong inglizcha so'zlashuvni hozir tarzda mashq qildi.		
nowadays	A2	adv.	hozirgi kunda	She practiced speaking English nowadays every morning.	U har tong inglizcha so'zlashuvni hozirgi kunda tarzda mashq qildi.		
obviously	B1	adv.	ko'rinib turibdiki	She practiced speaking English obviously every morning.	U har tong inglizcha so'zlashuvni ko'rinib turibdiki tarzda mashq qildi.		
occasionally	B1	adv.	ba'zan, ora-sira	She practiced speaking English occasionally every morning.	U har tong inglizcha so'zlashuvni ba'zan tarzda mashq qildi.		
often	A1	adv.	tez-tez	She practiced speaking English often every morning.	U har tong inglizcha so'zlashuvni tez-tez tarzda mashq qildi.		
once	A1	adv.	bir marta	She practiced speaking English once every morning.	U har tong inglizcha so'zlashuvni bir marta tarzda mashq qildi.		
openly	B1	adv.	ochiqchasiga	She practiced speaking English openly every morning.	U har tong inglizcha so'zlashuvni ochiqchasiga tarzda mashq qildi.		
originally	B1	adv.	aslida, boshida	She practiced speaking English originally every morning.	U har tong inglizcha so'zlashuvni aslida tarzda mashq qildi.		
otherwise	B1	adv.	aks holda	She practiced speaking English otherwise every morning.	U har tong inglizcha so'zlashuvni aks holda tarzda mashq qildi.		
outside	A1	adv.	tashqarida	She practiced speaking English outside every morning.	U har tong inglizcha so'zlashuvni tashqarida tarzda mashq qildi.		
partially	B2	adv.	qisman	She practiced speaking English partially every morning.	U har tong inglizcha so'zlashuvni qisman tarzda mashq qildi.		
particularly	B1	adv.	ayniqsa	She practiced speaking English particularly every morning.	U har tong inglizcha so'zlashuvni ayniqsa tarzda mashq qildi.		
partly	B1	adv.	qisman	She practiced speaking English partly every morning.	U har tong inglizcha so'zlashuvni qisman tarzda mashq qildi.		
perfectly	A2	adv.	mukammal tarzda	She practiced speaking English perfectly every morning.	U har tong inglizcha so'zlashuvni mukammal tarzda tarzda mashq qildi.		
perhaps	A2	adv.	ehtimol, balki	She practiced speaking English perhaps every morning.	U har tong inglizcha so'zlashuvni ehtimol tarzda mashq qildi.		
permanently	B2	adv.	butunlay, doimiy ravishda	She practiced speaking English permanently every morning.	U har tong inglizcha so'zlashuvni butunlay tarzda mashq qildi.		
personally	A2	adv.	shaxsan	She practiced speaking English personally every morning.	U har tong inglizcha so'zlashuvni shaxsan tarzda mashq qildi.		
physically	B1	adv.	jismoniy jihatdan	She practiced speaking English physically every morning.	U har tong inglizcha so'zlashuvni jismoniy jihatdan tarzda mashq qildi.		
pleasantly	B1	adv.	yoqimli tarzda	She practiced speaking English pleasantly every morning.	U har tong inglizcha so'zlashuvni yoqimli tarzda tarzda mashq qildi.		
politely	A2	adv.	xushmuomalalik bilan	She practiced speaking English politely every morning.	U har tong inglizcha so'zlashuvni xushmuomalalik bilan tarzda mashq qildi.		
poorly	B1	adv.	yomon tarzda	She practiced speaking English poorly every morning.	U har tong inglizcha so'zlashuvni yomon tarzda tarzda mashq qildi.		
possibly	A2	adv.	ehtimol	She practiced speaking English possibly every morning.	U har tong inglizcha so'zlashuvni ehtimol tarzda mashq qildi.		
potentially	B2	adv.	ehtimoliy ravishda	She practiced speaking English potentially every morning.	U har tong inglizcha so'zlashuvni ehtimoliy ravishda tarzda mashq qildi.		
practically	B1	adv.	amalda, deyarli	She practiced speaking English practically every morning.	U har tong inglizcha so'zlashuvni amalda tarzda mashq qildi.		
precisely	B2	adv.	aniq qilib	She practiced speaking English precisely every morning.	U har tong inglizcha so'zlashuvni aniq qilib tarzda mashq qildi.		
predominantly	B2	adv.	asosan, ustun darajada	She practiced speaking English predominantly every morning.	U har tong inglizcha so'zlashuvni asosan tarzda mashq qildi.		
previously	B1	adv.	avvalroq	She practiced speaking English previously every morning.	U har tong inglizcha so'zlashuvni avvalroq tarzda mashq qildi.		
primarily	B2	adv.	asosan, birinchi navbatda	She practiced speaking English primarily every morning.	U har tong inglizcha so'zlashuvni asosan tarzda mashq qildi.		
probably	A2	adv.	ehtimol, bo'lsa kerak	She practiced speaking English probably every morning.	U har tong inglizcha so'zlashuvni ehtimol tarzda mashq qildi.		
promptly	B2	adv.	darhol, o'z vaqtida	She practiced speaking English promptly every morning.	U har tong inglizcha so'zlashuvni darhol tarzda mashq qildi.		
properly	A2	adv.	to'g'ri ravishda	She practiced speaking English properly every morning.	U har tong inglizcha so'zlashuvni to'g'ri ravishda tarzda mashq qildi.		
purely	B2	adv.	sof tarzda	She practiced speaking English purely every morning.	U har tong inglizcha so'zlashuvni sof tarzda tarzda mashq qildi.		
quickly	A1	adv.	tezda	She practiced speaking English quickly every morning.	U har tong inglizcha so'zlashuvni tezda tarzda mashq qildi.		
quietly	A2	adv.	sokin, jimgina	She practiced speaking English quietly every morning.	U har tong inglizcha so'zlashuvni sokin tarzda mashq qildi.		
quite	A1	adv.	ancha, ancha-muncha	She practiced speaking English quite every morning.	U har tong inglizcha so'zlashuvni ancha tarzda mashq qildi.		
randomly	B2	adv.	tasodifiy tarzda	She practiced speaking English randomly every morning.	U har tong inglizcha so'zlashuvni tasodifiy tarzda tarzda mashq qildi.		
rapidly	B1	adv.	jadal tarzda	She practiced speaking English rapidly every morning.	U har tong inglizcha so'zlashuvni jadal tarzda tarzda mashq qildi.		
rarely	A2	adv.	kamdan-kam	She practiced speaking English rarely every morning.	U har tong inglizcha so'zlashuvni kamdan-kam tarzda mashq qildi.		
rather	A2	adv.	ancha, aksincha	She practiced speaking English rather every morning.	U har tong inglizcha so'zlashuvni ancha tarzda mashq qildi.		
readily	B2	adv.	osonlikcha, bajonidil	She practiced speaking English readily every morning.	U har tong inglizcha so'zlashuvni osonlikcha tarzda mashq qildi.		
really	A1	adv.	haqiqatan ham	She practiced speaking English really every morning.	U har tong inglizcha so'zlashuvni haqiqatan ham tarzda mashq qildi.		
reasonably	B1	adv.	oqilona tarzda	She practiced speaking English reasonably every morning.	U har tong inglizcha so'zlashuvni oqilona tarzda tarzda mashq qildi.		
recently	A2	adv.	yaqinda	She practiced speaking English recently every morning.	U har tong inglizcha so'zlashuvni yaqinda tarzda mashq qildi.		
regularly	A2	adv.	muntazam ravishda	She practiced speaking English regularly every morning.	U har tong inglizcha so'zlashuvni muntazam ravishda tarzda mashq qildi.		
relatively	B1	adv.	nisbatan	She practiced speaking English relatively every morning.	U har tong inglizcha so'zlashuvni nisbatan tarzda mashq qildi.		
remarkably	B2	adv.	hayratlanarli tarzda	She practiced speaking English remarkably every morning.	U har tong inglizcha so'zlashuvni hayratlanarli tarzda tarzda mashq qildi.		
repeatedly	B1	adv.	qayta-qayta	She practiced speaking English repeatedly every morning.	U har tong inglizcha so'zlashuvni qayta-qayta tarzda mashq qildi.		
rightly	B2	adv.	haqli ravishda	She practiced speaking English rightly every morning.	U har tong inglizcha so'zlashuvni haqli ravishda tarzda mashq qildi.		
roughly	B1	adv.	taxminan, qo'pol tarzda	She practiced speaking English roughly every morning.	U har tong inglizcha so'zlashuvni taxminan tarzda mashq qildi.		
safely	A2	adv.	xavfsiz holda	She practiced speaking English safely every morning.	U har tong inglizcha so'zlashuvni xavfsiz holda tarzda mashq qildi.		
scarcely	B2	adv.	arang, qiyinchilik bilan	She practiced speaking English scarcely every morning.	U har tong inglizcha so'zlashuvni arang tarzda mashq qildi.		
secondly	A2	adv.	ikkinchidan	She practiced speaking English secondly every morning.	U har tong inglizcha so'zlashuvni ikkinchidan tarzda mashq qildi.		
secretly	B1	adv.	yashirincha	She practiced speaking English secretly every morning.	U har tong inglizcha so'zlashuvni yashirincha tarzda mashq qildi.		
seemingly	B2	adv.	ko'rinishidan	She practiced speaking English seemingly every morning.	U har tong inglizcha so'zlashuvni ko'rinishidan tarzda mashq qildi.		
seldom	B1	adv.	kamdan-kam hollarda	She practiced speaking English seldom every morning.	U har tong inglizcha so'zlashuvni kamdan-kam hollarda tarzda mashq qildi.		
seriously	A2	adv.	jiddiy ravishda	She practiced speaking English seriously every morning.	U har tong inglizcha so'zlashuvni jiddiy ravishda tarzda mashq qildi.		
severely	B2	adv.	og'ir, qattiq	She practiced speaking English severely every morning.	U har tong inglizcha so'zlashuvni og'ir tarzda mashq qildi.		
shortly	B1	adv.	tez orada	She practiced speaking English shortly every morning.	U har tong inglizcha so'zlashuvni tez orada tarzda mashq qildi.		
significantly	B2	adv.	sezilarli darajada	She practiced speaking English significantly every morning.	U har tong inglizcha so'zlashuvni sezilarli darajada tarzda mashq qildi.		
silently	A2	adv.	jimjitlikda, ovozsiz	She practiced speaking English silently every morning.	U har tong inglizcha so'zlashuvni jimjitlikda tarzda mashq qildi.		
simply	A2	adv.	shunchaki, oddiy qilib	She practiced speaking English simply every morning.	U har tong inglizcha so'zlashuvni shunchaki tarzda mashq qildi.		
sincerely	A2	adv.	chin dildan, samimiy	She practiced speaking English sincerely every morning.	U har tong inglizcha so'zlashuvni chin dildan tarzda mashq qildi.		
slightly	B1	adv.	ozgina, biroz	She practiced speaking English slightly every morning.	U har tong inglizcha so'zlashuvni ozgina tarzda mashq qildi.		
slowly	A1	adv.	sekin, ohista	She practiced speaking English slowly every morning.	U har tong inglizcha so'zlashuvni sekin tarzda mashq qildi.		
smoothly	B1	adv.	silliq, to'siqlarsiz	She practiced speaking English smoothly every morning.	U har tong inglizcha so'zlashuvni silliq tarzda mashq qildi.		
so	A1	adv.	shunchalik, shunday	She practiced speaking English so every morning.	U har tong inglizcha so'zlashuvni shunchalik tarzda mashq qildi.		
softly	A2	adv.	ohista, muloyim qilib	She practiced speaking English softly every morning.	U har tong inglizcha so'zlashuvni ohista tarzda mashq qildi.		
solely	B2	adv.	faqatgina	She practiced speaking English solely every morning.	U har tong inglizcha so'zlashuvni faqatgina tarzda mashq qildi.		
somewhat	B1	adv.	bir oz, qaysidir ma'noda	She practiced speaking English somewhat every morning.	U har tong inglizcha so'zlashuvni bir oz tarzda mashq qildi.		
soon	A1	adv.	tez orada	She practiced speaking English soon every morning.	U har tong inglizcha so'zlashuvni tez orada tarzda mashq qildi.		
specifically	B1	adv.	xususan, aniq qilib	She practiced speaking English specifically every morning.	U har tong inglizcha so'zlashuvni xususan tarzda mashq qildi.		
steadily	B1	adv.	barqaror ravishda	She practiced speaking English steadily every morning.	U har tong inglizcha so'zlashuvni barqaror ravishda tarzda mashq qildi.		
still	A1	adv.	hali ham	She practiced speaking English still every morning.	U har tong inglizcha so'zlashuvni hali ham tarzda mashq qildi.		
strictly	B1	adv.	qat'iyan	She practiced speaking English strictly every morning.	U har tong inglizcha so'zlashuvni qat'iyan tarzda mashq qildi.		
strongly	A2	adv.	kuchli tarzda	She practiced speaking English strongly every morning.	U har tong inglizcha so'zlashuvni kuchli tarzda tarzda mashq qildi.		
suddenly	A2	adv.	to'satdan, birdaniga	She practiced speaking English suddenly every morning.	U har tong inglizcha so'zlashuvni to'satdan tarzda mashq qildi.		
successfully	A2	adv.	muvaffaqiyatli tarzda	She practiced speaking English successfully every morning.	U har tong inglizcha so'zlashuvni muvaffaqiyatli tarzda tarzda mashq qildi.		
sufficiently	B2	adv.	yetarli darajada	She practiced speaking English sufficiently every morning.	U har tong inglizcha so'zlashuvni yetarli darajada tarzda mashq qildi.		
surely	A2	adv.	albatta, shubhasiz	She practiced speaking English surely every morning.	U har tong inglizcha so'zlashuvni albatta tarzda mashq qildi.		
surprisingly	B1	adv.	kutilmaganda	She practiced speaking English surprisingly every morning.	U har tong inglizcha so'zlashuvni kutilmaganda tarzda mashq qildi.		
swiftly	B2	adv.	tezkorlik bilan	She practiced speaking English swiftly every morning.	U har tong inglizcha so'zlashuvni tezkorlik bilan tarzda mashq qildi.		
systematically	B2	adv.	tizimli ravishda	She practiced speaking English systematically every morning.	U har tong inglizcha so'zlashuvni tizimli ravishda tarzda mashq qildi.		
temporarily	B1	adv.	vaqtincha	She practiced speaking English temporarily every morning.	U har tong inglizcha so'zlashuvni vaqtincha tarzda mashq qildi.		
terribly	A2	adv.	daxshatli darajada	She practiced speaking English terribly every morning.	U har tong inglizcha so'zlashuvni daxshatli darajada tarzda mashq qildi.		
then	A1	adv.	so'ngra, keyin	She practiced speaking English then every morning.	U har tong inglizcha so'zlashuvni so'ngra tarzda mashq qildi.		
there	A1	adv.	u yerda, u yoqqa	She practiced speaking English there every morning.	U har tong inglizcha so'zlashuvni u yerda tarzda mashq qildi.		
thereafter	B2	adv.	shundan keyin	She practiced speaking English thereafter every morning.	U har tong inglizcha so'zlashuvni shundan keyin tarzda mashq qildi.		
thereby	B2	adv.	shu tariqa	She practiced speaking English thereby every morning.	U har tong inglizcha so'zlashuvni shu tariqa tarzda mashq qildi.		
therefore	A2	adv.	shuning uchun	She practiced speaking English therefore every morning.	U har tong inglizcha so'zlashuvni shuning uchun tarzda mashq qildi.		
thoroughly	B1	adv.	puxta, boshdan-oyoq	She practiced speaking English thoroughly every morning.	U har tong inglizcha so'zlashuvni puxta tarzda mashq qildi.		
thoughtfully	B2	adv.	o'ylab, mulohaza bilan	She practiced speaking English thoughtfully every morning.	U har tong inglizcha so'zlashuvni o'ylab tarzda mashq qildi.		
thus	B2	adv.	demak, shunday qilib	She practiced speaking English thus every morning.	U har tong inglizcha so'zlashuvni demak tarzda mashq qildi.		
tightly	A2	adv.	mahkam qilib	She practiced speaking English tightly every morning.	U har tong inglizcha so'zlashuvni mahkam qilib tarzda mashq qildi.		
together	A1	adv.	birgalikda	She practiced speaking English together every morning.	U har tong inglizcha so'zlashuvni birgalikda tarzda mashq qildi.		
too	A1	adv.	juda; ham	She practiced speaking English too every morning.	U har tong inglizcha so'zlashuvni juda; ham tarzda mashq qildi.		
totally	A2	adv.	butunlay	She practiced speaking English totally every morning.	U har tong inglizcha so'zlashuvni butunlay tarzda mashq qildi.		
traditionally	B1	adv.	an'anaviy ravishda	She practiced speaking English traditionally every morning.	U har tong inglizcha so'zlashuvni an'anaviy ravishda tarzda mashq qildi.		
tremendously	B2	adv.	ulkan darajada	She practiced speaking English tremendously every morning.	U har tong inglizcha so'zlashuvni ulkan darajada tarzda mashq qildi.		
truly	A2	adv.	haqiqatan ham	She practiced speaking English truly every morning.	U har tong inglizcha so'zlashuvni haqiqatan ham tarzda mashq qildi.		
twice	A1	adv.	ikki marta	She practiced speaking English twice every morning.	U har tong inglizcha so'zlashuvni ikki marta tarzda mashq qildi.		
ultimately	B2	adv.	oxir-oqibat	She practiced speaking English ultimately every morning.	U har tong inglizcha so'zlashuvni oxir-oqibat tarzda mashq qildi.		
unbelievably	B1	adv.	ishonib bo'lmas darajada	She practiced speaking English unbelievably every morning.	U har tong inglizcha so'zlashuvni ishonib bo'lmas darajada tarzda mashq qildi.		
unconsciously	B2	adv.	beixtiyor	She practiced speaking English unconsciously every morning.	U har tong inglizcha so'zlashuvni beixtiyor tarzda mashq qildi.		
undoubtedly	B2	adv.	shubhasiz	She practiced speaking English undoubtedly every morning.	U har tong inglizcha so'zlashuvni shubhasiz tarzda mashq qildi.		
unexpectedly	B1	adv.	kutilmaganda	She practiced speaking English unexpectedly every morning.	U har tong inglizcha so'zlashuvni kutilmaganda tarzda mashq qildi.		
unfortunately	A2	adv.	afsuski	She practiced speaking English unfortunately every morning.	U har tong inglizcha so'zlashuvni afsuski tarzda mashq qildi.		
uniformly	B2	adv.	bir xilda	She practiced speaking English uniformly every morning.	U har tong inglizcha so'zlashuvni bir xilda tarzda mashq qildi.		
uniquely	B2	adv.	o'ziga xos tarzda	She practiced speaking English uniquely every morning.	U har tong inglizcha so'zlashuvni o'ziga xos tarzda tarzda mashq qildi.		
universally	B2	adv.	umumjahon miqyosida	She practiced speaking English universally every morning.	U har tong inglizcha so'zlashuvni umumjahon miqyosida tarzda mashq qildi.		
unusually	B1	adv.	g'ayritabiiy ravishda	She practiced speaking English unusually every morning.	U har tong inglizcha so'zlashuvni g'ayritabiiy ravishda tarzda mashq qildi.		
urgently	B1	adv.	shoshilinch tarzda	She practiced speaking English urgently every morning.	U har tong inglizcha so'zlashuvni shoshilinch tarzda tarzda mashq qildi.		
usually	A1	adv.	odatda	She practiced speaking English usually every morning.	U har tong inglizcha so'zlashuvni odatda tarzda mashq qildi.		
utterly	C1	adv.	mutlaqo	She practiced speaking English utterly every morning.	U har tong inglizcha so'zlashuvni mutlaqo tarzda mashq qildi.		
vaguely	B2	adv.	noaniq tarzda	She practiced speaking English vaguely every morning.	U har tong inglizcha so'zlashuvni noaniq tarzda tarzda mashq qildi.		
vastly	B2	adv.	katta darajada	She practiced speaking English vastly every morning.	U har tong inglizcha so'zlashuvni katta darajada tarzda mashq qildi.		
very	A1	adv.	juda	She practiced speaking English very every morning.	U har tong inglizcha so'zlashuvni juda tarzda mashq qildi.		
vigorously	B2	adv.	g'ayrat bilan	She practiced speaking English vigorously every morning.	U har tong inglizcha so'zlashuvni g'ayrat bilan tarzda mashq qildi.		
virtually	B2	adv.	amalda, deyarli	She practiced speaking English virtually every morning.	U har tong inglizcha so'zlashuvni amalda tarzda mashq qildi.		
visibly	B2	adv.	ko'rinib turadigan tarzda	She practiced speaking English visibly every morning.	U har tong inglizcha so'zlashuvni ko'rinib turadigan tarzda tarzda mashq qildi.		
visually	B2	adv.	ko'rgazmali ravishda	She practiced speaking English visually every morning.	U har tong inglizcha so'zlashuvni ko'rgazmali ravishda tarzda mashq qildi.		
warmly	A2	adv.	iliq kutib olib	She practiced speaking English warmly every morning.	U har tong inglizcha so'zlashuvni iliq kutib olib tarzda mashq qildi.		
well	A1	adv.	yaxshi	She practiced speaking English well every morning.	U har tong inglizcha so'zlashuvni yaxshi tarzda mashq qildi.		
widely	B1	adv.	keng miqyosda	She practiced speaking English widely every morning.	U har tong inglizcha so'zlashuvni keng miqyosda tarzda mashq qildi.		
willingly	B1	adv.	bajonidil, o'z xohishi bilan	She practiced speaking English willingly every morning.	U har tong inglizcha so'zlashuvni bajonidil tarzda mashq qildi.		
wisely	B1	adv.	oqilona tarzda	She practiced speaking English wisely every morning.	U har tong inglizcha so'zlashuvni oqilona tarzda tarzda mashq qildi.		
wonderfully	A2	adv.	ajoyib tarzda	She practiced speaking English wonderfully every morning.	U har tong inglizcha so'zlashuvni ajoyib tarzda tarzda mashq qildi.		
worldwide	B1	adv.	butun dunyo bo'ylab	She practiced speaking English worldwide every morning.	U har tong inglizcha so'zlashuvni butun dunyo bo'ylab tarzda mashq qildi.		
wrongly	B1	adv.	noto'g'ri tarzda	She practiced speaking English wrongly every morning.	U har tong inglizcha so'zlashuvni noto'g'ri tarzda tarzda mashq qildi.		
yearly	B1	adv.	har yili	She practiced speaking English yearly every morning.	U har tong inglizcha so'zlashuvni har yili tarzda mashq qildi.		
yesterday	A1	adv.	kecha	She practiced speaking English yesterday every morning.	U har tong inglizcha so'zlashuvni kecha tarzda mashq qildi.		
yet	A2	adv.	hali, hanuz	She practiced speaking English yet every morning.	U har tong inglizcha so'zlashuvni hali tarzda mashq qildi.		
abandon	B2	v.	tashlab ketmoq, voz kechmoq	Never abandon your high ideals.	Yuksak maqsadlaringizdan aslo voz kechmang.		
abstract	B2	adj.	mavhum, abstrakt	Think through abstract concepts patiently.	Mavhum tushunchalarni sabr bilan tahlil qiling.		
academy	B1	n.	akademiya, oliy dargoh	IBRAT Academy offers fantastic free lessons.	IBRAT Akademiyasi ajoyib bepul darslarni taqdim etadi.		
accelerate	B2	v.	tezlashtirmoq	Daily reading will accelerate your progress.	Kunlik mutolaa o'sishingizni tezlashtiradi.		
accommodate	B2	v.	joylashtirmoq, moslashmoq	Our schedule accommodates prayer and study.	Jadvalimiz namoz va o'qishni o'zida uyg'unlashtiradi.		
accumulate	B2	v.	to'plamoq, jamlamoq	Accumulate knowledge day after day.	Kundan-kunga bilim to'plab boring.		
acknowledge	B2	v.	tan olmoq, e'tirof etmoq	Acknowledge every small step forward.	Har bir kichik olg'a qadamni e'tirof eting.		
adequate	B1	adj.	yetarli, maqbul	Ensure adequate sleep before exam days.	Imtihon kunlaridan oldin yetarlicha uxlang.		
adjacent	B2	adj.	qo'shni, yondosh	The library is adjacent to our school.	Kutubxona maktabimizga yondosh joylashgan.		
advocate	B2	v.	tarafdor bo'lmoq, yoqlamoq	We advocate deep learning over cramming.	Biz yuzaki yodlashdan ko'ra chuqur tushunish tarafdorimiz.		
aesthetic	C1	adj.	estetik, go'zal	Liquid Glass design has an aesthetic appeal.	Liquid Glass dizayni estetik jozibaga ega.		
aggregate	B2	adj.	umumiy, jamlangan	The aggregate score exceeded ninety percent.	Umumiy ball to'qson foizdan oshdi.		
albeit	C1	conj.	garchi, shunday bo'lsa-da	He progressed steadily, albeit slowly.	U sekin bo'lsa-da, barqaror o'sib bordi.		
align	B2	v.	muvofiqlashtirmoq, bir chiziqqa keltirmoq	Align your daily habits with your grand dream.	Kunlik odatlaringizni buyuk orzungiz bilan muvofiqlashtiring.		
allocate	B2	v.	ajratmoq	Allocate two hours for coding practice.	Dasturlash mashqi uchun ikki soat ajrating.		
ambiguous	B2	adj.	noaniq, ikki xil ma'noli	Avoid ambiguous wording in your reports.	Hisobotlaringizda noaniq so'zlardan qoching.		
amend	B2	v.	o'zgartirish kiritmoq, tuzatmoq	Amend your schedule when priorities shift.	Ustuvorliklar o'zgarganda jadvalingizga tuzatish kiriting.		
analogy	B2	n.	qiyoslash, o'xshatish	Use an analogy to explain the difficult concept.	Qiyin tushunchani tushuntirish uchun o'xshatishdan foydalaning.		
anomaly	C1	n.	anomaliya, noodatiy holat	Track any anomaly in your sleep metrics.	Uyqu ko'rsatkichlaridagi har qanday noodatiy holatni kuzating.		
apparatus	B2	n.	uskuna, asbob, apparat	The laboratory possesses modern research apparatus.	Laboratoriya zamonaviy tadqiqot uskunalariga ega.		
appendix	B2	n.	ilova, qo'shimcha qism	Check the vocabulary appendix at the back.	Kitob orqasidagi lug'at ilovasini ko'ring.		
arbitrary	B2	adj.	ixtiyoriy, tasodifiy	Never make arbitrary changes to your schedule.	Jadvalingizga tasodifiy o'zgartirishlar kiritmang.		
archive	B2	n.	arxiv	Review the saved journal archive regularly.	Saqlangan kundalik arxivini muntazam ko'rib chiqing.		
aspire	B2	v.	intilmoq	Aspire to speak English like a native.	Inglizcha ona tilidek gapirishga intiling.		
attain	B2	v.	yetishmoq, erishmoq	Attain an overall band eight in IELTS.	IELTS dan umumiy sakkiz ballga erishing.		
authentic	B2	adj.	haqiqiy, asl	Listen to authentic English podcasts daily.	Har kuni asl ingliz tilidagi podkastlarni tinglang.		
autonomous	C1	adj.	mustaqil, avtonom	Become an autonomous lifelong learner.	Mustaqil, umrbod o'rganuvchi insonga aylaning.		
benchmark	B2	n.	mezon, etalon	Use Oxford 3000 as your vocabulary benchmark.	Oxford 3000 ni lug'at mezoniz sifatida oling.		
brevity	C1	n.	qisqalik, siqiqlik	Brevity is the soul of wit.	Qisqalik — zukkolikning belgisidir.		
capability	B2	n.	qobiliyat, imkoniyat	Expand your mental capability through study.	O'qish orqali aqliy imkoniyatingizni kengaytiring.		
catalyst	B2	n.	katalizator, turtki	Discipline is the catalyst for massive achievement.	Intizom — ulkan yutuqlar uchun asosiy turtkidir.		
chronological	B2	adj.	xronologik, vaqt tartibidagi	Arrange events in chronological sequence.	Voqealarni xronologik tartibda joylashtiring.		
clarity	B2	n.	tiniqlik, ravshanlik	Morning silence brings deep mental clarity.	Tonggi sukunat chuqur aqliy tiniqlik olib keladi.		
cognitive	B2	adj.	kognitiv, bilishga oid	Challenging tasks build cognitive strength.	Qiyin vazifalar aqliy quvvatni mustahkamlaydi.		
coherent	B2	adj.	mantiqiy, bog'langan	Speak with coherent and fluid ideas.	Mantiqiy va ravon fikrlar bilan so'zlang.		
coincide	B2	v.	mos kelmoq, to'g'ri kelmoq	Our study session coincides with sunrise.	O'qish vaqtimiz quyosh chiqishi bilan to'g'ri keladi.		
collaborate	B2	v.	hamkorlik qilmoq	Collaborate on coding projects during RTM.	RTM paytida dasturlash loyihalarida hamkorlik qiling.		
commodity	B2	n.	tovar, mahsulot	Time is the most valuable commodity on earth.	Vaqt — yerdagi eng qimmatli boylikdir.		
compatible	B2	adj.	mos, mutanosib	Ensure all libraries are compatible.	Barcha kutubxonalar bir-biriga mos ekaniga ishonch hosil qiling.		
competence	B2	n.	malaka, mahorat	Develop deep competence in grammar and syntax.	Grammatika va sintaksisda chuqur malaka hosil qiling.		
compile	B2	v.	jamlamoq, kompilyatsiya qilmoq	Compile your code without errors.	Kodingizni xatolarsiz kompilyatsiya qiling.		
complement	B2	v.	to'ldirmoq, boyitmoq	Listening complements reading practice.	Eshitish mashqi o'qish amaliyotini to'ldiradi.		
complex	B1	adj.	murakkab	Deconstruct complex grammar into simple rules.	Murakkab grammatikani oddiy qoidalarga ajrating.		
component	B2	n.	tarkibiy qism	Vocabulary is a vital component of language.	Lug'at boyligi — tilning hayotiy tarkibiy qismidir.		
comprehensive	B2	adj.	keng qamrovli	This is a comprehensive study schedule.	Bu juda keng qamrovli o'quv jadvalidir.		
comprise	B2	v.	tashkil topmoq, o'z ichiga olmoq	The Oxford 3000 comprises core English words.	Oxford 3000 eng asosiy inglizcha so'zlardan tashkil topgan.		
compute	B2	v.	hisoblamoq	Compute your daily study hours accurately.	Kunlik o'qish soatlaringizni aniq hisoblang.		
conceive	B2	v.	o'ylab topmoq, tasavvur qilmoq	Conceive creative solutions to problems.	Muammolarga ijodiy yechimlar o'ylab toping.		
concurrent	B2	adj.	bir vaqtda yuz beradigan	Manage concurrent tasks with calm focus.	Bir vaqtdagi vazifalarni xotirjam diqqat bilan bajaring.		
conduct	B2	v.	o'tkazmoq, olib bormoq	Conduct a weekly self-assessment.	Haftalik o'z-o'zini baholashni o'tkazing.		
conform	B2	v.	mos kelmoq, rioya qilmoq	Conform to the proven laws of habit formation.	Odat shakllanishining isbotlangan qoidalariga rioya qiling.		
consent	B2	n.	rozilik	Give your full consent to self-discipline.	O'z-o'zini tarbiyalashga chin dildan rozilik bering.		
consequent	B2	adj.	oqibatda kelib chiqadigan	Hard work brings consequent success.	Tirishqoqlik o'z ortidan muvaffaqiyat keltiradi.		
considerable	B2	adj.	sezilarli, salmoqli	You will make considerable progress this month.	Bu oyda siz salmoqli o'sishga erishasiz.		
consist	A2	v.	iborat bo'lmoq	Success consists of small daily victories.	Muvaffaqiyat kichik kunlik g'alabalardan iboratdir.		
constant	A2	adj.	doimiy	Maintain constant enthusiasm throughout.	Boshidan oxirigacha doimiy ishtiyoqni saqlang.		
constitute	B2	v.	tashkil etmoq	Daily habits constitute your future character.	Kunlik odatlar kelajakdagi xarakteringizni tashkil etadi.		
constrain	B2	v.	cheklamoq, to'smoq	Never feel constrained by past failures.	O'tgan muvaffaqiyatsizliklar sizni cheklashiga yo'l qo'ymang.		
construct	B1	v.	qurmoq	Construct eloquent sentences in English.	Ingliz tilida ravon jumlalar quring.		
consult	A2	v.	maslahatlashmoq, qaramoq	Consult your teacher on difficult Murphy units.	Qiyin Merfi darslarida ustozingiz bilan maslahatlashing.		
consume	B1	v.	iste'mol qilmoq, yutmoq	Consume healthy books that nurture wisdom.	Hikmat ulashuvchi foydali kitoblarni o'qing.		
contemporary	B2	adj.	zamonaviy	Listen to contemporary BBC discussions.	Zamonaviy BBC munozaralarini tinglang.		
context	A2	n.	kontekst, matn holati	Always learn new words in context.	Yangi so'zlarni doimo kontekstda o'rganing.		
contract	B1	n.	shartnoma	Make a sacred contract with your future self.	Kelajakdagi o'zingiz bilan muqaddas ahdnoma tuzing.		
contradict	B2	v.	zid kelmoq, inkor qilmoq	Never contradict your own core ethics.	O'zingizning axloqiy tamoyillaringizga zid bormang.		
contrary	B2	adj.	teskari, zid	On the contrary, challenges make you stronger.	Aksincha, qiyinchiliklar sizni yanada kuchli qiladi.		
contrast	B1	n.	tafovut, kontrast	Note the sharp contrast between effort and laziness.	Mehnat va erinchoqlik orasidagi keskin farqqa boqing.		
contribute	B1	v.	hissa qo'shmoq	Contribute with passion to community projects.	Jamoat loyihalariga ishtiyoq bilan hissa qo'shing.		
controversy	B2	n.	bahs-munozara	Avoid useless online controversy.	Foydasiz internet tortishuvlaridan uzoq turing.		
convene	B2	v.	chaqirmoq, yig'ilmoq	Students convene for speaking club at four.	Talabalar soat to'rtda so'zlashuv klubiga yig'ilishadi.		
converse	B2	v.	suhbatlashmoq	Converse in English with confidence.	Ingliz tilida ishonch bilan suhbatlashing.		
convert	B1	v.	aylantirmoq	Convert wasted minutes into learned vocabulary.	Boy berilgan daqiqalarni o'rganilgan so'zlarga aylantiring.		
convince	B1	v.	ishontirmoq	Convince yourself that you can achieve fluency.	Ravon gapira olishingizga o'zingizni ishontiring.		
cooperate	B1	v.	hamkorlik qilmoq	Cooperate with peers on coding assignments.	Dasturlash topshiriqlarida tengdoshlar bilan hamkorlik qiling.		
core	B2	adj., n.	asosiy, o'zak	Focus on core English grammar patterns.	Ingliz tili grammatikasining asosiy o'zagiga e'tibor qarating.		
corporate	B2	adj.	korporativ, kompaniyaga oid	Learn corporate business vocabulary.	Korporativ biznes so'zlarini o'rganing.		
correspond	B2	v.	mos kelmoq, xat yozishmoq	Actions must correspond with words.	Amallar so'zlarga mos kelishi shart.		
crucial	B2	adj.	hal qiluvchi	Consistency is crucial for lasting success.	Doimiylik uzoq muddatli muvaffaqiyat uchun hal qiluvchidir.		
currency	B1	n.	valyuta; qadr-qimmat	Patience is a timeless human currency.	Sabr — insoniy fazilatlarning abadiy boyligidir.		
cycle	A2	n.	davr, sikl	Maintain a healthy twenty-four-hour sleep cycle.	Yigirma to'rt soatlik sog'lom uyqu siklini saqlang.		
data	A2	n.	ma'lumotlar	Analyze your study data objectively.	O'qish ma'lumotlaringizni xolisona tahlil qiling.		
debate	B1	n.	munozara	Participate in academic English debate.	Ilmiy ingliz tili munozaralarida qatnashing.		
decade	B1	n.	o'n yillik	Invest in skills that will last a decade.	O'n yillab xizmat qiladigan ko'nikmalarga sarmoya qiling.		
decline	B2	v.	rad etmoq; pasaymoq	Decline distractions firmly.	Chalg'ituvchi narsalarni qat'iy rad eting.		
deduce	B2	v.	xulosa chiqarmoq	Deduce the word meaning from sentence context.	So'z ma'nosini gap kontekstidan xulosa qilib oling.		
definite	B1	adj.	aniq, muayyan	Have a definite plan for each study hour.	Har bir o'qish soati uchun aniq rejaga ega bo'ling.		
demonstrate	B1	v.	namoyish etmoq	Demonstrate mastery through fluent speaking.	Ravon nutq orqali mahoratingizni namoyish eting.		
denote	B2	v.	anglatmoq, bildirmoq	This prefix denotes negative meaning.	Ushbu qo'shimcha inkor ma'nosini bildiradi.		
deny	B1	v.	inkor qilmoq, rad etmoq	Never deny yourself the joy of learning.	O'zingizdan o'rganish quvonchini aslo qizg'anmang.		
depict	B2	v.	tasvirlamoq	The author depicts life with vibrant colors.	Muallif hayotni yorqin ranglarda tasvirlaydi.		
derive	B2	v.	olmoq, kelib chiqmoq	Derive profound satisfaction from hard work.	Tirishqoq mehnatdan chuqur mamnuniyat oling.		
design	A2	n.	dizayn, reja	The app features modern Liquid Glass design.	Ilova zamonaviy Liquid Glass dizayniga ega.		
detect	B2	v.	aniqlamoq, payqamoq	Detect subtle grammar nuances easily.	Nozik grammatik farqlarni oson payqang.		
deviate	B2	v.	chetga chiqmoq, adashmoq	Do not deviate from your established timetable.	Belgilangan dars jadvalingizdan chetga chiqmang.		
differentiate	B2	v.	farqlamoq, ajratmoq	Differentiate between similar English words.	O'xshash inglizcha so'zlar orasidagi farqni ajrating.		
dimension	B2	n.	o'lchov, jihat	Language learning adds a new dimension to life.	Til o'rganish hayotga yangi jihat bag'ishlaydi.		
diminish	B2	v.	kamaymoq, susaymoq	Doubts diminish when action begins.	Harakat boshlanganda shubhalar so'nadi.		
discrete	B2	adj.	alohida, bo'lingan	Break your study into discrete thirty-minute blocks.	O'qishingizni alohida o'ttiz daqiqalik bloklarga bo'ling.		
discriminate	B2	v.	ajratmoq; kamsitmoq	Learn to discriminate between good and great.	Yaxshi bilan a'lo o'rtasidagi farqni ajratishni o'rganing.		
displace	B2	v.	o'rnini olmoq, siqib chiqarmoq	Good habits displace useless distractions.	Yaxshi odatlar foydasiz chalg'ishlarni siqib chiqaradi.		
display	B1	v.	ko'rsatmoq	Display courage in every challenging exam.	Har bir murakkab imtihonda jasorat ko'rsating.		
dispose	B2	v.	yo'q qilmoq, tartibga solmoq	Dispose of wasteful habits once and for all.	Vaqtni o'g'irlaydigan odatlardan butunlay xalos bo'ling.		
distinct	B2	adj.	yaqqol, aniq	Your accent sounds distinct and confident.	Talaffuzingiz aniq va ishonchli yangramoqda.		
distort	B2	v.	buzmoq, noto'g'ri ko'rsatmoq	Never distort historical facts.	Tarixiy faktlarni aslo buzib ko'rsatmang.		
distribute	B1	v.	taqsimlamoq	Distribute your energy wisely throughout the day.	Kun bo'yi quvvatingizni oqilona taqsimlang.		
diverse	B2	adj.	turfa xil	Explore diverse literature in Oxford Bookworms.	Oxford Bookworms kitoblarida turfa xil adabiyotni o'rganing.		
document	A2	n.	hujjat	Keep your study documents well organized.	O'quv hujjatlaringizni tartibli saqlang.		
domain	B2	n.	soha, hudud	Master the domain of English grammar.	Ingliz tili grammatikasi sohasini to'liq egallang.		
domestic	B1	adj.	uyga oid	Manage domestic duties promptly.	Uy yumushlarini tezda bajarib qo'ying.		
dominate	B2	v.	ustun bo'lmoq	Let focus dominate your morning routine.	Tonggi tartibingizda diqqat yetakchilik qilsin.		
draft	B1	n., v.	qoralama; qoralama qilmoq	Write a rough draft before polishing.	Tahrirlashdan oldin qoralama yozing.		
duration	B2	n.	davomiylik	Gradually extend the duration of deep study.	Chuqur o'qish davomiyligini asta-sekin uzaytiring.		
dynamic	B2	adj.	serharakat	Maintain a dynamic and energetic presence.	G'ayratli va serharakat holatda bo'ling.		
economy	B1	n.	iqtisodiyot	Language opens doors in the global economy.	Til jahon iqtisodiyotida yangi eshiklarni ochadi.		
element	B1	n.	unsur, element	Patience is an indispensable element of learning.	Sabr — o'rganishning ajralmas unsuridir.		
eliminate	B2	v.	bartaraf etmoq	Eliminate phone notifications while reading.	Mutolaa paytida telefon bildirishnomalarini o'chiring.		
emerge	B2	v.	yuzaga chiqmoq	Fluency will emerge through steady effort.	Ravonlik barqaror harakat orqali yuzaga chiqadi.		
emphasis	B2	n.	urg'u, e'tibor	Place special emphasis on correct pronunciation.	To'g'ri talaffuzga alohida urg'u bering.		
empirical	C1	adj.	tajribaviy, empirik	Base your habits on empirical evidence.	Odatlaringizni tajribada isbotlangan dalillarga asoslang.		
enable	B1	v.	imkoniyat bermoq	Discipline will enable you to pass every test.	Intizom har qanday testdan o'tishingizga imkon beradi.		
encounter	B2	v.	to'qnash kelmoq	When you encounter new words, save them to the vault.	Yangi so'zlarga duch kelganingizda, ularni sandiqqa saqlang.		
