word	level	pos	uz	example	uzExample	synonym	phonetic	rank
the	A1	art.	aniq artikl (o'sha, ma'lum narsa)	The sun rises in the east.	Quyosh sharqdan chiqadi.	that	/ðə/	1
be	A1	v.	bo'lmoq, mavjud bo'lmoq	Be confident when you speak English.	Inglizcha gapirayotganda o'zingizga ishoning.	exist	/biː/	2
to	A1	prep.	ga, sari; tomon	Listen to native speakers every day.	Har kuni ona tilida so'zlashuvchilarni tinglang.	towards	/tuː/	3
of	A1	prep.	ning, dan iborat	This is the result of your discipline.	Bu sizning intizomingiz natijasidir.	concerning	/əv/	4
and	A1	conj.	va, hamda	Practice reading and speaking daily.	Har kuni o'qish va gapirishni mashq qiling.	plus	/ænd/	5
a	A1	art.	bir (noaniq artikl)	Set a clear goal for each study session.	Har bir mashg'ulot uchun aniq maqsad qo'ying.	one	/ə/	6
in	A1	prep.	ichida, da	Invest your energy in meaningful skills.	Kuchingizni foydali ko'nikmalarga sarflang.	inside	/ɪn/	7
that	A1	pron., conj.	anavi, o'sha; ekanligini	Remember that consistency creates champions.	Doimiylik chempionlarni yetishtirishini unutmang.	which	/ðæt/	8
have	A1	v.	ega bo'lmoq, bor bo'lmoq	You have great potential in English.	Sizda ingliz tilida katta imkoniyat bor.	possess	/hæv/	9
i	A1	pron.	men	I speak English with growing confidence.	Men ingliz tilida tobora ortib borayotgan ishonch bilan gapiraman.	myself	/aɪ/	10
it	A1	pron.	u (jonsiz yoki hayvon uchun)	It takes time to build fluency.	Ravonlikka erishish vaqt talab etadi.	this	/ɪt/	11
for	A1	prep.	uchun, mobaynida	Dedicate thirty minutes for vocabulary.	Lug'at uchun o'ttiz daqiqa ajrating.	in favor of	/fɔːr/	12
not	A1	adv.	emas, yo'q	Do not hesitate to express your thoughts.	Fikrlaringizni ifodalashda aslo ikkilanmang.	no	/nɒt/	13
on	A1	prep.	ustida, bo'yicha	Focus on your daily tasks without distraction.	Chalg'imasdan kunlik vazifalaringizga diqqat qarating.	upon	/ɒn/	14
with	A1	prep.	bilan, birga	Practice speaking with clear pronunciation.	Aniq talaffuz bilan gapirishni mashq qiling.	alongside	/wɪð/	15
he	A1	pron.	u (erkak kishi)	He practices pronunciation every morning.	U har kuni ertalab talaffuzni mashq qiladi.	him	/hiː/	16
as	A1	prep., conj.	sifatida, kabi; chunki	Speak as clearly as possible.	Imkon qadar aniq va ravon gapiring.	like	/æz/	17
you	A1	pron.	siz, sen	You can achieve speaking fluency.	Siz ravon gapirishga erisha olasiz.	yourself	/juː/	18
do	A1	v.	bajarmoq, qilmoq	Do your best in every exercise.	Har bir mashqda bor kuchingizni bering.	perform	/duː/	19
at	A1	prep.	da, qoshida	Meet me at the speaking club.	Gapirish klubida men bilan uchrashing.	near	/æt/	20
this	A1	pron., det.	bu, ushbu	Master this important vocabulary card.	Ushbu muhim lug'at kartasini o'zlashtiring.	current	/ðɪs/	21
but	A1	conj.	lekin, ammo, biroq	It is challenging, but you can master it.	Bu qiyin, lekin siz buni o'zlashtira olasiz.	however	/bʌt/	22
his	A1	pron.	uning (erkak)	His English pronunciation is very clear.	Uning inglizcha talaffuzi juda tiniq.	belonging to him	/hɪz/	23
by	A1	prep.	orqali, vositasida; yonida	Improve your vocabulary by active reading.	Faol o'qish orqali so'z boyligingizni oshiring.	via	/baɪ/	24
from	A1	prep.	dan (boshlab)	Learn from every mistake you make.	Har bir yo'l qo'ygan xatongizdan saboq oling.	starting at	/frɒm/	25
they	A1	pron.	ular	They communicate in English fluently.	Ular ingliz tilida ravon muloqot qilishadi.	them	/ðeɪ/	26
we	A1	pron.	biz	We improve our English step by step.	Biz qadamma-qadam ingliz tilimizni yaxshilaymiz.	us	/wiː/	27
say	A1	v.	aytmoq, demoq	Say each English word aloud.	Har bir inglizcha so'zni ovoz chiqarib ayting.	state	/seɪ/	28
her	A1	pron.	uning, uni (ayol)	Her dedication to English is inspiring.	Uning ingliz tiliga bo'lgan fidoyiligi ilhomlantiradi.	hers	/hɜːr/	29
she	A1	pron.	u (ayol kishi)	She reads English books every evening.	U har oqshom inglizcha kitoblar o'qiydi.	female	/ʃiː/	30
or	A1	conj.	yoki, yohud	Practice speaking alone or with friends.	Yolg'iz yoki do'stlaringiz bilan gapirishni mashq qiling.	alternatively	/ɔːr/	31
an	A1	art.	bir (unli tovushdan oldin)	Make an effort every single day.	Har bir kun alohida harakat qiling.	one	/æn/	32
will	A1	v., modal	bo'ladi (kelasi zamon)	You will master English speaking.	Siz inglizcha so'zlashuvni albatta o'zlashtirasiz.	shall	/wɪl/	33
my	A1	pron.	mening	My goal is speaking fluency this year.	Mening maqsadim — bu yil ravon gapirish.	belonging to me	/maɪ/	34
one	A1	num., pron.	bir, bitta; inson	Learn one new phrase at a time.	Bir vaqtning o'zida bitta yangi iborani o'rganing.	single	/wʌn/	35
all	A1	det., pron.	barcha, hamma	Review all words before the quiz.	Sinovdan oldin barcha so'zlarni takrorlang.	entire	/ɔːl/	36
would	A2	modal v.	…gan bo'lardi	I would love to practice speaking with you.	Siz bilan gapirishni mashq qilishni juda istardim.	could	/wʊd/	37
there	A1	adv., pron.	u yerda; mavjud	There are countless ways to practice.	Mashq qilishning son-sanoqsiz yo'llari bor.	in that place	/ðeər/	38
their	A1	pron.	ularning	Their pronunciation is natural and clean.	Ularning talaffuzi tabiiy va ravshan.	belonging to them	/ðeər/	39
what	A1	pron.	nima, qanday	What is your main topic today?	Bugungi asosiy mavzuingiz nima?	which thing	/wɒt/	40
so	A1	adv., conj.	shunday qilib; juda	Practice daily, so you improve fast.	Har kuni mashq qiling, shunda tez o'sasiz.	therefore	/səʊ/	41
up	A1	adv., prep.	yuqoriga; o'rnidan	Wake up early and speak English.	Erta turing va inglizcha gapiring.	upward	/ʌp/	42
out	A1	adv., prep.	tashqariga, tashqarida	Speak out clearly without hesitation.	Ikkilanmasdan ovozingizni baland va aniq chiqaring.	outside	/aʊt/	43
if	A1	conj.	agar, agarda	If you practice today, you will speak tomorrow.	Agar bugun mashq qilsangiz, ertaga gapirasiz.	provided that	/ɪf/	44
who	A1	pron.	kim, kimki	Who is your favorite English speaker?	Sizning eng sevimli inglizcha notiq kim?	whom	/huː/	45
get	A1	v.	olmoq, erishmoq; tushunmoq	Get used to speaking out loud.	Ovoz chiqarib gapirishga odatlaning.	obtain	/ɡet/	46
which	A1	pron., det.	qaysi, qaysi biri	Which word do you want to learn?	Qaysi so'zni o'rganishni istaysiz?	that	/wɪtʃ/	47
go	A1	v.	bormoq, ketmoq	Go forward with courage and focus.	Jasorat va diqqat bilan olg'a boring.	proceed	/ɡəʊ/	48
me	A1	pron.	meni, menga	Tell me your thoughts in English.	Fikrlaringizni menga inglizcha ayting.	myself	/miː/	49
when	A1	adv., conj.	qachon, qachonki	Speak English when you meet friends.	Do'stlaringiz bilan uchrashganda inglizcha gapiring.	at what time	/wen/	50
make	A1	v.	yasamoq, qilmoq; erishmoq	Make sentences with your new words.	Yangi so'zlaringiz bilan jumlalar tuzing.	create	/meɪk/	51
can	A1	modal v.	qila olmoq, bilmoq	You can master English with practice.	Mashq orqali ingliz tilini o'zlashtira olasiz.	be able to	/kæn/	52
like	A1	v., prep.	yoqtirmoq; kabi, o'xshash	I like learning vocabulary in context.	Men so'zlarni kontekstda o'rganishni yoqtiraman.	enjoy	/laɪk/	53
time	A1	n.	vaqt, payt, fursat	Dedicate quality time to speaking every day.	Har kuni gapirishga sifatli vaqt ajrating.	period	/taɪm/	54
no	A1	det., adv.	yo'q, hech qanday	There is no obstacle you cannot overcome.	Siz yenga olmaydigan hech qanday to'siq yo'q.	not any	/nəʊ/	55
just	A1	adv., adj.	shunchaki, faqat; adolatli	Just start speaking without overthinking.	Haddan tashqari ko'p o'ylamasdan shunchaki gapirishni boshlang.	simply	/dʒʌst/	56
him	A1	pron.	uni, unga (erkak)	Listen to him speaking with great accent.	Uning ajoyib talaffuz bilan gapirishini tinglang.	male person	/hɪm/	57
know	A1	v.	bilmoq, tanimoq	You know more English than you think.	Siz o'ylaganingizdan ko'ra ko'proq inglizcha bilasiz.	understand	/nəʊ/	58
take	A1	v.	olmoq, vaqt talab qilmoq	Take notes on key expressions.	Asosiy iboralar bo'yicha qaydlar yozib boring.	grab	/teɪk/	59
people	A1	n.	odamlar, insonlar	Connect with people through English.	Ingliz tili orqali odamlar bilan aloqa o'rnating.	humans	/ˈpiːpl/	60
into	A1	prep.	ichiga, tomon	Turn new words into active speech.	Yangi so'zlarni faol nutqqa aylantiring.	inside	/ˈɪntuː/	61
year	A1	n.	yil	Make this year your breakthrough in English.	Bu yilni ingliz tilidagi yuksalish yilingizga aylantiring.	annual period	/jɪər/	62
your	A1	pron.	sizning, sening	Your voice sounds natural and confident.	Sizning ovozingiz tabiiy va ishonchli yangramoqda.	belonging to you	/jɔːr/	63
good	A1	adj.	yaxshi, foydali	Good habits produce excellent results.	Yaxshi odatlar a'lo natijalar keltiradi.	positive	/ɡʊd/	64
some	A1	det., pron.	ba'zi, bir qancha	Practice some sentences out loud.	Bir nechta jumlalarni ovoz chiqarib mashq qiling.	a few	/sʌm/	65
could	A2	modal v.	qila olardi (o'tgan zamon yoki iltimos)	Could you repeat that sentence please?	O'sha jumlani qaytara olasizmi, iltimos?	might	/kʊd/	66
them	A1	pron.	ularni, ularga	Review these words and master them.	Ushbu so'zlarni takrorlang va ularni o'zlashtiring.	those people	/ðem/	67
see	A1	v.	ko'rmoq, tushunmoq	I see great progress in your speaking.	Nutqingizda katta o'sishni ko'ryapman.	perceive	/siː/	68
other	A1	adj., pron.	boshqa, o'zga	Learn from other successful speakers.	Boshqa muvaffaqiyatli notiqlardan o'rganing.	different	/ˈʌðər/	69
than	A1	conj., prep.	ko'ra, nisbatan	Action is better than hesitation.	Harakat ikkilanishdan ko'ra afzaldir.	compared to	/ðæn/	70
then	A1	adv.	so'ng, keyin, o'shanda	Listen first, then speak out loud.	Avval tinglang, so'ngra ovoz chiqarib gapiring.	afterwards	/ðen/	71
now	A1	adv.	hozir, ayni paytda	Start speaking English right now.	Aynan hozir inglizcha gapirishni boshlang.	at present	/naʊ/	72
look	A1	v., n.	qaramoq, ko'rinmoq; nazar	Look at the transcription to pronounce correctly.	To'g'ri talaffuz qilish uchun transkripsiyaga qarang.	glance	/lʊk/	73
only	A1	adv., adj.	faqat, yagona	Consistency is the only secret to fluency.	Doimiylik — ravonlikning yagona siridir.	solely	/ˈəʊnli/	74
come	A1	v.	kelmoq, yetib kelmoq	Success will come with patient practice.	Sabrli mashg'ulot bilan muvaffaqiyat albatta keladi.	arrive	/kʌm/	75
its	A1	pron.	uning (jonsiz)	Each word has its unique nuance.	Har bir so'z o'ziga xos ma'no nozikligiga ega.	belonging to it	/ɪts/	76
over	A1	prep., adv.	ustidan; tugagan; ko'proq	Review words over and over again.	So'zlarni qayta-qayta takrorlang.	above	/ˈəʊvər/	77
think	A1	v.	o'ylamoq, fikrlamoq	Think in English whenever possible.	Imkoni boricha ingliz tilida fikrlang.	reflect	/θɪŋk/	78
also	A1	adv.	ham, shuningdek	He speaks English, and also studies grammar.	U inglizcha gapiradi, shuningdek grammatikani ham o'rganadi.	too	/ˈɔːlsəʊ/	79
back	A1	adv., n., adj.	orqaga; bel; orqa	Come back to difficult words later.	Qiyin so'zlarga keyinroq yana qaytib keling.	rear	/bæk/	80
after	A1	prep., conj.	keyin, so'ng	Review vocabulary after each speaking session.	Har bir so'zlashuv mashg'ulotidan keyin lug'atni takrorlang.	following	/ˈɑːftər/	81
use	A1	v., n.	ishlatmoq, foydalanmoq; foydalanish	Use new vocabulary in real conversations.	Yangi so'zlarni real suhbatlarda ishlating.	apply	/juːz/	82
two	A1	num.	ikki	Learn two new idioms every day.	Har kuni ikkita yangi iborani o'rganing.	pair	/tuː/	83
how	A1	adv.	qanday, qanday qilib	How do you pronounce this word?	Bu so'zni qanday talaffuz qilasiz?	in what manner	/haʊ/	84
our	A1	pron.	bizning	Our speaking group meets every evening.	Bizning so'zlashuv guruhimiz har oqshom yig'iladi.	belonging to us	/ˈaʊər/	85
work	A1	n., v.	ish; ishlamoq, mehnat qilmoq	Hard work always pays off in learning.	Qattiq mehnat o'rganishda doimo o'z samarasini beradi.	labor	/wɜːk/	86
first	A1	adj., adv.	birinchi, avval	Master the first 500 essential words.	Dastlabki 500 ta eng kerakli so'zni o'zlashtiring.	initial	/fɜːst/	87
well	A1	adv., adj.	yaxshi, durust; quduq	You speak English very well today.	Siz bugun ingliz tilida juda yaxshi gapiryapsiz.	properly	/wel/	88
way	A1	n.	yo'l, usul, yo'nalish	This is the best way to master speaking.	Bu — so'zlashuvni o'zlashtirishning eng yaxshi yo'lidir.	method	/weɪ/	89
even	A2	adv., adj.	hatto, hattoki; tekis, juft	Even ten minutes a day makes a huge difference.	Kuniga hatto o'n daqiqa ham ulkan farq qiladi.	yet	/ˈiːvn/	90
new	A1	adj.	yangi, yangicha	Practice new vocabulary in active speaking.	Yangi so'zlarni faol nutqda mashq qiling.	fresh	/njuː/	91
want	A1	v.	xohlamoq, istamoq	I want to speak English like a native.	Men ona tilidek inglizcha gapirishni istayman.	desire	/wɒnt/	92
because	A1	conj.	chunki, sababli	Practice speaking because fluency requires muscle memory.	Gapirishni mashq qiling, chunki ravonlik nutq muskullari xotirasini talab qiladi.	since	/bɪˈkɒz/	93
any	A1	det., pron.	hech qanday, har qanday	Ask questions without any hesitation.	Hech qanday ikkilanishsiz savollar bering.	whichever	/ˈeni/	94
these	A1	det., pron.	bular, ushbu	Master these high-priority vocabulary words.	Ushbu eng muhim lug'at so'zlarini o'zlashtiring.	these ones	/ðiːz/	95
give	A1	v.	bermoq, taqdim etmoq	Give yourself credit for daily effort.	Kunlik harakatingiz uchun o'zingizni qadrlang.	provide	/ɡɪv/	96
day	A1	n.	kun, kunduz	Every day is an opportunity to improve.	Har bir kun — o'zini yaxshilash imkoniyatidir.	date	/deɪ/	97
most	A2	det., adv.	eng ko'p, aksariyat	These are the most essential words in English.	Bular ingliz tilidagi eng kerakli so'zlardir.	majority	/məʊst/	98
us	A1	pron.	bizni, bizga	Join us in the speaking arena today.	Bugun so'zlashuv arenasida bizga qo'shiling.	our group	/ʌs/	99
confident	B1	adj.	o'ziga ishongan, dadil	Speak with confident voice tone.	O'ziga ishongan ovoz ohangi bilan gapiring.	self-assured	/ˈkɒnfɪdənt/	100
confidence	B1	n.	ishonch, dadillik	Daily speaking builds massive confidence.	Kunlik so'zlashuv ulkan ishonch bag'ishlaydi.	assurance	/ˈkɒnfɪdəns/	101
fluent	B2	adj.	ravon, oqib turuvchi	Her goal is to become fluent in English.	Uning maqsadi — ingliz tilida ravon gapirish.	articulate	/ˈfluːənt/	102
fluency	B2	n.	ravonlik, bemalol gapirish	Focus on fluency before worrying about minor mistakes.	Kichik xatolardan xavotir olishdan oldin ravonlikka diqqat qarating.	smoothness	/ˈfluːənsi/	103
challenge	B1	n., v.	qiyinchilik, chaqiriq; sinov	Accept the challenge to master 5000 words.	5000 ta so'zni o'zlashtirish sinovini qabul qiling.	test	/ˈtʃælɪndʒ/	104
ambition	B2	n.	intilish, ulkan maqsad, orzu	His ambition is to study at MIT.	Uning maqsadi — MIT universitetida o'qish.	aspiration	/æmˈbɪʃn/	105
career	B1	n.	kasbiy yo'l, martaba	English unlocks global career opportunities.	Ingliz tili xalqaro martaba imkoniyatlarini ochadi.	profession	/kəˈrɪər/	106
opportunity	B1	n.	imkoniyat, qulay fursat	Seize every opportunity to practice speaking.	Gapirishni mashq qilish uchun har bir imkoniyatdan foydalaning.	chance	/ˌɒpəˈtjuːnəti/	107
negotiate	B2	v.	muzokara olib bormoq	Learn to negotiate high-stakes deals in English.	Ingliz tilida muhim bitimlar bo'yicha muzokara olib borishni o'rganing.	bargain	/nɪˈɡəʊʃieɪt/	108
negotiation	B2	n.	muzokara, kelishuv jarayoni	Diplomatic negotiation saved the situation.	Diplomatik muzokara vaziyatni saqlab qoldi.	discussion	/nɪˌɡəʊʃiˈeɪʃn/	109
suspect	B1	n., v.	gumondor; shubhalanmoq	The detective questioned the main suspect.	Detektiv asosiy gumondorni so'roq qildi.	doubt	/ˈsʌspekt/	110
alibi	B2	n.	alibi, jinoyat vaqtida boshqa joyda bo'lganlik isboti	The suspect had an ironclad alibi.	Gumondorning inkor etib bo'lmas alibisi bor edi.	defense	/ˈæləbaɪ/	111
interrogate	B2	v.	so'roq qilmoq, tergov qilmoq	Agents interrogate the syndicate leader.	Maxsus agentlar sindikat boshlig'ini so'roq qilishmoqda.	question	/ɪnˈterəɡeɪt/	112
interrogation	B2	n.	so'roq qilish, tergov	Stay calm during intense police interrogation.	Keskin politsiya so'rog'i vaqtida xotirjamlikni saqlang.	inquiry	/ɪnˌterəˈɡeɪʃn/	113
consequence	B2	n.	oqibat, natija	Every choice has an inevitable consequence.	Har bir tanlovning muqarrar oqibati bor.	outcome	/ˈkɒnsɪkwəns/	114
strategy	B1	n.	strategiya, harakat rejasi	A solid learning strategy guarantees progress.	Mustahkam o'rganish strategiyasi o'sishni kafolatlaydi.	plan	/ˈstrætədʒi/	115
perspective	B2	n.	qarash, nuqtai nazar	Seeing problems from a fresh perspective brings solutions.	Muammolarga yangi nuqtai nazardan qarash yechim keltiradi.	viewpoint	/pəˈspektɪv/	116
intelligence	B2	n.	aql-idrok, razvedka	Artificial intelligence enhances speech practice.	Sun'iy intellekt nutq mashg'ulotlarini kuchaytiradi.	intellect	/ɪnˈtelɪdʒəns/	117
protocol	B2	n.	protokol, qat'iy qoida va tartib	Follow the emergency protocol strictly.	Favqulodda vaziyat protokoliga qat'iy rioya qiling.	procedure	/ˈprəʊtəkɒl/	118
tactical	B2	adj.	taktik, puxta o'ylangan	Make a tactical decision under pressure.	Bosim ostida taktik jihatdan to'g'ri qaror qabul qiling.	strategic	/ˈtæktɪkl/	119
detonate	B2	v.	portlatmoq, portlamoq	The bomb was set to detonate at midnight.	Bomba yarim tunda portlashga sozlangan edi.	explode	/ˈdetəneɪt/	120
detonator	B2	n.	detonator, portlatgich	Disarm the detonator before the timer hits zero.	Taymer nolga yetmasdan oldin detonatorni zararsizlantiring.	fuse	/ˈdetəneɪtər/	121
defuse	B2	v.	zararsizlantirmoq, portlash xavfini bartaraf etmoq	The squad managed to defuse the explosive.	Maxsus guruh portlovchi moslamani zararsizlantirishga muvaffaq bo'ldi.	disarm	/diːˈfjuːz/	122
hostage	B2	n.	garovdagi shaxs	Negotiators secured the safe release of each hostage.	Muzokarachilar har bir garovdagi insonning xavfsiz ozod etilishini ta'minladilar.	captive	/ˈhɒstɪdʒ/	123
syndicate	B2	n.	sindikat, yirik jinoiy guruh	The federal agency brought down the syndicate.	Federal agentlik sindikatni butunlay qulatdi.	cartel	/ˈsɪndɪkət/	124
wire	A2	n., v.	sim, sim orqali ulamoq	Do not cut the red wire without checking voltage.	Kuchlanishni tekshirmasdan qizil simni kesmang.	cable	/ˈwaɪər/	125
voltage	B2	n.	kuchlanish (elektr)	High voltage poses an immediate danger.	Yuqori kuchlanish bevosita xavf tug'diradi.	tension	/ˈvəʊltɪdʒ/	126
circuit	B2	n.	elektr zanjiri, sxema	Trace the secondary circuit carefully.	Ikkilamchi elektr zanjirini sinchiklab tekshiring.	loop	/ˈsɜːkɪt/	127
frequency	B2	n.	chastota, takrorlanish darajasi	Transmit the signal on emergency radio frequency.	Signalni favqulodda radio chastotasi orqali uzating.	rate	/ˈfriːkwənsi/	128
override	B2	v., n.	bekor qilmoq, boshqaruvni qo'lga olmoq	Enter the master key to override the system.	Tizim boshqaruvini bekor qilish uchun asosiy kalitni kiriting.	bypass	/ˌəʊvəˈraɪd/	129
biometric	B2	adj.	biometrik (barmoq izi, yuz, ovoz)	The vault requires biometric voice verification.	Sandiq biometrik ovoz tasdiqlashini talab qiladi.	biological	/ˌbaɪəʊˈmetrɪk/	130
polygraph	B2	n.	poligraf (yolg'on detektori)	The suspect agreed to take a polygraph test.	Gumondor poligraf testidan o'tishga rozi bo'ldi.	lie detector	/ˈpɒliɡrɑːf/	131
pulse	B1	n., v.	puls, yurak urishi	His pulse spiked when questioned about the vault.	Sandiq haqida so'ralganda uning pulsi tezlashib ketdi.	heartbeat	/pʌls/	132
valuation	B2	n.	baholash (kompaniya qiymati)	The AI startup reached a ten million dollar valuation.	AI startapi o'n million dollarlik bahoga yetdi.	assessment	/ˌvæljuˈeɪʃn/	133
equity	B2	n.	ulush, kompaniyadagi aksiya ulushi	The venture capitalist offered funds for 10% equity.	Venchur investor 10% ulush evaziga mablag' taklif qildi.	shares	/ˈekwəti/	134
investor	B1	n.	investor, sarmoyador	Pitch your vision clearly to convince the investor.	Investorni ishontirish uchun o'z g'oyangizni aniq taqdim eting.	funder	/ɪnˈvestər/	135
pitch	B2	n., v.	taqdimot nutqi; taqdim etmoq	Deliver your startup pitch with clarity and passion.	Startap taqdimot nutqingizni aniq va shijoat bilan yetkazing.	presentation	/pɪtʃ/	136
revenue	B2	n.	daromad, tushum	The platform generates consistent monthly revenue.	Platforma har oy barqaror daromad keltiradi.	income	/ˈrevənjuː/	137
scalable	B2	adj.	kengaytiriladigan, masshtablashuvchi	Build a scalable product for global users.	Dunyo foydalanuvchilari uchun masshtablanuvchi mahsulot yarating.	expandable	/ˈskeɪləbl/	138
accept	A1	v.	qabul qilmoq, rozi bo'lmoq	Accept constructive feedback with humility.	Foydali tanqidni xokisorlik bilan qabul qiling.		/accept/	139
achieve	A2	v.	erishmoq, yetishmoq	Daily discipline will help you achieve mastery.	Kunlik intizom sizga mukammallikka erishishga yordam beradi.		/achieve/	140
acquire	B2	v.	orttirmoq, egallamoq	You will acquire deep knowledge through reading.	Mutolaa orqali chuqur bilim orttirasiz.		/acquire/	141
act	A1	v.	harakat qilmoq, bajarmoq	Act decisively when an opportunity arises.	Imkoniyat tug'ilganda qat'iy harakat qiling.		/act/	142
adapt	B1	v.	moslashmoq, ko'nikmoq	Adapt quickly to challenging conditions.	Murakkab sharoitlarga tezda moslashing.		/adapt/	143
add	A1	v.	qo'shmoq, kiritmoq	Add new vocabulary cards to your deck.	Lug'atingizga yangi so'z kartochkalarini qo'shing.		/add/	144
address	A1	n.	manzil	Understanding the concept of address is essential.	Manzil tushunchasini bilish juda muhimdir.		/address/	145
adjust	B1	v.	moslashtirmoq, to'g'rilamoq	Adjust your study pace to your energy level.	O'qish sur'atingizni quvvatingizga moslashtiring.		/adjust/	146
admire	A2	v.	qoyil qolmoq, havas qilmoq	We admire his extraordinary dedication.	Biz uning favqulodda fidoyiligiga qoyil qolamiz.		/admire/	147
admit	B1	v.	tan olmoq, iqror bo'lmoq	Admit mistakes honestly to learn from them.	Xatolardan saboq olish uchun ularni ochiq tan oling.		/admit/	148
adopt	B2	v.	qabul qilmoq, o'zlashtirmoq	Adopt healthy daily habits for mental clarity.	Aqliy tiniqlik uchun foydali kunlik odatlarni o'zlashtiring.		/adopt/	149
advance	B1	v.	ilgari surmoq, olg'a siljimoq	Advance steadily in your English proficiency.	Ingliz tili mahoratingizda barqaror olg'a siljing.		/advance/	150
advise	A2	v.	maslahat bermoq	Teachers advise reviewing notes daily.	O'qituvchilar konspektlarni har kuni takrorlashni maslahat berishadi.		/advise/	151
affect	A2	v.	ta'sir qilmoq	Sleep quality affects memory retention deeply.	Uyqu sifati xotirada saqlashga chuqur ta'sir qiladi.		/affect/	152
afford	B1	v.	qurbi yetmoq, imkoni bo'lmoq	We cannot afford to waste precious morning hours.	Qimmatli tonggi soatlarni behuda sarflashga haqqimiz yo'q.		/afford/	153
agree	A1	v.	rozi bo'lmoq, qo'shilmoq	I agree with setting early morning alarms.	Men tonggi barvaqt budilniklarni o'rnatishga qo'shilaman.		/agree/	154
aim	A2	v.	maqsad qilmoq, intilmoq	Aim high in your academic journey.	O'qish yo'lingizda yuqori marralarni maqsad qiling.		/aim/	155
allocate	B2	v.	ajratmoq	Allocate two hours for coding practice.	Dasturlash mashqi uchun ikki soat ajrating.		/allocate/	156
allow	A2	v.	ruxsat bermoq, imkon bermoq	Allow time for quiet reflection before sleep.	Uxlashdan oldin osoyishta mushohada uchun vaqt bering.		/allow/	157
alter	B2	v.	o'zgartirmoq	Never alter your core principles for convenience.	Qulaylik uchun asosiy tamoyillaringizni aslo o'zgartirmang.		/alter/	158
analyze	B1	v.	tahlil qilmoq	Analyze your test errors systematically.	Testdagi xatolaringizni tizimli tahlil qiling.		/analyze/	159
announce	A2	v.	e'lon qilmoq	The mentor announced today's top student.	Ustoz bugungi eng yaxshi o'quvchini e'lon qildi.		/announce/	160
anticipate	B2	v.	oldindan sezmoq, kutmoq	Anticipate upcoming challenges and prepare.	Bo'lajak qiyinchiliklarni oldindan ko'rib tayyorlaning.		/anticipate/	161
apologize	A2	v.	uzr so'ramoq	Apologize promptly when you make an error.	Xato qilganingizda darhol uzr so'rang.		/apologize/	162
appear	A2	v.	paydo bo'lmoq, ko'rinmoq	New vocabulary cards appear in your vault.	Yangi lug'at kartochkalari sandiqingizda paydo bo'ladi.		/appear/	163
apply	A2	v.	qo'llamoq, tadbiq etmoq	Apply new grammar structures in everyday speech.	Yangi grammatika qoidalarini kundalik nutqda qo'llang.		/apply/	164
appoint	B1	v.	tayinlamoq	The school appointed a dedicated English instructor.	Maktab intizomli ingliz tili o'qituvchisini tayinladi.		/appoint/	165
appreciate	B1	v.	qadrlamoq, minnatdor bo'lmoq	Appreciate the golden value of focused hours.	Jamg'arilgan diqqat soatlarining oltin qiymatini qadrlang.		/appreciate/	166
approach	B1	n.	yondashuv	Understanding the concept of approach is essential.	Yondashuv tushunchasini bilish juda muhimdir.		/approach/	167
approve	B1	v.	ma'qullamoq, tasdiqlamoq	The director approved our new timetable.	Direktor bizning yangi jadvalimizni ma'qulladi.		/approve/	168
argue	A2	v.	bahslashmoq, isbotlamoq	Scholars argue logically using evidence.	Olimlar mantiqiy dalillar bilan bahslashishadi.		/argue/	169
arise	B2	v.	yuzaga kelmoq, paydo bo'lmoq	Unexpected challenges arise along the way.	Yo'l davomida kutilmagan qiyinchiliklar paydo bo'ladi.		/arise/	170
arrange	A2	v.	tartibga solmoq, uyushtirmoq	Arrange your study desk before working.	Ishlashdan oldin o'qish stolingizni tartibga soling.		/arrange/	171
arrive	A1	v.	yetib kelmoq	Arrive five minutes before the lesson begins.	Dars boshlanishidan besh daqiqa oldin yetib keling.		/arrive/	172
articulate	C1	v.	ravon bayon qilmoq	Articulate your thoughts with precision.	Fikrlaringizni aniqlik bilan ravon bayon qiling.		/articulate/	173
ascend	B2	v.	ko'tarilmoq, yuksalmoq	Ascend to higher levels of fluency.	Til ravonligining yuksak pog'onalariga ko'tariling.		/ascend/	174
ask	A1	v.	so'ramoq, iltimos qilmoq	Ask whenever a concept is unclear.	Tushuncha noaniq bo'lsa, doimo so'rang.		/ask/	175
aspire	B2	v.	intilmoq	Aspire to speak English like a native.	Inglizcha ona tilidek gapirishga intiling.		/aspire/	176
assemble	B2	v.	yig'moq, jamlamoq	Assemble all necessary textbooks beforehand.	Barcha kerakli darsliklarni oldindan jamlang.		/assemble/	177
assert	B2	v.	ta'kidlamoq, qat'iy aytmoq	Assert your goals with confidence.	Maqsadlaringizni ishonch bilan ta'kidlang.		/assert/	178
assess	B2	v.	baholamoq, tekshirmoq	Assess your weekly vocabulary progress.	Haftalik lug'at rivojlanishingizni baholang.		/assess/	179
assign	B1	v.	vazifa qilib bermoq, tayinlamoq	The tutor assigned five exercises for homework.	O'qituvchi uy vazifasiga beshta mashq berdi.		/assign/	180
assist	B1	v.	yordam bermoq, ko'maklashmoq	Assist classmates who need guidance.	Yo'l-yo'riqqa muhtoj sinfdoshlaringizga yordam bering.		/assist/	181
assume	B1	v.	faraz qilmoq, deb hisoblamoq	Do not assume success without hard work.	Tirishqoqliksiz muvaffaqiyat keladi deb o'ylamang.		/assume/	182
assure	B1	v.	ishontirmoq, kafolat bermoq	I assure you that consistency yields results.	Sizni ishontirib aytamanki, doimiylik natija beradi.		/assure/	183
attach	A2	v.	biriktirmoq, ulamoq	Attach your homework document to the report.	Uy vazifasi faylini hisobotga biriktiring.		/attach/	184
attain	B2	v.	yetishmoq, erishmoq	Attain an overall band eight in IELTS.	IELTS dan umumiy sakkiz ballga erishing.		/attain/	185
attempt	A2	n.	urinish	Understanding the concept of attempt is essential.	Urinish tushunchasini bilish juda muhimdir.		/attempt/	186
attend	A2	v.	qatnashmoq, darsga bormoq	Attend all school classes with high energy.	Barcha maktab darslarida yuqori g'ayrat bilan qatnashing.		/attend/	187
attract	A2	v.	jalb qilmoq, o'ziga tortmoq	Sincere dedication attracts true success.	Samimiy fidoyilik haqiqiy muvaffaqiyatni jalb qiladi.		/attract/	188
authorize	B2	v.	vakolat bermoq, ruxsat bermoq	Authorize the required application permissions.	Kerakli ilova ruxsatnomalarini tasdiqlang.		/authorize/	189
avoid	A2	v.	saqlanmoq, chetlab o'tmoq	Avoid aimless smartphone scrolling.	Maqsadsiz telefon titkilashdan saqlaning.		/avoid/	190
await	B1	v.	kutmoq, intizorlik bilan kutmoq	Exciting opportunities await diligent learners.	Tirishqoq o'quvchilarni hayajonli imkoniyatlar kutmoqda.		/await/	191
awake	A1	v.	uyg'onmoq, uyg'otmoq	Awake each morning with purpose and gratitude.	Har tong maqsad va minnatdorlik bilan uyg'oning.		/awake/	192
balance	B1	n.	muvozanat	Understanding the concept of balance is essential.	Muvozanat tushunchasini bilish juda muhimdir.		/balance/	193
base	A2	n.	asos, baza	Understanding the concept of base is essential.	Asos tushunchasini bilish juda muhimdir.		/base/	194
bear	B1	v.	bardosh bermoq, ko'tarmoq	Bear temporary discomfort to gain permanent skill.	Doimiy mahoratga erishish uchun vaqtinchalik qiyinchilikka bardosh bering.		/bear/	195
beat	A2	v.	yengmoq, ortda qoldirmoq	Beat yesterday's study record today.	Bugun kechagi o'qish natijangizni ortda qoldiring.		/beat/	196
become	A1	v.	bo'lmoq, aylanmoq	Daily small actions become lifelong success.	Kunlik kichik harakatlar umrboqiy muvaffaqiyatga aylanadi.		/become/	197
begin	A1	v.	boshlamoq	Begin your most challenging task first.	Avval eng murakkab vazifangizni boshlang.		/begin/	198
behave	A2	v.	o'zini tutmoq, odob saqlamoq	Behave with dignity and respect in class.	Darsda o'zingizni ehtirom va odob bilan tuting.		/behave/	199
believe	A1	v.	ishonmoq	Believe firmly in your hidden potential.	Ichki salohiyatingizga qat'iy ishoning.		/believe/	200
belong	A2	v.	tegishli bo'lmoq	True achievements belong to persistent minds.	Haqiqiy yutuqlar matonatli insonlarga tegishlidir.		/belong/	201
bend	B1	v.	egilmoq, qayirmoq	Bend your knees properly during morning exercise.	Tonggi badantarbiyada tizzalarni to'g'ri buking.		/bend/	202
benefit	A2	n.	foyda	Understanding the concept of benefit is essential.	Foyda tushunchasini bilish juda muhimdir.		/benefit/	203
betray	B2	v.	xiyonat qilmoq, aldamoq	Never betray your own promises to yourself.	O'zingizga bergan va'dalaringizni aslo buzmang.		/betray/	204
bind	B2	v.	bog'lamoq, biriktirmoq	Shared values bind our family together.	Umumiy qadriyatlar oilamizni mustahkam bog'laydi.		/bind/	205
bite	A2	v.	tishlamoq	Bite into a fresh apple for afternoon energy.	Peshindan keyin quvvat uchun yangi olmani tishlang.		/bite/	206
blame	B1	v.	ayblamoq	Never blame external circumstances for inaction.	Harakatsizlik uchun aslo tashqi holatlarni ayblamang.		/blame/	207
block	A2	n.	blok, daha	Understanding the concept of block is essential.	Blok tushunchasini bilish juda muhimdir.		/block/	208
boost	B1	v.	oshirmoq, kuchaytirmoq	Physical exercise boosts mental stamina.	Jismoniy mashqlar aqliy chidamlilikni kuchaytiradi.		/boost/	209
breathe	A2	v.	nafas olmoq	Breathe deeply to relieve stress before exams.	Imtihondan oldin hayajonni bosish uchun chuqur nafas oling.		/breathe/	210
broadcast	B1	v.	efirga uzatmoq, tarqatmoq	The BBC broadcasts lessons in clear English.	BBC aniq ingliz tilida darslarni efirga uzatadi.		/broadcast/	211
build	A1	v.	qurmoq, shakllantirmoq	Build an unshakeable study routine.	Mustahkam o'qish tartibini shakllantiring.		/build/	212
calculate	A2	v.	hisoblamoq	Calculate how many hours you have mastered.	Necha soat o'qiganingizni hisoblab chiqing.		/calculate/	213
capture	B1	v.	qo'lga kiritmoq, zabt etmoq	Capture new vocabulary words while reading.	Mutolaa jarayonida yangi so'zlarni yozib oling.		/capture/	214
celebrate	A2	v.	nishonlamoq, qutlamoq	Celebrate completing a full week of discipline.	Bir haftalik to'liq intizomni nishonlang.		/celebrate/	215
clarify	B2	v.	aniqlik kiritmoq, oydinlashtirmoq	Clarify difficult grammar rules with your teacher.	Qiyin grammatika qoidalarini ustozingiz bilan oydinlashtirib oling.		/clarify/	216
collaborate	B2	v.	hamkorlik qilmoq	Collaborate on coding projects during RTM.	RTM paytida dasturlash loyihalarida hamkorlik qiling.		/collaborate/	217
commit	B1	v.	qat'iy ahd qilmoq, sodiq bo'lmoq	Commit to waking up at four o'clock daily.	Har kuni soat to'rtda turishga qat'iy ahd qiling.		/commit/	218
communicate	A2	v.	muloqot qilmoq	Communicate fluently with English speakers.	Inglizcha gapiruvchilar bilan erkin muloqot qiling.		/communicate/	219
compare	A2	v.	taqqoslamoq, solishtirmoq	Compare today's progress with last month's stats.	Bugungi natijangizni o'tgan oydagi statistika bilan solishtiring.		/compare/	220
compensate	B2	v.	qoplamoq, to'ldirmoq	Diligence compensates for initial lack of skill.	Tirishqoqlik dastlabki mahorat yetishmovchiligini to'ldiradi.		/compensate/	221
compete	B1	v.	raqobatlashmoq, musobaqalashmoq	Compete with yourself to be better every single day.	Har bir kunda kechagidan yaxshiroq bo'lish uchun o'zingiz bilan musobaqalashing.		/compete/	222
compile	B2	v.	jamlamoq, kompilyatsiya qilmoq	Compile your code without errors.	Kodingizni xatolarsiz kompilyatsiya qiling.		/compile/	223
complain	A2	v.	nolimoq, shikoyat qilmoq	Never complain about challenges; solve them.	Qiyinchiliklardan nolimang; ularni hal qiling.		/complain/	224
complete	A1	adj.	to'liq, mukammal	Aim for complete mastery of this unit.	Ushbu bobni to'liq o'zlashtirishga intiling.		/complete/	225
compose	B2	v.	tuzmoq, yozmoq	Compose five original sentences for each rule.	Har bir qoida uchun beshta o'ziga xos gap tuzing.		/compose/	226
comprehend	C1	v.	chuqur anglab yetmoq	Comprehend the nuanced humor in British speech.	Britaniya nutqidagi nozik qochirimlarni chuqur anglab yeting.		/comprehend/	227
concentrate	A2	v.	diqqatni jamlamoq	Concentrate intensely on the paragraph you are reading.	O'qiyotgan xatboshiga butun diqqatingizni jamlang.		/concentrate/	228
conclude	B1	v.	xulosa qilmoq, yakunlamoq	Conclude your day with gratitude and peaceful reflection.	Kuningizni minnatdorlik va osoyishta xulosa bilan yakunlang.		/conclude/	229
confirm	A2	v.	tasdiqlamoq	Confirm your attendance at the afternoon lecture.	Tushdan keyingi ma'ruzada qatnashishingizni tasdiqlang.		/confirm/	230
conquer	B2	v.	yengmoq, zabt etmoq	Conquer procrastination through structured schedules.	Aniq jadvallar orqali erinchoqlikni zabt eting.		/conquer/	231
construct	B1	v.	qurmoq	Construct eloquent sentences in English.	Ingliz tilida ravon jumlalar quring.		/construct/	232
consume	B1	v.	iste'mol qilmoq, yutmoq	Consume healthy books that nurture wisdom.	Hikmat ulashuvchi foydali kitoblarni o'qing.		/consume/	233
contain	A2	v.	o'z ichiga olmoq	This module contains over one thousand essential words.	Ushbu bo'lim mingdan ortiq eng muhim so'zlarni o'z ichiga oladi.		/contain/	234
continue	A1	v.	davom ettirmoq	Continue studying even when motivation dips.	Ishtiyoq pasayganda ham o'qishni davom ettiring.		/continue/	235
contribute	B1	v.	hissa qo'shmoq	Contribute with passion to community projects.	Jamoat loyihalariga ishtiyoq bilan hissa qo'shing.		/contribute/	236
control	A2	n.	nazorat	Understanding the concept of control is essential.	Nazorat tushunchasini bilish juda muhimdir.		/control/	237
convert	B1	v.	aylantirmoq	Convert wasted minutes into learned vocabulary.	Boy berilgan daqiqalarni o'rganilgan so'zlarga aylantiring.		/convert/	238
convey	B2	v.	yetkazmoq, ifodalamoq	Convey your ideas clearly during speaking practice.	So'zlashuv mashqida fikrlaringizni aniq yetkazing.		/convey/	239
coordinate	B2	v.	muvofiqlashtirmoq	Coordinate your schedule with family obligations.	Jadvalingizni oilaviy mas'uliyatlar bilan muvofiqlashtiring.		/coordinate/	240
cope	B1	v.	yengib o'tmoq, uddalamoq	Discipline helps you cope with heavy workloads.	Intizom og'ir yuklamalarni uddalashga yordam beradi.		/cope/	241
correct	A1	adj.	to'g'ri, xatosiz	Identify the correct verb form quickly.	Fe'lning to'g'ri shaklini tezda aniqlang.		/correct/	242
create	A1	v.	yaratmoq	Create a quiet haven for deep intellectual work.	Chuqur aqliy mehnat uchun sokin go'sha yarating.		/create/	243
criticize	B1	v.	tanqid qilmoq	Never criticize others without offering solutions.	Yechim taklif qilmasdan boshqalarni tanqid qilmang.		/criticize/	244
cultivate	B2	v.	shakllantirmoq, yetishtirmoq	Cultivate the habit of early rising every morning.	Har tong erta turish odatini shakllantiring.		/cultivate/	245
dare	B1	v.	jur'at qilmoq	Always remember to dare diligently every day.	Har kuni g'ayrat bilan jur'at qilmoqni unutmang.		/dare/	246
deal	A2	n.	kelishuv, bitim	Understanding the concept of deal is essential.	Kelishuv tushunchasini bilish juda muhimdir.		/deal/	247
debate	B1	n.	munozara	Participate in academic English debate.	Ilmiy ingliz tili munozaralarida qatnashing.		/debate/	248
decide	A1	v.	qaror qilmoq	Always remember to decide diligently every day.	Har kuni g'ayrat bilan qaror qilmoqni unutmang.		/decide/	249
declare	B1	v.	e'lon qilmoq, bildirmoq	Always remember to declare diligently every day.	Har kuni g'ayrat bilan e'lon qilmoqni unutmang.		/declare/	250
decrease	A2	n.	kamayish	Understanding the concept of decrease is essential.	Kamayish tushunchasini bilish juda muhimdir.		/decrease/	251
dedicate	B2	v.	bag'ishlamoq, fido qilmoq	Always remember to dedicate diligently every day.	Har kuni g'ayrat bilan bag'ishlamoqni unutmang.		/dedicate/	252
defend	B1	v.	himoya qilmoq	Always remember to defend diligently every day.	Har kuni g'ayrat bilan himoya qilmoqni unutmang.		/defend/	253
define	B1	v.	ta'riflamoq, aniqlamoq	Always remember to define diligently every day.	Har kuni g'ayrat bilan ta'riflamoqni unutmang.		/define/	254
delay	A2	n.	kechikish	Understanding the concept of delay is essential.	Kechikish tushunchasini bilish juda muhimdir.		/delay/	255
deliver	A2	v.	yetkazib bermoq, taqdim etmoq	Always remember to deliver diligently every day.	Har kuni g'ayrat bilan yetkazib bermoqni unutmang.		/deliver/	256
demand	B1	n.	talab	Understanding the concept of demand is essential.	Talab tushunchasini bilish juda muhimdir.		/demand/	257
demonstrate	B1	v.	namoyish etmoq	Demonstrate mastery through fluent speaking.	Ravon nutq orqali mahoratingizni namoyish eting.		/demonstrate/	258
depend	A2	v.	bog'liq bo'lmoq, tayanmoq	Always remember to depend diligently every day.	Har kuni g'ayrat bilan bog'liq bo'lmoqni unutmang.		/depend/	259
describe	A1	v.	tasvirlamoq, ta'riflamoq	Always remember to describe diligently every day.	Har kuni g'ayrat bilan tasvirlamoqni unutmang.		/describe/	260
deserve	B1	v.	loyiq bo'lmoq, arziydigan bo'lmoq	Always remember to deserve diligently every day.	Har kuni g'ayrat bilan loyiq bo'lmoqni unutmang.		/deserve/	261
design	A2	n.	dizayn, reja	The app features modern Liquid Glass design.	Ilova zamonaviy Liquid Glass dizayniga ega.		/design/	262
desire	B1	n.	istak, mayl	Understanding the concept of desire is essential.	Istak tushunchasini bilish juda muhimdir.		/desire/	263
destroy	A2	v.	yo'q qilmoq, buzmoq	Always remember to destroy diligently every day.	Har kuni g'ayrat bilan yo'q qilmoqni unutmang.		/destroy/	264
detect	B2	v.	aniqlamoq, payqamoq	Detect subtle grammar nuances easily.	Nozik grammatik farqlarni oson payqang.		/detect/	265
determine	B1	v.	aniqlamoq, qat'iy qaror qilmoq	Always remember to determine diligently every day.	Har kuni g'ayrat bilan aniqlamoqni unutmang.		/determine/	266
develop	A2	v.	rivojlantirmoq, o'smoq	Always remember to develop diligently every day.	Har kuni g'ayrat bilan rivojlantirmoqni unutmang.		/develop/	267
devote	B2	v.	bag'ishlamoq	Always remember to devote diligently every day.	Har kuni g'ayrat bilan bag'ishlamoqni unutmang.		/devote/	268
differ	B1	v.	farq qilmoq	Always remember to differ diligently every day.	Har kuni g'ayrat bilan farq qilmoqni unutmang.		/differ/	269
direct	A2	adj.	to'g'ridan-to'g'ri, ochiq	Give a direct answer without unnecessary fluff.	Keraksiz gaplarsiz to'g'ridan-to'g'ri javob bering.		/direct/	270
disagree	A2	v.	fikriga qo'shilmaslik	Always remember to disagree diligently every day.	Har kuni g'ayrat bilan fikriga qo'shilmaslikni unutmang.		/disagree/	271
disappear	A2	v.	yo'qolmoq, g'oyib bo'lmoq	Always remember to disappear diligently every day.	Har kuni g'ayrat bilan yo'qolmoqni unutmang.		/disappear/	272
discover	A2	v.	kashf qilmoq, bilib olmoq	Always remember to discover diligently every day.	Har kuni g'ayrat bilan kashf qilmoqni unutmang.		/discover/	273
discuss	A1	v.	muhokama qilmoq	Always remember to discuss diligently every day.	Har kuni g'ayrat bilan muhokama qilmoqni unutmang.		/discuss/	274
display	B1	v.	ko'rsatmoq	Display courage in every challenging exam.	Har bir murakkab imtihonda jasorat ko'rsating.		/display/	275
distinguish	B2	v.	farqlamoq, ajratmoq	Always remember to distinguish diligently every day.	Har kuni g'ayrat bilan farqlamoqni unutmang.		/distinguish/	276
distribute	B1	v.	taqsimlamoq	Distribute your energy wisely throughout the day.	Kun bo'yi quvvatingizni oqilona taqsimlang.		/distribute/	277
divide	A2	v.	bo'lmoq, taqsimlamoq	Always remember to divide diligently every day.	Har kuni g'ayrat bilan bo'lmoqni unutmang.		/divide/	278
dominate	B2	v.	ustun bo'lmoq	Let focus dominate your morning routine.	Tonggi tartibingizda diqqat yetakchilik qilsin.		/dominate/	279
doubt	B1	n.	shubha	Understanding the concept of doubt is essential.	Shubha tushunchasini bilish juda muhimdir.		/doubt/	280
drag	B1	v.	tortmoq, sudrab olib bormoq	Always remember to drag diligently every day.	Har kuni g'ayrat bilan tortmoqni unutmang.		/drag/	281
draw	A1	v.	chizmoq; jalb qilmoq	Always remember to draw diligently every day.	Har kuni g'ayrat bilan chizmoq; jalb qilmoqni unutmang.		/draw/	282
dream	A1	n.	orzu, tush	Understanding the concept of dream is essential.	Orzu tushunchasini bilish juda muhimdir.		/dream/	283
earn	A2	v.	ishlab topmoq, munosib bo'lmoq	Always remember to earn diligently every day.	Har kuni g'ayrat bilan ishlab topmoqni unutmang.		/earn/	284
eat	A1	v.	yemoq, tanovul qilmoq	Always remember to eat diligently every day.	Har kuni g'ayrat bilan yemoqni unutmang.		/eat/	285
eliminate	B2	v.	bartaraf etmoq	Eliminate phone notifications while reading.	Mutolaa paytida telefon bildirishnomalarini o'chiring.		/eliminate/	286
emerge	B2	v.	yuzaga chiqmoq	Fluency will emerge through steady effort.	Ravonlik barqaror harakat orqali yuzaga chiqadi.		/emerge/	287
emphasize	B2	v.	ta'kidlamoq, urg'u bermoq	Always remember to emphasize diligently every day.	Har kuni g'ayrat bilan ta'kidlamoqni unutmang.		/emphasize/	288
enable	B1	v.	imkoniyat bermoq	Discipline will enable you to pass every test.	Intizom har qanday testdan o'tishingizga imkon beradi.		/enable/	289
encounter	B2	v.	to'qnash kelmoq	When you encounter new words, save them to the vault.	Yangi so'zlarga duch kelganingizda, ularni sandiqqa saqlang.		/encounter/	290
encourage	A2	v.	ruhlandirmoq, dalda bermoq	Always remember to encourage diligently every day.	Har kuni g'ayrat bilan ruhlandirmoqni unutmang.		/encourage/	291
engage	B2	v.	jalb qilmoq, shug'ullanmoq	Always remember to engage diligently every day.	Har kuni g'ayrat bilan jalb qilmoqni unutmang.		/engage/	292
enhance	B2	v.	yaxshilamoq, oshirmoq	Always remember to enhance diligently every day.	Har kuni g'ayrat bilan yaxshilamoqni unutmang.		/enhance/	293
enjoy	A1	v.	rohatlanmoq, zavqlanmoq	Always remember to enjoy diligently every day.	Har kuni g'ayrat bilan rohatlanmoqni unutmang.		/enjoy/	294
ensure	B1	v.	ta'minlamoq, kafolatlamoq	Always remember to ensure diligently every day.	Har kuni g'ayrat bilan ta'minlamoqni unutmang.		/ensure/	295
enter	A1	v.	kirmoq	Always remember to enter diligently every day.	Har kuni g'ayrat bilan kirmoqni unutmang.		/enter/	296
entertain	B1	v.	hushnud qilmoq, ko'nglini olmoq	Always remember to entertain diligently every day.	Har kuni g'ayrat bilan hushnud qilmoqni unutmang.		/entertain/	297
escape	A2	n.	qochish	Understanding the concept of escape is essential.	Qochish tushunchasini bilish juda muhimdir.		/escape/	298
establish	B1	v.	asos solmoq, o'rnatmoq	Always remember to establish diligently every day.	Har kuni g'ayrat bilan asos solmoqni unutmang.		/establish/	299
estimate	B1	v.	taxmin qilmoq, baholamoq	Always remember to estimate diligently every day.	Har kuni g'ayrat bilan taxmin qilmoqni unutmang.		/estimate/	300
evaluate	B2	v.	baholamoq, tahlil qilmoq	Always remember to evaluate diligently every day.	Har kuni g'ayrat bilan baholamoqni unutmang.		/evaluate/	301
examine	B1	v.	ko'rib chiqmoq, imtihon qilmoq	Always remember to examine diligently every day.	Har kuni g'ayrat bilan ko'rib chiqmoqni unutmang.		/examine/	302
exceed	B2	v.	oshirib yubormoq, ortda qoldirmoq	Always remember to exceed diligently every day.	Har kuni g'ayrat bilan oshirib yubormoqni unutmang.		/exceed/	303
exchange	A2	n.	ayirboshlash	Understanding the concept of exchange is essential.	Ayirboshlash tushunchasini bilish juda muhimdir.		/exchange/	304
exclude	B2	v.	istisno qilmoq, chetlashtirmoq	Always remember to exclude diligently every day.	Har kuni g'ayrat bilan istisno qilmoqni unutmang.		/exclude/	305
execute	B2	v.	bajarmoq, ijro etmoq	Always remember to execute diligently every day.	Har kuni g'ayrat bilan bajarmoqni unutmang.		/execute/	306
exercise	A1	n.	mashq	Understanding the concept of exercise is essential.	Mashq tushunchasini bilish juda muhimdir.		/exercise/	307
exist	A2	v.	mavjud bo'lmoq	Always remember to exist diligently every day.	Har kuni g'ayrat bilan mavjud bo'lmoqni unutmang.		/exist/	308
expand	B1	v.	kengaytirmoq, kengaymoq	Always remember to expand diligently every day.	Har kuni g'ayrat bilan kengaytirmoqni unutmang.		/expand/	309
expect	A2	v.	kutmoq, umid qilmoq	Always remember to expect diligently every day.	Har kuni g'ayrat bilan kutmoqni unutmang.		/expect/	310
experience	A2	n.	tajriba	Understanding the concept of experience is essential.	Tajriba tushunchasini bilish juda muhimdir.		/experience/	311
explain	A1	v.	tushuntirmoq, izohlamoq	Always remember to explain diligently every day.	Har kuni g'ayrat bilan tushuntirmoqni unutmang.		/explain/	312
explore	A2	v.	o'rganmoq, tadqiq qilmoq	Always remember to explore diligently every day.	Har kuni g'ayrat bilan o'rganmoqni unutmang.		/explore/	313
express	A2	v.	ifodalamoq, bildirmoq	Always remember to express diligently every day.	Har kuni g'ayrat bilan ifodalamoqni unutmang.		/express/	314
extend	B1	v.	uzaytirmoq, kengaytirmoq	Always remember to extend diligently every day.	Har kuni g'ayrat bilan uzaytirmoqni unutmang.		/extend/	315
face	A2	v.	ro'baro' kelmoq, qarshi turmoq	Always remember to face diligently every day.	Har kuni g'ayrat bilan ro'baro' kelmoqni unutmang.		/face/	316
facilitate	B2	v.	yengillashtirmoq, osonlashtirmoq	Always remember to facilitate diligently every day.	Har kuni g'ayrat bilan yengillashtirmoqni unutmang.		/facilitate/	317
fail	A2	v.	muvaffaqiyatsizlikka uchramoq	Always remember to fail diligently every day.	Har kuni g'ayrat bilan muvaffaqiyatsizlikka uchramoqni unutmang.		/fail/	318
fall	A1	v.	tushmoq, yiqilmoq	Always remember to fall diligently every day.	Har kuni g'ayrat bilan tushmoqni unutmang.		/fall/	319
feed	A2	v.	ovqatlantirmoq, boqmoq	Always remember to feed diligently every day.	Har kuni g'ayrat bilan ovqatlantirmoqni unutmang.		/feed/	320
feel	A1	v.	his qilmoq, sezmoq	Always remember to feel diligently every day.	Har kuni g'ayrat bilan his qilmoqni unutmang.		/feel/	321
fight	A2	v.	kurashmoq, jang qilmoq	Always remember to fight diligently every day.	Har kuni g'ayrat bilan kurashmoqni unutmang.		/fight/	322
figure	A2	v.	anglab yetmoq, hisoblamoq	Always remember to figure diligently every day.	Har kuni g'ayrat bilan anglab yetmoqni unutmang.		/figure/	323
fill	A1	v.	to'ldirmoq	Always remember to fill diligently every day.	Har kuni g'ayrat bilan to'ldirmoqni unutmang.		/fill/	324
find	A1	v.	topmoq, aniqlamoq	Always remember to find diligently every day.	Har kuni g'ayrat bilan topmoqni unutmang.		/find/	325
finish	A1	v.	tugatmoq, yakunlamoq	Always remember to finish diligently every day.	Har kuni g'ayrat bilan tugatmoqni unutmang.		/finish/	326
fit	A2	v.	mos kelmoq, to'g'ri kelmoq	Always remember to fit diligently every day.	Har kuni g'ayrat bilan mos kelmoqni unutmang.		/fit/	327
fix	A2	v.	tuzatmoq, sozlamoq	Always remember to fix diligently every day.	Har kuni g'ayrat bilan tuzatmoqni unutmang.		/fix/	328
focus	A2	v.	diqqatni jamlamoq	Always remember to focus diligently every day.	Har kuni g'ayrat bilan diqqatni jamlamoqni unutmang.		/focus/	329
follow	A1	v.	ergashmoq, amal qilmoq	Always remember to follow diligently every day.	Har kuni g'ayrat bilan ergashmoqni unutmang.		/follow/	330
forbid	B2	v.	taqiqlamoq, man etmoq	Always remember to forbid diligently every day.	Har kuni g'ayrat bilan taqiqlamoqni unutmang.		/forbid/	331
force	B1	v.	majburlamoq	Always remember to force diligently every day.	Har kuni g'ayrat bilan majburlamoqni unutmang.		/force/	332
forget	A1	v.	unutmoq	Always remember to forget diligently every day.	Har kuni g'ayrat bilan unutmoqni unutmang.		/forget/	333
forgive	A2	v.	kechirmoq	Always remember to forgive diligently every day.	Har kuni g'ayrat bilan kechirmoqni unutmang.		/forgive/	334
form	A2	v.	shakllantirmoq, tuzmoq	Always remember to form diligently every day.	Har kuni g'ayrat bilan shakllantirmoqni unutmang.		/form/	335
foster	B2	v.	rivojlantirmoq, tarbiyalamoq	Always remember to foster diligently every day.	Har kuni g'ayrat bilan rivojlantirmoqni unutmang.		/foster/	336
fulfill	B2	v.	bajarmoq, amalga oshirmoq	Always remember to fulfill diligently every day.	Har kuni g'ayrat bilan bajarmoqni unutmang.		/fulfill/	337
gain	A2	v.	erishmoq, ko'paytirmoq	Always remember to gain diligently every day.	Har kuni g'ayrat bilan erishmoqni unutmang.		/gain/	338
gather	B1	v.	to'plamoq, yig'ilmoq	Always remember to gather diligently every day.	Har kuni g'ayrat bilan to'plamoqni unutmang.		/gather/	339
generate	B1	v.	yaratmoq, ishlab chiqarmoq	Always remember to generate diligently every day.	Har kuni g'ayrat bilan yaratmoqni unutmang.		/generate/	340
glance	B1	v.	ko'z qiri bilan qaramoq	Always remember to glance diligently every day.	Har kuni g'ayrat bilan ko'z qiri bilan qaramoqni unutmang.		/glance/	341
govern	B2	v.	boshqarmoq, hukmronlik qilmoq	Always remember to govern diligently every day.	Har kuni g'ayrat bilan boshqarmoqni unutmang.		/govern/	342
grab	B1	v.	ushlab olmoq, changallamoq	Always remember to grab diligently every day.	Har kuni g'ayrat bilan ushlab olmoqni unutmang.		/grab/	343
grant	B2	v.	taqdim etmoq, bermoq	Always remember to grant diligently every day.	Har kuni g'ayrat bilan taqdim etmoqni unutmang.		/grant/	344
greet	A2	v.	salomlashmoq, kutib olmoq	Always remember to greet diligently every day.	Har kuni g'ayrat bilan salomlashmoqni unutmang.		/greet/	345
grow	A1	v.	o'smoq, yetishmoq	Always remember to grow diligently every day.	Har kuni g'ayrat bilan o'smoqni unutmang.		/grow/	346
guarantee	B1	v.	kafolatlamoq	Always remember to guarantee diligently every day.	Har kuni g'ayrat bilan kafolatlamoqni unutmang.		/guarantee/	347
guard	A2	v.	qo'riqlamoq, asramoq	Always remember to guard diligently every day.	Har kuni g'ayrat bilan qo'riqlamoqni unutmang.		/guard/	348
guide	A2	v.	yo'l ko'rsatmoq, yo'naltirmoq	Always remember to guide diligently every day.	Har kuni g'ayrat bilan yo'l ko'rsatmoqni unutmang.		/guide/	349
handle	B1	v.	uddalamoq, boshqarmoq	Always remember to handle diligently every day.	Har kuni g'ayrat bilan uddalamoqni unutmang.		/handle/	350
happen	A1	v.	sodir bo'lmoq, yuz bermoq	Always remember to happen diligently every day.	Har kuni g'ayrat bilan sodir bo'lmoqni unutmang.		/happen/	351
hate	A1	v.	yomon ko'rmoq	Always remember to hate diligently every day.	Har kuni g'ayrat bilan yomon ko'rmoqni unutmang.		/hate/	352
hear	A1	v.	eshitmoq	Always remember to hear diligently every day.	Har kuni g'ayrat bilan eshitmoqni unutmang.		/hear/	353
help	A1	v.	yordam bermoq	Always remember to help diligently every day.	Har kuni g'ayrat bilan yordam bermoqni unutmang.		/help/	354
hide	A2	v.	yashirmoq, bekinmoq	Always remember to hide diligently every day.	Har kuni g'ayrat bilan yashirmoqni unutmang.		/hide/	355
highlight	B1	v.	alohida ko'rsatmoq, ta'kidlamoq	Always remember to highlight diligently every day.	Har kuni g'ayrat bilan alohida ko'rsatmoqni unutmang.		/highlight/	356
hold	A1	v.	ushlab turmoq, o'tkazmoq	Always remember to hold diligently every day.	Har kuni g'ayrat bilan ushlab turmoqni unutmang.		/hold/	357
hope	A1	v.	umid qilmoq	Always remember to hope diligently every day.	Har kuni g'ayrat bilan umid qilmoqni unutmang.		/hope/	358
identify	A2	v.	aniqlamoq, tanimoq	Always remember to identify diligently every day.	Har kuni g'ayrat bilan aniqlamoqni unutmang.		/identify/	359
ignore	B1	v.	e'tiborsiz qoldirmoq	Always remember to ignore diligently every day.	Har kuni g'ayrat bilan e'tiborsiz qoldirmoqni unutmang.		/ignore/	360
illustrate	B2	v.	misollar bilan tushuntirmoq	Always remember to illustrate diligently every day.	Har kuni g'ayrat bilan misollar bilan tushuntirmoqni unutmang.		/illustrate/	361
imagine	A1	v.	tasavvur qilmoq	Always remember to imagine diligently every day.	Har kuni g'ayrat bilan tasavvur qilmoqni unutmang.		/imagine/	362
implement	B2	v.	amalga oshirmoq, joriy qilmoq	Always remember to implement diligently every day.	Har kuni g'ayrat bilan amalga oshirmoqni unutmang.		/implement/	363
imply	B2	v.	nazarda tutmoq	Always remember to imply diligently every day.	Har kuni g'ayrat bilan nazarda tutmoqni unutmang.		/imply/	364
impose	B2	v.	majburan joriy qilmoq	Always remember to impose diligently every day.	Har kuni g'ayrat bilan majburan joriy qilmoqni unutmang.		/impose/	365
improve	A1	v.	yaxshilamoq, takomillashtirmoq	Always remember to improve diligently every day.	Har kuni g'ayrat bilan yaxshilamoqni unutmang.		/improve/	366
include	A1	v.	o'z ichiga olmoq	Always remember to include diligently every day.	Har kuni g'ayrat bilan o'z ichiga olmoqni unutmang.		/include/	367
increase	A2	v.	oshirmoq, ko'paymoq	Always remember to increase diligently every day.	Har kuni g'ayrat bilan oshirmoqni unutmang.		/increase/	368
indicate	B1	v.	ko'rsatmoq, bildirmoq	Always remember to indicate diligently every day.	Har kuni g'ayrat bilan ko'rsatmoqni unutmang.		/indicate/	369
influence	B1	v.	ta'sir o'tkazmoq	Always remember to influence diligently every day.	Har kuni g'ayrat bilan ta'sir o'tkazmoqni unutmang.		/influence/	370
inform	A2	v.	xabardor qilmoq	Always remember to inform diligently every day.	Har kuni g'ayrat bilan xabardor qilmoqni unutmang.		/inform/	371
initiate	B2	v.	boshlamoq, tashabbus ko'rsatmoq	Always remember to initiate diligently every day.	Har kuni g'ayrat bilan boshlamoqni unutmang.		/initiate/	372
inspire	B1	v.	ilhomlantirmoq	Always remember to inspire diligently every day.	Har kuni g'ayrat bilan ilhomlantirmoqni unutmang.		/inspire/	373
install	A2	v.	o'rnatmoq, joylashtirmoq	Always remember to install diligently every day.	Har kuni g'ayrat bilan o'rnatmoqni unutmang.		/install/	374
instruct	B1	v.	ko'rsatma bermoq, o'rgatmoq	Always remember to instruct diligently every day.	Har kuni g'ayrat bilan ko'rsatma bermoqni unutmang.		/instruct/	375
intend	B1	v.	niyat qilmoq, maqsad qilmoq	Always remember to intend diligently every day.	Har kuni g'ayrat bilan niyat qilmoqni unutmang.		/intend/	376
interact	B1	v.	o'zaro muloqot qilmoq	Always remember to interact diligently every day.	Har kuni g'ayrat bilan o'zaro muloqot qilmoqni unutmang.		/interact/	377
interpret	B2	v.	talqin qilmoq, tarjima qilmoq	Always remember to interpret diligently every day.	Har kuni g'ayrat bilan talqin qilmoqni unutmang.		/interpret/	378
interrupt	B1	v.	gapini bo'lmoq, xalaqit bermoq	Always remember to interrupt diligently every day.	Har kuni g'ayrat bilan gapini bo'lmoqni unutmang.		/interrupt/	379
introduce	A1	v.	tanishtirmoq, joriy qilmoq	Always remember to introduce diligently every day.	Har kuni g'ayrat bilan tanishtirmoqni unutmang.		/introduce/	380
invest	B1	v.	sarmoya kiritmoq	Always remember to invest diligently every day.	Har kuni g'ayrat bilan sarmoya kiritmoqni unutmang.		/invest/	381
investigate	B1	v.	tekshirmoq, o'rganmoq	Always remember to investigate diligently every day.	Har kuni g'ayrat bilan tekshirmoqni unutmang.		/investigate/	382
invite	A1	v.	taklif qilmoq	Always remember to invite diligently every day.	Har kuni g'ayrat bilan taklif qilmoqni unutmang.		/invite/	383
involve	B1	v.	jalb qilmoq, o'z ichiga olmoq	Always remember to involve diligently every day.	Har kuni g'ayrat bilan jalb qilmoqni unutmang.		/involve/	384
isolate	B2	v.	ajratmoq, yakkalamoq	Always remember to isolate diligently every day.	Har kuni g'ayrat bilan ajratmoqni unutmang.		/isolate/	385
join	A1	v.	qo'shilmoq, a'zo bo'lmoq	Always remember to join diligently every day.	Har kuni g'ayrat bilan qo'shilmoqni unutmang.		/join/	386
judge	B1	v.	baholamoq, hukm qilmoq	Always remember to judge diligently every day.	Har kuni g'ayrat bilan baholamoqni unutmang.		/judge/	387
justify	B2	v.	oqlamoq, asoslab bermoq	Always remember to justify diligently every day.	Har kuni g'ayrat bilan oqlamoqni unutmang.		/justify/	388
keep	A1	v.	saqlamoq, davom ettirmoq	Always remember to keep diligently every day.	Har kuni g'ayrat bilan saqlamoqni unutmang.		/keep/	389
last	A2	v.	davom etmoq	Always remember to last diligently every day.	Har kuni g'ayrat bilan davom etmoqni unutmang.		/last/	390
lead	A2	v.	yetaklamoq, boshlamoq	Always remember to lead diligently every day.	Har kuni g'ayrat bilan yetaklamoqni unutmang.		/lead/	391
learn	A1	v.	o'rganmoq	Always remember to learn diligently every day.	Har kuni g'ayrat bilan o'rganmoqni unutmang.		/learn/	392
leave	A1	v.	tark etmoq, qoldirmoq	Always remember to leave diligently every day.	Har kuni g'ayrat bilan tark etmoqni unutmang.		/leave/	393
lend	A2	v.	qarzga bermoq	Always remember to lend diligently every day.	Har kuni g'ayrat bilan qarzga bermoqni unutmang.		/lend/	394
let	A1	v.	qo'ymoq, ruxsat bermoq	Always remember to let diligently every day.	Har kuni g'ayrat bilan qo'ymoqni unutmang.		/let/	395
lift	A2	v.	ko'tarmoq	Always remember to lift diligently every day.	Har kuni g'ayrat bilan ko'tarmoqni unutmang.		/lift/	396
limit	B1	v.	cheklamoq	Always remember to limit diligently every day.	Har kuni g'ayrat bilan cheklamoqni unutmang.		/limit/	397
listen	A1	v.	tinglamoq, quloq solmoq	Always remember to listen diligently every day.	Har kuni g'ayrat bilan tinglamoqni unutmang.		/listen/	398
live	A1	v.	yashamoq	Always remember to live diligently every day.	Har kuni g'ayrat bilan yashamoqni unutmang.		/live/	399
locate	B1	v.	joylashtirmoq, topmoq	Always remember to locate diligently every day.	Har kuni g'ayrat bilan joylashtirmoqni unutmang.		/locate/	400
lock	A2	v.	qulflamoq	Always remember to lock diligently every day.	Har kuni g'ayrat bilan qulflamoqni unutmang.		/lock/	401
lose	A1	v.	yo'qotmoq, yutqazmoq	Always remember to lose diligently every day.	Har kuni g'ayrat bilan yo'qotmoqni unutmang.		/lose/	402
maintain	B1	v.	saqlab turmoq, davom ettirmoq	Always remember to maintain diligently every day.	Har kuni g'ayrat bilan saqlab turmoqni unutmang.		/maintain/	403
manage	A2	v.	boshqarmoq, uddalamoq	Always remember to manage diligently every day.	Har kuni g'ayrat bilan boshqarmoqni unutmang.		/manage/	404
manufacture	B2	v.	ishlab chiqarmoq	Always remember to manufacture diligently every day.	Har kuni g'ayrat bilan ishlab chiqarmoqni unutmang.		/manufacture/	405
mark	A2	v.	belgilamoq	Always remember to mark diligently every day.	Har kuni g'ayrat bilan belgilamoqni unutmang.		/mark/	406
marry	A2	v.	turmush qurmoq, uylanmoq	Always remember to marry diligently every day.	Har kuni g'ayrat bilan turmush qurmoqni unutmang.		/marry/	407
master	B2	v.	mukammal o'rganmoq	Always remember to master diligently every day.	Har kuni g'ayrat bilan mukammal o'rganmoqni unutmang.		/master/	408
match	A1	v.	moslashtirmoq, tenglashmoq	Always remember to match diligently every day.	Har kuni g'ayrat bilan moslashtirmoqni unutmang.		/match/	409
matter	A2	v.	ahamiyatga ega bo'lmoq	Always remember to matter diligently every day.	Har kuni g'ayrat bilan ahamiyatga ega bo'lmoqni unutmang.		/matter/	410
mean	A1	v.	anglatmoq, nazarda tutmoq	Always remember to mean diligently every day.	Har kuni g'ayrat bilan anglatmoqni unutmang.		/mean/	411
measure	B1	v.	o'lchamoq, baholamoq	Always remember to measure diligently every day.	Har kuni g'ayrat bilan o'lchamoqni unutmang.		/measure/	412
meet	A1	v.	uchrashmoq, kutib olmoq	Always remember to meet diligently every day.	Har kuni g'ayrat bilan uchrashmoqni unutmang.		/meet/	413
memorize	B1	v.	yod olmoq	Always remember to memorize diligently every day.	Har kuni g'ayrat bilan yod olmoqni unutmang.		/memorize/	414
mention	B1	v.	eslatib o'tmoq, aytmoq	Always remember to mention diligently every day.	Har kuni g'ayrat bilan eslatib o'tmoqni unutmang.		/mention/	415
mind	A2	v.	e'tibor bermoq, qarshi bo'lmoq	Always remember to mind diligently every day.	Har kuni g'ayrat bilan e'tibor bermoqni unutmang.		/mind/	416
miss	A1	v.	o'tkazib yubormoq, sog'inmoq	Always remember to miss diligently every day.	Har kuni g'ayrat bilan o'tkazib yubormoqni unutmang.		/miss/	417
mix	A2	v.	aralashtirmoq	Always remember to mix diligently every day.	Har kuni g'ayrat bilan aralashtirmoqni unutmang.		/mix/	418
modify	B2	v.	o'zgartirmoq, moslashtirmoq	Always remember to modify diligently every day.	Har kuni g'ayrat bilan o'zgartirmoqni unutmang.		/modify/	419
monitor	B1	v.	kuzatib bormoq, nazorat qilmoq	Always remember to monitor diligently every day.	Har kuni g'ayrat bilan kuzatib bormoqni unutmang.		/monitor/	420
motivate	B1	v.	ruhlandirmoq, undamoq	Always remember to motivate diligently every day.	Har kuni g'ayrat bilan ruhlandirmoqni unutmang.		/motivate/	421
move	A1	v.	harakatlanmoq, ko'chmoq	Always remember to move diligently every day.	Har kuni g'ayrat bilan harakatlanmoqni unutmang.		/move/	422
multiply	B1	v.	ko'paytirmoq, oshirmoq	Always remember to multiply diligently every day.	Har kuni g'ayrat bilan ko'paytirmoqni unutmang.		/multiply/	423
navigate	B2	v.	yo'l topmoq, boshqarmoq	Always remember to navigate diligently every day.	Har kuni g'ayrat bilan yo'l topmoqni unutmang.		/navigate/	424
neglect	B2	v.	e'tibordan chetda qoldirmoq	Always remember to neglect diligently every day.	Har kuni g'ayrat bilan e'tibordan chetda qoldirmoqni unutmang.		/neglect/	425
notice	A2	v.	sezmoq, payqamoq	Always remember to notice diligently every day.	Har kuni g'ayrat bilan sezmoqni unutmang.		/notice/	426
notify	B1	v.	ogohlantirmoq, xabar bermoq	Always remember to notify diligently every day.	Har kuni g'ayrat bilan ogohlantirmoqni unutmang.		/notify/	427
obey	B1	v.	itoat qilmoq, bo'ysunmoq	Always remember to obey diligently every day.	Har kuni g'ayrat bilan itoat qilmoqni unutmang.		/obey/	428
object	B2	v.	e'tiroz bildirmoq	Always remember to object diligently every day.	Har kuni g'ayrat bilan e'tiroz bildirmoqni unutmang.		/object/	429
observe	B1	v.	kuzatmoq	Always remember to observe diligently every day.	Har kuni g'ayrat bilan kuzatmoqni unutmang.		/observe/	430
obtain	B2	v.	qo'lga kiritmoq, olmoq	Always remember to obtain diligently every day.	Har kuni g'ayrat bilan qo'lga kiritmoqni unutmang.		/obtain/	431
occur	B1	v.	yuz bermoq, sodir bo'lmoq	Always remember to occur diligently every day.	Har kuni g'ayrat bilan yuz bermoqni unutmang.		/occur/	432
offer	A2	v.	taklif qilmoq	Always remember to offer diligently every day.	Har kuni g'ayrat bilan taklif qilmoqni unutmang.		/offer/	433
open	A1	v.	ochmoq	Always remember to open diligently every day.	Har kuni g'ayrat bilan ochmoqni unutmang.		/open/	434
operate	B1	v.	ishlatmoq, boshqarmoq	Always remember to operate diligently every day.	Har kuni g'ayrat bilan ishlatmoqni unutmang.		/operate/	435
order	A1	v.	buyurtma bermoq, buyurmoq	Always remember to order diligently every day.	Har kuni g'ayrat bilan buyurtma bermoqni unutmang.		/order/	436
organize	A2	v.	tashkil qilmoq, tartibga solmoq	Always remember to organize diligently every day.	Har kuni g'ayrat bilan tashkil qilmoqni unutmang.		/organize/	437
originate	B2	v.	kelib chiqmoq, boshlanmoq	Always remember to originate diligently every day.	Har kuni g'ayrat bilan kelib chiqmoqni unutmang.		/originate/	438
outline	B1	v.	qisqacha reja tuzmoq	Always remember to outline diligently every day.	Har kuni g'ayrat bilan qisqacha reja tuzmoqni unutmang.		/outline/	439
overcome	B2	v.	yengib o'tmoq	Always remember to overcome diligently every day.	Har kuni g'ayrat bilan yengib o'tmoqni unutmang.		/overcome/	440
overlook	B2	v.	ko'zdan qochirmoq, e'tibor bermaslik	Always remember to overlook diligently every day.	Har kuni g'ayrat bilan ko'zdan qochirmoqni unutmang.		/overlook/	441
participate	B1	v.	qatnashmoq, ishtirok etmoq	Always remember to participate diligently every day.	Har kuni g'ayrat bilan qatnashmoqni unutmang.		/participate/	442
pass	A2	v.	o'tmoq, imtihondan o'tmoq	Always remember to pass diligently every day.	Har kuni g'ayrat bilan o'tmoqni unutmang.		/pass/	443
pay	A1	v.	to'lamoq	Always remember to pay diligently every day.	Har kuni g'ayrat bilan to'lamoqni unutmang.		/pay/	444
perceive	B2	v.	idrok etmoq, anglamoq	Always remember to perceive diligently every day.	Har kuni g'ayrat bilan idrok etmoqni unutmang.		/perceive/	445
perform	B1	v.	bajarmoq, ijro etmoq	Always remember to perform diligently every day.	Har kuni g'ayrat bilan bajarmoqni unutmang.		/perform/	446
permit	B2	v.	ruxsat bermoq	Always remember to permit diligently every day.	Har kuni g'ayrat bilan ruxsat bermoqni unutmang.		/permit/	447
persuade	B1	v.	ko'ndirmoq, ishontirmoq	Always remember to persuade diligently every day.	Har kuni g'ayrat bilan ko'ndirmoqni unutmang.		/persuade/	448
plan	A1	v.	rejalashtirmoq	Always remember to plan diligently every day.	Har kuni g'ayrat bilan rejalashtirmoqni unutmang.		/plan/	449
play	A1	v.	o'ynamoq	Always remember to play diligently every day.	Har kuni g'ayrat bilan o'ynamoqni unutmang.		/play/	450
point	A2	v.	ko'rsatmoq, ishora qilmoq	Always remember to point diligently every day.	Har kuni g'ayrat bilan ko'rsatmoqni unutmang.		/point/	451
postpone	B1	v.	kechiktirmoq	Always remember to postpone diligently every day.	Har kuni g'ayrat bilan kechiktirmoqni unutmang.		/postpone/	452
practice	A1	n.	amaliyot, mashg'ulot	Daily practice turns effort into instinct.	Kunlik amaliyot harakatni odatga aylantiradi.		/practice/	453
praise	B1	v.	maqtamoq	Always remember to praise diligently every day.	Har kuni g'ayrat bilan maqtamoqni unutmang.		/praise/	454
predict	B1	v.	oldindan aytmoq	Always remember to predict diligently every day.	Har kuni g'ayrat bilan oldindan aytmoqni unutmang.		/predict/	455
prefer	A2	v.	afzal ko'rmoq	Always remember to prefer diligently every day.	Har kuni g'ayrat bilan afzal ko'rmoqni unutmang.		/prefer/	456
prepare	A1	v.	tayyorlanmoq	Always remember to prepare diligently every day.	Har kuni g'ayrat bilan tayyorlanmoqni unutmang.		/prepare/	457
prevent	B1	v.	oldini olmoq	Always remember to prevent diligently every day.	Har kuni g'ayrat bilan oldini olmoqni unutmang.		/prevent/	458
proceed	B2	v.	davom etmoq	Always remember to proceed diligently every day.	Har kuni g'ayrat bilan davom etmoqni unutmang.		/proceed/	459
produce	A2	v.	ishlab chiqarmoq	Always remember to produce diligently every day.	Har kuni g'ayrat bilan ishlab chiqarmoqni unutmang.		/produce/	460
progress	B1	v.	olg'a siljimoq, rivojlanmoq	Always remember to progress diligently every day.	Har kuni g'ayrat bilan olg'a siljimoqni unutmang.		/progress/	461
prohibit	B2	v.	taqiqlamoq	Always remember to prohibit diligently every day.	Har kuni g'ayrat bilan taqiqlamoqni unutmang.		/prohibit/	462
promise	A2	v.	va'da bermoq	Always remember to promise diligently every day.	Har kuni g'ayrat bilan va'da bermoqni unutmang.		/promise/	463
promote	B1	v.	ko'maklashmoq, martabasini oshirmoq	Always remember to promote diligently every day.	Har kuni g'ayrat bilan ko'maklashmoqni unutmang.		/promote/	464
propose	B1	v.	taklif qilmoq	Always remember to propose diligently every day.	Har kuni g'ayrat bilan taklif qilmoqni unutmang.		/propose/	465
protect	A2	v.	himoya qilmoq	Always remember to protect diligently every day.	Har kuni g'ayrat bilan himoya qilmoqni unutmang.		/protect/	466
prove	B1	v.	isbotlamoq	Always remember to prove diligently every day.	Har kuni g'ayrat bilan isbotlamoqni unutmang.		/prove/	467
provide	A2	v.	ta'minlamoq	Always remember to provide diligently every day.	Har kuni g'ayrat bilan ta'minlamoqni unutmang.		/provide/	468
publish	A2	v.	nashr etmoq	Always remember to publish diligently every day.	Har kuni g'ayrat bilan nashr etmoqni unutmang.		/publish/	469
pursue	B2	v.	ortidan quvmoq, intilmoq	Always remember to pursue diligently every day.	Har kuni g'ayrat bilan ortidan quvmoqni unutmang.		/pursue/	470
qualify	B1	v.	malakaga ega bo'lmoq	Always remember to qualify diligently every day.	Har kuni g'ayrat bilan malakaga ega bo'lmoqni unutmang.		/qualify/	471
question	A1	n.	savol	Never hesitate to ask a sincere question.	Samimiy savol berishdan aslo tortinmang.		/question/	472
quit	B1	v.	tashlamoq, to'xtatmoq	Always remember to quit diligently every day.	Har kuni g'ayrat bilan tashlamoqni unutmang.		/quit/	473
quote	B1	v.	iqtibos keltirmoq	Always remember to quote diligently every day.	Har kuni g'ayrat bilan iqtibos keltirmoqni unutmang.		/quote/	474
reach	A2	v.	yetmoq, erishmoq	Always remember to reach diligently every day.	Har kuni g'ayrat bilan yetmoqni unutmang.		/reach/	475
react	B1	v.	munosabat bildirmoq	Always remember to react diligently every day.	Har kuni g'ayrat bilan munosabat bildirmoqni unutmang.		/react/	476
read	A1	v.	o'qimoq, mutolaa qilmoq	Always remember to read diligently every day.	Har kuni g'ayrat bilan o'qimoqni unutmang.		/read/	477
realize	A2	v.	anglab yetmoq	Always remember to realize diligently every day.	Har kuni g'ayrat bilan anglab yetmoqni unutmang.		/realize/	478
receive	A1	v.	qabul qilib olmoq	Always remember to receive diligently every day.	Har kuni g'ayrat bilan qabul qilib olmoqni unutmang.		/receive/	479
recognize	A2	v.	tanimoq, e'tirof etmoq	Always remember to recognize diligently every day.	Har kuni g'ayrat bilan tanimoqni unutmang.		/recognize/	480
recommend	A2	v.	tavsiya qilmoq	Always remember to recommend diligently every day.	Har kuni g'ayrat bilan tavsiya qilmoqni unutmang.		/recommend/	481
record	A2	v.	yozib olmoq, qayd etmoq	Always remember to record diligently every day.	Har kuni g'ayrat bilan yozib olmoqni unutmang.		/record/	482
recover	B1	v.	sog'aymoq, tiklanmoq	Always remember to recover diligently every day.	Har kuni g'ayrat bilan sog'aymoqni unutmang.		/recover/	483
reduce	A2	v.	kamaytirmoq	Always remember to reduce diligently every day.	Har kuni g'ayrat bilan kamaytirmoqni unutmang.		/reduce/	484
refer	B1	v.	havola qilmoq, murojaat qilmoq	Always remember to refer diligently every day.	Har kuni g'ayrat bilan havola qilmoqni unutmang.		/refer/	485
reflect	B1	v.	aks ettirmoq, mushohada qilmoq	Always remember to reflect diligently every day.	Har kuni g'ayrat bilan aks ettirmoqni unutmang.		/reflect/	486
refuse	A2	v.	rad etmoq	Always remember to refuse diligently every day.	Har kuni g'ayrat bilan rad etmoqni unutmang.		/refuse/	487
regard	B1	v.	deb hisoblamoq	Always remember to regard diligently every day.	Har kuni g'ayrat bilan deb hisoblamoqni unutmang.		/regard/	488
register	A2	v.	ro'yxatdan o'tmoq	Always remember to register diligently every day.	Har kuni g'ayrat bilan ro'yxatdan o'tmoqni unutmang.		/register/	489
regret	B1	v.	afsuslanmoq	Always remember to regret diligently every day.	Har kuni g'ayrat bilan afsuslanmoqni unutmang.		/regret/	490
regulate	B2	v.	tartibga solmoq	Always remember to regulate diligently every day.	Har kuni g'ayrat bilan tartibga solmoqni unutmang.		/regulate/	491
reinforce	B2	v.	mustahkamlamoq, kuchaytirmoq	Always remember to reinforce diligently every day.	Har kuni g'ayrat bilan mustahkamlamoqni unutmang.		/reinforce/	492
reject	B1	v.	rad qilmoq	Always remember to reject diligently every day.	Har kuni g'ayrat bilan rad qilmoqni unutmang.		/reject/	493
relate	B1	v.	aloqador bo'lmoq	Always remember to relate diligently every day.	Har kuni g'ayrat bilan aloqador bo'lmoqni unutmang.		/relate/	494
relax	A1	v.	dam olmoq, tinchlanmoq	Always remember to relax diligently every day.	Har kuni g'ayrat bilan dam olmoqni unutmang.		/relax/	495
release	B1	v.	ozod qilmoq, chiqarmoq	Always remember to release diligently every day.	Har kuni g'ayrat bilan ozod qilmoqni unutmang.		/release/	496
rely	B1	v.	suyanmoq, tayanmoq	Always remember to rely diligently every day.	Har kuni g'ayrat bilan suyanmoqni unutmang.		/rely/	497
remain	A2	v.	qolmoq	Always remember to remain diligently every day.	Har kuni g'ayrat bilan qolmoqni unutmang.		/remain/	498
remember	A1	v.	eslamoq, esda tutmoq	Always remember to remember diligently every day.	Har kuni g'ayrat bilan eslamoqni unutmang.		/remember/	499
remind	A2	v.	eslatmoq	Always remember to remind diligently every day.	Har kuni g'ayrat bilan eslatmoqni unutmang.		/remind/	500
remove	A2	v.	olib tashlamoq	Always remember to remove diligently every day.	Har kuni g'ayrat bilan olib tashlamoqni unutmang.		/remove/	501
renew	B2	v.	yangilamoq	Always remember to renew diligently every day.	Har kuni g'ayrat bilan yangilamoqni unutmang.		/renew/	502
repair	A2	v.	tuzatmoq, ta'mirlamoq	Always remember to repair diligently every day.	Har kuni g'ayrat bilan tuzatmoqni unutmang.		/repair/	503
repeat	A1	v.	takrorlamoq	Always remember to repeat diligently every day.	Har kuni g'ayrat bilan takrorlamoqni unutmang.		/repeat/	504
replace	A2	v.	almashtirmoq	Always remember to replace diligently every day.	Har kuni g'ayrat bilan almashtirmoqni unutmang.		/replace/	505
reply	A1	v.	javob bermoq	Always remember to reply diligently every day.	Har kuni g'ayrat bilan javob bermoqni unutmang.		/reply/	506
report	A2	v.	hisobot bermoq	Always remember to report diligently every day.	Har kuni g'ayrat bilan hisobot bermoqni unutmang.		/report/	507
represent	B1	v.	vakillik qilmoq, anglatmoq	Always remember to represent diligently every day.	Har kuni g'ayrat bilan vakillik qilmoqni unutmang.		/represent/	508
request	A2	v.	iltimos qilmoq	Always remember to request diligently every day.	Har kuni g'ayrat bilan iltimos qilmoqni unutmang.		/request/	509
require	A2	v.	talab qilmoq	Always remember to require diligently every day.	Har kuni g'ayrat bilan talab qilmoqni unutmang.		/require/	510
rescue	B1	v.	qutqarmoq	Always remember to rescue diligently every day.	Har kuni g'ayrat bilan qutqarmoqni unutmang.		/rescue/	511
research	A2	v.	tadqiq qilmoq	Always remember to research diligently every day.	Har kuni g'ayrat bilan tadqiq qilmoqni unutmang.		/research/	512
reserve	B1	v.	band qilib qo'ymoq	Always remember to reserve diligently every day.	Har kuni g'ayrat bilan band qilib qo'ymoqni unutmang.		/reserve/	513
resist	B2	v.	qarshilik ko'rsatmoq	Always remember to resist diligently every day.	Har kuni g'ayrat bilan qarshilik ko'rsatmoqni unutmang.		/resist/	514
resolve	B2	v.	hal qilmoq, qat'iy qaror qilmoq	Always remember to resolve diligently every day.	Har kuni g'ayrat bilan hal qilmoqni unutmang.		/resolve/	515
respond	A2	v.	javob qaytarmoq	Always remember to respond diligently every day.	Har kuni g'ayrat bilan javob qaytarmoqni unutmang.		/respond/	516
restore	B2	v.	tiklamoq	Always remember to restore diligently every day.	Har kuni g'ayrat bilan tiklamoqni unutmang.		/restore/	517
restrict	B2	v.	cheklamoq	Always remember to restrict diligently every day.	Har kuni g'ayrat bilan cheklamoqni unutmang.		/restrict/	518
retain	B2	v.	saqlab qolmoq	Always remember to retain diligently every day.	Har kuni g'ayrat bilan saqlab qolmoqni unutmang.		/retain/	519
retire	B1	v.	nafaqaga chiqmoq	Always remember to retire diligently every day.	Har kuni g'ayrat bilan nafaqaga chiqmoqni unutmang.		/retire/	520
reveal	B2	v.	oshkor qilmoq, ochib bermoq	Always remember to reveal diligently every day.	Har kuni g'ayrat bilan oshkor qilmoqni unutmang.		/reveal/	521
review	A2	v.	takrorlamoq, ko'rib chiqmoq	Always remember to review diligently every day.	Har kuni g'ayrat bilan takrorlamoqni unutmang.		/review/	522
revise	B1	v.	qayta ko'rib chiqmoq, takrorlamoq	Always remember to revise diligently every day.	Har kuni g'ayrat bilan qayta ko'rib chiqmoqni unutmang.		/revise/	523
reward	B1	v.	taqdirlamoq, mukofotlamoq	Always remember to reward diligently every day.	Har kuni g'ayrat bilan taqdirlamoqni unutmang.		/reward/	524
risk	B1	v.	tavakkal qilmoq	Always remember to risk diligently every day.	Har kuni g'ayrat bilan tavakkal qilmoqni unutmang.		/risk/	525
rule	A1	n.	qoida	Memorize the grammatical rule thoroughly.	Grammatik qoidani puxta yod oling.		/rule/	526
satisfy	B1	v.	qanoatlantirmoq	Always remember to satisfy diligently every day.	Har kuni g'ayrat bilan qanoatlantirmoqni unutmang.		/satisfy/	527
save	A1	v.	saqlamoq, tejamoq	Always remember to save diligently every day.	Har kuni g'ayrat bilan saqlamoqni unutmang.		/save/	528
schedule	A2	n.	jadval, reja	Follow your daily schedule without compromise.	Kunlik jadvalingizga og'ishmasdan amal qiling.		/schedule/	529
score	A2	v.	ochko to'plamoq	Always remember to score diligently every day.	Har kuni g'ayrat bilan ochko to'plamoqni unutmang.		/score/	530
search	A1	v.	qidirmoq	Always remember to search diligently every day.	Har kuni g'ayrat bilan qidirmoqni unutmang.		/search/	531
secure	B2	v.	xavfsiz qilmoq, ta'minlamoq	Always remember to secure diligently every day.	Har kuni g'ayrat bilan xavfsiz qilmoqni unutmang.		/secure/	532
seek	B2	v.	izlamoq, intilmoq	Always remember to seek diligently every day.	Har kuni g'ayrat bilan izlamoqni unutmang.		/seek/	533
select	A2	v.	tanlamoq	Always remember to select diligently every day.	Har kuni g'ayrat bilan tanlamoqni unutmang.		/select/	534
send	A1	v.	yubormoq	Always remember to send diligently every day.	Har kuni g'ayrat bilan yubormoqni unutmang.		/send/	535
separate	B1	v.	ajratmoq	Always remember to separate diligently every day.	Har kuni g'ayrat bilan ajratmoqni unutmang.		/separate/	536
serve	A2	v.	xizmat qilmoq	Always remember to serve diligently every day.	Har kuni g'ayrat bilan xizmat qilmoqni unutmang.		/serve/	537
settle	B1	v.	joylashmoq, hal qilmoq	Always remember to settle diligently every day.	Har kuni g'ayrat bilan joylashmoqni unutmang.		/settle/	538
share	A1	v.	baham ko'rmoq	Always remember to share diligently every day.	Har kuni g'ayrat bilan baham ko'rmoqni unutmang.		/share/	539
shift	B1	v.	ko'chirmoq, o'zgartirmoq	Always remember to shift diligently every day.	Har kuni g'ayrat bilan ko'chirmoqni unutmang.		/shift/	540
shine	A2	v.	porlamoq, yarqiramoq	Always remember to shine diligently every day.	Har kuni g'ayrat bilan porlamoqni unutmang.		/shine/	541
shock	B1	v.	hayratda qoldirmoq	Always remember to shock diligently every day.	Har kuni g'ayrat bilan hayratda qoldirmoqni unutmang.		/shock/	542
shoot	A2	v.	otmoq, suratga olmoq	Always remember to shoot diligently every day.	Har kuni g'ayrat bilan otmoqni unutmang.		/shoot/	543
show	A1	v.	ko'rsatmoq	Always remember to show diligently every day.	Har kuni g'ayrat bilan ko'rsatmoqni unutmang.		/show/	544
sign	A2	v.	imzolamoq	Always remember to sign diligently every day.	Har kuni g'ayrat bilan imzolamoqni unutmang.		/sign/	545
simplify	B1	v.	soddalashtirmoq	Always remember to simplify diligently every day.	Har kuni g'ayrat bilan soddalashtirmoqni unutmang.		/simplify/	546
sing	A1	v.	kuylamoq, ashula aytmoq	Always remember to sing diligently every day.	Har kuni g'ayrat bilan kuylamoqni unutmang.		/sing/	547
sit	A1	v.	o'tirmoq	Always remember to sit diligently every day.	Har kuni g'ayrat bilan o'tirmoqni unutmang.		/sit/	548
sleep	A1	v.	uxlamoq	Always remember to sleep diligently every day.	Har kuni g'ayrat bilan uxlamoqni unutmang.		/sleep/	549
solve	A2	v.	yechmoq, hal qilmoq	Always remember to solve diligently every day.	Har kuni g'ayrat bilan yechmoqni unutmang.		/solve/	550
speak	A1	v.	gapirmoq, so'zlamoq	Always remember to speak diligently every day.	Har kuni g'ayrat bilan gapirmoqni unutmang.		/speak/	551
specify	B2	v.	aniq ko'rsatmoq	Always remember to specify diligently every day.	Har kuni g'ayrat bilan aniq ko'rsatmoqni unutmang.		/specify/	552
spend	A1	v.	sarflamoq, o'tkazmoq	Always remember to spend diligently every day.	Har kuni g'ayrat bilan sarflamoqni unutmang.		/spend/	553
split	B1	v.	bo'lmoq, ajratmoq	Always remember to split diligently every day.	Har kuni g'ayrat bilan bo'lmoqni unutmang.		/split/	554
stand	A1	v.	turmoq, chidamoq	Always remember to stand diligently every day.	Har kuni g'ayrat bilan turmoqni unutmang.		/stand/	555
start	A1	v.	boshlamoq	Always remember to start diligently every day.	Har kuni g'ayrat bilan boshlamoqni unutmang.		/start/	556
stay	A1	v.	qolmoq, turmoq	Always remember to stay diligently every day.	Har kuni g'ayrat bilan qolmoqni unutmang.		/stay/	557
stimulate	B2	v.	rag'batlantirmoq, jonlantirmoq	Always remember to stimulate diligently every day.	Har kuni g'ayrat bilan rag'batlantirmoqni unutmang.		/stimulate/	558
strengthen	B1	v.	kuchaytirmoq, mustahkamlamoq	Always remember to strengthen diligently every day.	Har kuni g'ayrat bilan kuchaytirmoqni unutmang.		/strengthen/	559
stretch	B1	v.	cho'zmoq, tortmoq	Always remember to stretch diligently every day.	Har kuni g'ayrat bilan cho'zmoqni unutmang.		/stretch/	560
struggle	B1	v.	kurashmoq, qiynalmoq	Always remember to struggle diligently every day.	Har kuni g'ayrat bilan kurashmoqni unutmang.		/struggle/	561
study	A1	n.	o'qish, mutolaa, tadqiqot	Dedicate three hours to focused study.	Diqqatli o'qish uchun uch soat ajrating.		/study/	562
submit	B1	v.	topshirmoq, taqdim etmoq	Always remember to submit diligently every day.	Har kuni g'ayrat bilan topshirmoqni unutmang.		/submit/	563
succeed	A2	v.	muvaffaqiyat qozonmoq	Always remember to succeed diligently every day.	Har kuni g'ayrat bilan muvaffaqiyat qozonmoqni unutmang.		/succeed/	564
suffer	B1	v.	azob chekmoq	Always remember to suffer diligently every day.	Har kuni g'ayrat bilan azob chekmoqni unutmang.		/suffer/	565
suggest	A2	v.	taklif qilmoq	Always remember to suggest diligently every day.	Har kuni g'ayrat bilan taklif qilmoqni unutmang.		/suggest/	566
summarize	B1	v.	xulosa qilmoq	Always remember to summarize diligently every day.	Har kuni g'ayrat bilan xulosa qilmoqni unutmang.		/summarize/	567
supply	B1	v.	ta'minlamoq, yetkazib bermoq	Always remember to supply diligently every day.	Har kuni g'ayrat bilan ta'minlamoqni unutmang.		/supply/	568
support	A2	v.	qo'llab-quvvatlamoq	Always remember to support diligently every day.	Har kuni g'ayrat bilan qo'llab-quvvatlamoqni unutmang.		/support/	569
suppose	A2	v.	taxmin qilmoq	Always remember to suppose diligently every day.	Har kuni g'ayrat bilan taxmin qilmoqni unutmang.		/suppose/	570
surpass	B2	v.	ortda qoldirmoq, oshirib yubormoq	Always remember to surpass diligently every day.	Har kuni g'ayrat bilan ortda qoldirmoqni unutmang.		/surpass/	571
surprise	A2	v.	hayratlantirmoq	Always remember to surprise diligently every day.	Har kuni g'ayrat bilan hayratlantirmoqni unutmang.		/surprise/	572
surrender	B2	v.	taslim bo'lmoq	Always remember to surrender diligently every day.	Har kuni g'ayrat bilan taslim bo'lmoqni unutmang.		/surrender/	573
surround	B1	v.	o'rab olmoq	Always remember to surround diligently every day.	Har kuni g'ayrat bilan o'rab olmoqni unutmang.		/surround/	574
survive	B1	v.	omon qolmoq	Always remember to survive diligently every day.	Har kuni g'ayrat bilan omon qolmoqni unutmang.		/survive/	575
sustain	B2	v.	davom ettirmoq, saqlab turmoq	Always remember to sustain diligently every day.	Har kuni g'ayrat bilan davom ettirmoqni unutmang.		/sustain/	576
switch	B1	v.	almashtirmoq, o'tkazmoq	Always remember to switch diligently every day.	Har kuni g'ayrat bilan almashtirmoqni unutmang.		/switch/	577
talk	A1	v.	gaplashmoq	Always remember to talk diligently every day.	Har kuni g'ayrat bilan gaplashmoqni unutmang.		/talk/	578
target	B1	v.	nishonga olmoq, maqsad qilmoq	Always remember to target diligently every day.	Har kuni g'ayrat bilan nishonga olmoqni unutmang.		/target/	579
teach	A1	v.	o'rgatmoq, ta'lim bermoq	Always remember to teach diligently every day.	Har kuni g'ayrat bilan o'rgatmoqni unutmang.		/teach/	580
test	A1	n.	test, sinov	Score ninety percent on your vocabulary test.	Lug'at testingizda to'qson foiz ball to'plang.		/test/	581
thank	A1	v.	minnatdorchilik bildirmoq	Always remember to thank diligently every day.	Har kuni g'ayrat bilan minnatdorchilik bildirmoqni unutmang.		/thank/	582
threaten	B2	v.	tahdid solmoq	Always remember to threaten diligently every day.	Har kuni g'ayrat bilan tahdid solmoqni unutmang.		/threaten/	583
tolerate	B2	v.	chidadigan bo'lmoq, toqat qilmoq	Always remember to tolerate diligently every day.	Har kuni g'ayrat bilan chidadigan bo'lmoqni unutmang.		/tolerate/	584
track	B1	v.	kuzatib bormoq	Always remember to track diligently every day.	Har kuni g'ayrat bilan kuzatib bormoqni unutmang.		/track/	585
train	A1	v.	mashq qilmoq, o'rgatmoq	Always remember to train diligently every day.	Har kuni g'ayrat bilan mashq qilmoqni unutmang.		/train/	586
transfer	B1	v.	o'tkazmoq, ko'chirmoq	Always remember to transfer diligently every day.	Har kuni g'ayrat bilan o'tkazmoqni unutmang.		/transfer/	587
transform	B2	v.	butunlay o'zgartirmoq	Always remember to transform diligently every day.	Har kuni g'ayrat bilan butunlay o'zgartirmoqni unutmang.		/transform/	588
translate	A2	v.	tarjima qilmoq	Always remember to translate diligently every day.	Har kuni g'ayrat bilan tarjima qilmoqni unutmang.		/translate/	589
transmit	B2	v.	uzatmoq, yetkazmoq	Always remember to transmit diligently every day.	Har kuni g'ayrat bilan uzatmoqni unutmang.		/transmit/	590
travel	A1	v.	sayohat qilmoq	Always remember to travel diligently every day.	Har kuni g'ayrat bilan sayohat qilmoqni unutmang.		/travel/	591
treat	B1	v.	muomala qilmoq, davolamoq	Always remember to treat diligently every day.	Har kuni g'ayrat bilan muomala qilmoqni unutmang.		/treat/	592
trust	A2	v.	ishonmoq	Always remember to trust diligently every day.	Har kuni g'ayrat bilan ishonmoqni unutmang.		/trust/	593
try	A1	v.	harakat qilmoq, tatib ko'rmoq	Always remember to try diligently every day.	Har kuni g'ayrat bilan harakat qilmoqni unutmang.		/try/	594
turn	A1	v.	burilmoq, aylanmoq	Always remember to turn diligently every day.	Har kuni g'ayrat bilan burilmoqni unutmang.		/turn/	595
undergo	B2	v.	boshdan kechirmoq	Always remember to undergo diligently every day.	Har kuni g'ayrat bilan boshdan kechirmoqni unutmang.		/undergo/	596
understand	A1	v.	tushunmoq	Always remember to understand diligently every day.	Har kuni g'ayrat bilan tushunmoqni unutmang.		/understand/	597
undertake	B2	v.	o'z zimmasiga olmoq	Always remember to undertake diligently every day.	Har kuni g'ayrat bilan o'z zimmasiga olmoqni unutmang.		/undertake/	598
unite	B1	v.	birlashmoq	Always remember to unite diligently every day.	Har kuni g'ayrat bilan birlashmoqni unutmang.		/unite/	599
update	A2	v.	yangilamoq	Always remember to update diligently every day.	Har kuni g'ayrat bilan yangilamoqni unutmang.		/update/	600
upgrade	B1	v.	yaxshilamoq, darajasini oshirmoq	Always remember to upgrade diligently every day.	Har kuni g'ayrat bilan yaxshilamoqni unutmang.		/upgrade/	601
uphold	B2	v.	himoya qilmoq, qo'llab-quvvatlamoq	Always remember to uphold diligently every day.	Har kuni g'ayrat bilan himoya qilmoqni unutmang.		/uphold/	602
urge	B2	v.	undamoq, qistamoq	Always remember to urge diligently every day.	Har kuni g'ayrat bilan undamoqni unutmang.		/urge/	603
utilize	B2	v.	unumli foydalanmoq	Always remember to utilize diligently every day.	Har kuni g'ayrat bilan unumli foydalanmoqni unutmang.		/utilize/	604
validate	B2	v.	tasdiqlamoq, to'g'riligini isbotlamoq	Always remember to validate diligently every day.	Har kuni g'ayrat bilan tasdiqlamoqni unutmang.		/validate/	605
value	B1	v.	qadrlamoq	Always remember to value diligently every day.	Har kuni g'ayrat bilan qadrlamoqni unutmang.		/value/	606
vary	B1	v.	o'zgarib turmoq, farqlanmoq	Always remember to vary diligently every day.	Har kuni g'ayrat bilan o'zgarib turmoqni unutmang.		/vary/	607
verify	B1	v.	tekshirib ko'rmoq	Always remember to verify diligently every day.	Har kuni g'ayrat bilan tekshirib ko'rmoqni unutmang.		/verify/	608
view	A2	v.	qaramoq, ko'rib chiqmoq	Always remember to view diligently every day.	Har kuni g'ayrat bilan qaramoqni unutmang.		/view/	609
visit	A1	v.	tashrif buyurmoq	Always remember to visit diligently every day.	Har kuni g'ayrat bilan tashrif buyurmoqni unutmang.		/visit/	610
voice	B2	v.	ovoz chiqarib aytmoq	Always remember to voice diligently every day.	Har kuni g'ayrat bilan ovoz chiqarib aytmoqni unutmang.		/voice/	611
volunteer	B1	v.	ko'ngilli bo'lmoq	Always remember to volunteer diligently every day.	Har kuni g'ayrat bilan ko'ngilli bo'lmoqni unutmang.		/volunteer/	612
vote	A2	v.	ovoz bermoq	Always remember to vote diligently every day.	Har kuni g'ayrat bilan ovoz bermoqni unutmang.		/vote/	613
wait	A1	v.	kutmoq	Always remember to wait diligently every day.	Har kuni g'ayrat bilan kutmoqni unutmang.		/wait/	614
wake	A1	v.	uyg'onmoq	Always remember to wake diligently every day.	Har kuni g'ayrat bilan uyg'onmoqni unutmang.		/wake/	615
walk	A1	v.	piyoda yurmoq	Always remember to walk diligently every day.	Har kuni g'ayrat bilan piyoda yurmoqni unutmang.		/walk/	616
warn	A2	v.	ogohlantirmoq	Always remember to warn diligently every day.	Har kuni g'ayrat bilan ogohlantirmoqni unutmang.		/warn/	617
wash	A1	v.	yuvmoq	Always remember to wash diligently every day.	Har kuni g'ayrat bilan yuvmoqni unutmang.		/wash/	618
waste	A2	v.	behuda sarflamoq	Always remember to waste diligently every day.	Har kuni g'ayrat bilan behuda sarflamoqni unutmang.		/waste/	619
watch	A1	v.	tomosha qilmoq, kuzatmoq	Always remember to watch diligently every day.	Har kuni g'ayrat bilan tomosha qilmoqni unutmang.		/watch/	620
wear	A1	v.	kiymoq	Always remember to wear diligently every day.	Har kuni g'ayrat bilan kiymoqni unutmang.		/wear/	621
weigh	A2	v.	vaznini o'lchamoq	Always remember to weigh diligently every day.	Har kuni g'ayrat bilan vaznini o'lchamoqni unutmang.		/weigh/	622
welcome	A1	v.	qutlamoq, xush ko'rmoq	Always remember to welcome diligently every day.	Har kuni g'ayrat bilan qutlamoqni unutmang.		/welcome/	623
win	A1	v.	yutmoq, g'olib bo'lmoq	Always remember to win diligently every day.	Har kuni g'ayrat bilan yutmoqni unutmang.		/win/	624
wish	A1	v.	istamoq, tilamoq	Always remember to wish diligently every day.	Har kuni g'ayrat bilan istamoqni unutmang.		/wish/	625
withdraw	B2	v.	orqaga tortmoq, pul yechmoq	Always remember to withdraw diligently every day.	Har kuni g'ayrat bilan orqaga tortmoqni unutmang.		/withdraw/	626
withstand	C1	v.	bardosh bermoq, dosh bermoq	Always remember to withstand diligently every day.	Har kuni g'ayrat bilan bardosh bermoqni unutmang.		/withstand/	627
wonder	A2	v.	qiziqmoq, hayron bo'lmoq	Always remember to wonder diligently every day.	Har kuni g'ayrat bilan qiziqmoqni unutmang.		/wonder/	628
worry	A2	v.	xavotirlanmoq	Always remember to worry diligently every day.	Har kuni g'ayrat bilan xavotirlanmoqni unutmang.		/worry/	629
write	A1	v.	yozmoq	Always remember to write diligently every day.	Har kuni g'ayrat bilan yozmoqni unutmang.		/write/	630
yield	B2	v.	hosil bermoq, natija keltirmoq	Always remember to yield diligently every day.	Har kuni g'ayrat bilan hosil bermoqni unutmang.		/yield/	631
book	A1	n.	kitob	Read an inspiring book every week.	Har hafta ilhomlantiruvchi kitob o'qing.		/book/	632
classroom	A1	n.	sinfxona	The classroom was silent during the exam.	Imtihon paytida sinfxona sokin edi.		/classroom/	633
college	A2	n.	kollej, oliygoh	He plans to attend college next year.	U kelgusi yili kollejda o'qishni rejalashtirmoqda.		/college/	634
course	A1	n.	kurs, saboq	This English course improves speaking rapidly.	Ushbu ingliz tili kursi so'zlashuvni tez yaxshilaydi.		/course/	635
degree	A2	n.	daraja, ilmiy daraja	She earned her master's degree with honors.	U magistrlik darajasini imtiyozli tamomladi.		/degree/	636
dictionary	A1	n.	lug'at	Consult your dictionary for unfamiliar idioms.	Noma'lum iboralar uchun lug'atingizga qarang.		/dictionary/	637
education	A2	n.	ta'lim, tarbiya	Education is the key to mental freedom.	Ta'lim — aqliy erkinlikning kalitidir.		/education/	638
essay	B1	n.	insho, esse	Write a five-paragraph essay on discipline.	Intizom haqida besh xatboshili esse yozing.		/essay/	639
exam	A1	n.	imtihon, sinov	Prepare early for the final semester exam.	Semestr yakuniy imtihoniga ertaroq tayyorlaning.		/exam/	640
homework	A1	n.	uy vazifasi	Complete your homework immediately after school.	Maktabdan keyin darhol uy vazifangizni tugating.		/homework/	641
knowledge	A2	n.	bilim, ma'rifat	Knowledge brings confidence and humility.	Bilim ishonch va kamtarlik olib keladi.		/knowledge/	642
language	A1	n.	til	Language mastery requires consistent practice.	Tilni o'rganish doimiy mashqni talab qiladi.		/language/	643
lesson	A1	n.	dars, saboq	Each mistake carries an invaluable lesson.	Har bir xato bebaho saboq beradi.		/lesson/	644
library	A1	n.	kutubxona	The city library is a peaceful place to study.	Shahar kutubxonasi o'qish uchun sokin joy.		/library/	645
meaning	A1	n.	ma'no, mazmun	Look up the exact meaning of each term.	Har bir atamaning aniq ma'nosini qidiring.		/meaning/	646
mistake	A1	n.	xato, kamchilik	Analyze every mistake without self-criticism.	Har bir xatoni o'zingizni koyimasdan tahlil qiling.		/mistake/	647
notebook	A1	n.	daftar, qaydnoma	Keep a dedicated notebook for grammar rules.	Grammatika qoidalari uchun alohida daftar tuting.		/notebook/	648
paper	A1	n.	qog'oz, maqola	Write your daily goals on a sheet of paper.	Kunlik maqsadlaringizni bir varaq qog'ozga yozing.		/paper/	649
paragraph	A2	n.	xatboshi, abzats	Summarize the paragraph in two sentences.	Xatboshini ikki jumlada xulosa qiling.		/paragraph/	650
pencil	A1	n.	qalam	Use a pencil to underline key terms.	Asosiy tushunchalarni qalam bilan tagiga chizing.		/pencil/	651
project	A1	n.	loyiha	Finish your coding project on time.	Dasturlash loyihangizni o'z vaqtida yakunlang.		/project/	652
pupil	A2	n.	o'quvchi, shogird	Every pupil showed immense enthusiasm.	Har bir o'quvchi ulkan ishtiyoq ko'rsatdi.		/pupil/	653
school	A1	n.	maktab	Punctuality at school reflects personal integrity.	Maktabga o'z vaqtida borish shaxsiy intizomni ko'rsatadi.		/school/	654
sentence	A1	n.	gap, jumla	Construct a complete sentence in English.	Ingliz tilida to'liq gap tuzing.		/sentence/	655
student	A1	n.	talaba, o'quvchi	A disciplined student will always progress.	Intizomli talaba doimo o'sadi.		/student/	656
teacher	A1	n.	o'qituvchi, ustoz	A great teacher inspires curiosity.	Ajoyib o'qituvchi qiziquvchanlikni uyg'otadi.		/teacher/	657
textbook	A1	n.	darslik	Read unit four in your English textbook.	Ingliz tili darsligingizdagi to'rtinchi bobni o'qing.		/textbook/	658
university	A1	n.	universitet, oliygoh	He was admitted to a prestigious university.	U nufuzli universitetga qabul qilindi.		/university/	659
vocabulary	A2	n.	lug'at boyligi	Expand your vocabulary by ten words today.	Bugun so'z boyligingizni o'nta so'zga kengaytiring.		/vocabulary/	660
word	A1	n.	so'z	Learn the pronunciation of every new word.	Har bir yangi so'zning talaffuzini o'rganing.		/word/	661
alarm	A1	n.	budilnik	Wake up immediately when the alarm rings.	Budilnik jiringlaganda darhol turing.		/alarm/	662
afternoon	A1	n.	peshin, tushdan keyin	Study grammar in the early afternoon.	Tushdan keyin barvaqt grammatikani o'qing.		/afternoon/	663
calendar	A2	n.	taqvim, kalendar	Mark each milestone on your wall calendar.	Har bir natijani devor taqvimingizda belgilab boring.		/calendar/	664
century	A2	n.	asr, yuz yillik	This historical event took place in the last century.	Ushbu tarixiy voqea o'tgan asrda sodir bo'lgan.		/century/	665
clock	A1	n.	soat (devor yoki stol)	Check the clock to stay on schedule.	Jadvalga mos borish uchun soatga qarab turing.		/clock/	666
dawn	B1	n.	tong, saharlik	Study in silence before dawn arrives.	Tong otishidan oldin sukunatda o'qing.		/dawn/	667
decade	B1	n.	o'n yillik	Invest in skills that will last a decade.	O'n yillab xizmat qiladigan ko'nikmalarga sarmoya qiling.		/decade/	668
dusk	B2	n.	shom, oqshom	Take a refreshing walk at dusk.	Shom vaqtida tetiklantiruvchi sayr qiling.		/dusk/	669
evening	A1	n.	oqshom, kechqurun	Review past vocabulary in the evening.	Kechqurun o'tilgan so'zlarni takrorlang.		/evening/	670
hour	A1	n.	soat (60 daqiqa)	Protect your morning deep-work hour.	Tonggi chuqur mehnat soatingizni asrang.		/hour/	671
midnight	A2	n.	yarim tun	Never stay awake until midnight studying.	O'qish deb yarim tungacha uyg'oq o'tirmang.		/midnight/	672
minute	A1	n.	daqiqa	Every minute of focused practice matters.	Har bir daqiqalik diqqatli mashq muhim.		/minute/	673
month	A1	n.	oy	Track your vocabulary gain this month.	Bu oyda qancha so'z o'rganganingizni kuzating.		/month/	674
morning	A1	n.	tong, ertalab	Morning hours are prime for intellectual work.	Tonggi soatlar aqliy mehnat uchun eng samaralidir.		/morning/	675
night	A1	n.	tun, kecha	Sleep soundly at night to recharge.	Qayta quvvat olish uchun kechasi xotirjam uxlang.		/night/	676
noon	A2	n.	peshin vaqti	Take a short lunch break around noon.	Peshin payti qisqa tushlik tanaffusi qiling.		/noon/	677
routine	A2	n.	kun tartibi, odatiy tartib	A strict routine eliminates decision fatigue.	Qat'iy kun tartibi ortiqcha ikkilanishlarni yo'qotadi.		/routine/	678
season	A1	n.	fasl, mavsum	Spring is a season of new beginnings.	Bahor — yangi boshlanishlar faslidir.		/season/	679
second	A1	n.	soniya; ikkinchi	Do not waste a single second on useless apps.	Foydasiz ilovalarda biror soniya ham behuda sarflamang.		/second/	680
timetable	A2	n.	dars jadvali	Review your school timetable the night before.	Oldingi oqshomda maktab dars jadvalini ko'rib chiqing.		/timetable/	681
today	A1	n.	bugun	Today is your chance to build a better future.	Bugun — yanada yaxshi kelajakni qurish imkoningiz.		/today/	682
tomorrow	A1	n.	ertaga	Tomorrow starts with tonight's preparation.	Ertangi kun bugungi tayyorgarlikdan boshlanadi.		/tomorrow/	683
week	A1	n.	hafta	Reflect on your achievements every week.	Har hafta yutuqlaringiz haqida mushohada qiling.		/week/	684
weekend	A1	n.	dam olish kunlari	Use the weekend for deep reading and rest.	Dam olish kunlarini chuqur mutolaa va hordiqqa sarflang.		/weekend/	685
yesterday	A1	adv.	kecha	She practiced speaking English yesterday every morning.	U har tong inglizcha so'zlashuvni kecha tarzda mashq qildi.		/yesterday/	686
ability	A2	n.	qobiliyat	Understanding the concept of ability is essential.	Qobiliyat tushunchasini bilish juda muhimdir.		/ability/	687
accident	A2	n.	tasodif	Understanding the concept of accident is essential.	Tasodif tushunchasini bilish juda muhimdir.		/accident/	688
account	A2	n.	hisob, hisob raqami	Understanding the concept of account is essential.	Hisob tushunchasini bilish juda muhimdir.		/account/	689
action	A1	n.	harakat	Understanding the concept of action is essential.	Harakat tushunchasini bilish juda muhimdir.		/action/	690
activity	A1	n.	faoliyat	Understanding the concept of activity is essential.	Faoliyat tushunchasini bilish juda muhimdir.		/activity/	691
actor	A1	n.	aktyor	Understanding the concept of actor is essential.	Aktyor tushunchasini bilish juda muhimdir.		/actor/	692
addition	A2	n.	qo'shimcha	Understanding the concept of addition is essential.	Qo'shimcha tushunchasini bilish juda muhimdir.		/addition/	693
administration	B2	n.	boshqaruv, ma'muriyat	Understanding the concept of administration is essential.	Boshqaruv tushunchasini bilish juda muhimdir.		/administration/	694
adult	A1	n.	katta yoshli odam	Understanding the concept of adult is essential.	Katta yoshli odam tushunchasini bilish juda muhimdir.		/adult/	695
advantage	A2	n.	afzallik	Understanding the concept of advantage is essential.	Afzallik tushunchasini bilish juda muhimdir.		/advantage/	696
adventure	A2	n.	sarguzasht	Understanding the concept of adventure is essential.	Sarguzasht tushunchasini bilish juda muhimdir.		/adventure/	697
advice	A1	n.	maslahat	Understanding the concept of advice is essential.	Maslahat tushunchasini bilish juda muhimdir.		/advice/	698
affair	B2	n.	ish, masala	Understanding the concept of affair is essential.	Ish tushunchasini bilish juda muhimdir.		/affair/	699
age	A1	n.	yosh	Understanding the concept of age is essential.	Yosh tushunchasini bilish juda muhimdir.		/age/	700
agency	B1	n.	agentlik	Understanding the concept of agency is essential.	Agentlik tushunchasini bilish juda muhimdir.		/agency/	701
agent	B1	n.	vakil, agent	Understanding the concept of agent is essential.	Vakil tushunchasini bilish juda muhimdir.		/agent/	702
agreement	A2	n.	kelishuv	Understanding the concept of agreement is essential.	Kelishuv tushunchasini bilish juda muhimdir.		/agreement/	703
air	A1	n.	havo	Understanding the concept of air is essential.	Havo tushunchasini bilish juda muhimdir.		/air/	704
airport	A1	n.	aeroport	Understanding the concept of airport is essential.	Aeroport tushunchasini bilish juda muhimdir.		/airport/	705
album	A2	n.	albom	Understanding the concept of album is essential.	Albom tushunchasini bilish juda muhimdir.		/album/	706
alcohol	B1	n.	spirtli ichimlik	Understanding the concept of alcohol is essential.	Spirtli ichimlik tushunchasini bilish juda muhimdir.		/alcohol/	707
amount	A2	n.	miqdor	Understanding the concept of amount is essential.	Miqdor tushunchasini bilish juda muhimdir.		/amount/	708
analysis	B1	n.	tahlil	Understanding the concept of analysis is essential.	Tahlil tushunchasini bilish juda muhimdir.		/analysis/	709
analyst	B2	n.	tahlilchi	Understanding the concept of analyst is essential.	Tahlilchi tushunchasini bilish juda muhimdir.		/analyst/	710
ancestor	B2	n.	ajdod	Understanding the concept of ancestor is essential.	Ajdod tushunchasini bilish juda muhimdir.		/ancestor/	711
anger	A2	n.	g'azab, jahl	Understanding the concept of anger is essential.	G'azab tushunchasini bilish juda muhimdir.		/anger/	712
animal	A1	n.	hayvon	Understanding the concept of animal is essential.	Hayvon tushunchasini bilish juda muhimdir.		/animal/	713
announcement	B1	n.	e'lon	Understanding the concept of announcement is essential.	E'lon tushunchasini bilish juda muhimdir.		/announcement/	714
answer	A1	n.	javob	Understanding the concept of answer is essential.	Javob tushunchasini bilish juda muhimdir.		/answer/	715
anxiety	B2	n.	xavotir, tashvish	Understanding the concept of anxiety is essential.	Xavotir tushunchasini bilish juda muhimdir.		/anxiety/	716
apartment	A1	n.	kvartira	Understanding the concept of apartment is essential.	Kvartira tushunchasini bilish juda muhimdir.		/apartment/	717
appeal	B2	n.	murojaat, joziba	Understanding the concept of appeal is essential.	Murojaat tushunchasini bilish juda muhimdir.		/appeal/	718
appearance	A2	n.	tashqi ko'rinish	Understanding the concept of appearance is essential.	Tashqi ko'rinish tushunchasini bilish juda muhimdir.		/appearance/	719
apple	A1	n.	olma	Understanding the concept of apple is essential.	Olma tushunchasini bilish juda muhimdir.		/apple/	720
application	A2	n.	ariza, ilova	Understanding the concept of application is essential.	Ariza tushunchasini bilish juda muhimdir.		/application/	721
appointment	A2	n.	uchrashuv, tayinlov	Understanding the concept of appointment is essential.	Uchrashuv tushunchasini bilish juda muhimdir.		/appointment/	722
approval	B1	n.	ma'qullash	Understanding the concept of approval is essential.	Ma'qullash tushunchasini bilish juda muhimdir.		/approval/	723
area	A1	n.	maydon, soha	Understanding the concept of area is essential.	Maydon tushunchasini bilish juda muhimdir.		/area/	724
argument	A2	n.	bahs, dalil	Understanding the concept of argument is essential.	Bahs tushunchasini bilish juda muhimdir.		/argument/	725
arm	A1	n.	qo'l (yelkadan bilakkacha)	Understanding the concept of arm is essential.	Qo'l (yelkadan bilakkacha) tushunchasini bilish juda muhimdir.		/arm/	726
army	A2	n.	armiya	Understanding the concept of army is essential.	Armiya tushunchasini bilish juda muhimdir.		/army/	727
arrangement	A2	n.	kelishuv, tartib	Understanding the concept of arrangement is essential.	Kelishuv tushunchasini bilish juda muhimdir.		/arrangement/	728
arrival	A2	n.	yetib kelish	Understanding the concept of arrival is essential.	Yetib kelish tushunchasini bilish juda muhimdir.		/arrival/	729
art	A1	n.	san'at	Understanding the concept of art is essential.	San'at tushunchasini bilish juda muhimdir.		/art/	730
article	A1	n.	maqola	Understanding the concept of article is essential.	Maqola tushunchasini bilish juda muhimdir.		/article/	731
artist	A1	n.	rassom, san'atkor	Understanding the concept of artist is essential.	Rassom tushunchasini bilish juda muhimdir.		/artist/	732
aspect	B1	n.	jihat	Understanding the concept of aspect is essential.	Jihat tushunchasini bilish juda muhimdir.		/aspect/	733
assessment	B2	n.	baholash	Understanding the concept of assessment is essential.	Baholash tushunchasini bilish juda muhimdir.		/assessment/	734
asset	B2	n.	boylik, qimmatli aktiv	Understanding the concept of asset is essential.	Boylik tushunchasini bilish juda muhimdir.		/asset/	735
assistance	B1	n.	yordam	Understanding the concept of assistance is essential.	Yordam tushunchasini bilish juda muhimdir.		/assistance/	736
assistant	A2	n.	yordamchi	Understanding the concept of assistant is essential.	Yordamchi tushunchasini bilish juda muhimdir.		/assistant/	737
association	B2	n.	uyushma, assotsiatsiya	Understanding the concept of association is essential.	Uyushma tushunchasini bilish juda muhimdir.		/association/	738
assumption	B2	n.	taxmin, faraz	Understanding the concept of assumption is essential.	Taxmin tushunchasini bilish juda muhimdir.		/assumption/	739
atmosphere	B1	n.	muhit, atmosfera	Understanding the concept of atmosphere is essential.	Muhit tushunchasini bilish juda muhimdir.		/atmosphere/	740
attention	A2	n.	diqqat	Understanding the concept of attention is essential.	Diqqat tushunchasini bilish juda muhimdir.		/attention/	741
attitude	B1	n.	munosabat	Understanding the concept of attitude is essential.	Munosabat tushunchasini bilish juda muhimdir.		/attitude/	742
attorney	B2	n.	advokat, huquqshunos	Understanding the concept of attorney is essential.	Advokat tushunchasini bilish juda muhimdir.		/attorney/	743
attraction	A2	n.	jalb qiluvchi joy	Understanding the concept of attraction is essential.	Jalb qiluvchi joy tushunchasini bilish juda muhimdir.		/attraction/	744
audience	A2	n.	tinglovchilar, auditoriya	Understanding the concept of audience is essential.	Tinglovchilar tushunchasini bilish juda muhimdir.		/audience/	745
author	A2	n.	muallif	Understanding the concept of author is essential.	Muallif tushunchasini bilish juda muhimdir.		/author/	746
authority	B1	n.	vakolat, hokimiyat	Understanding the concept of authority is essential.	Vakolat tushunchasini bilish juda muhimdir.		/authority/	747
autumn	A1	n.	kuz	Understanding the concept of autumn is essential.	Kuz tushunchasini bilish juda muhimdir.		/autumn/	748
awareness	B2	n.	xabardorlik, ong	Understanding the concept of awareness is essential.	Xabardorlik tushunchasini bilish juda muhimdir.		/awareness/	749
baby	A1	n.	chaqaloq	Understanding the concept of baby is essential.	Chaqaloq tushunchasini bilish juda muhimdir.		/baby/	750
background	A2	n.	orqa fon, o'tmish	Understanding the concept of background is essential.	Orqa fon tushunchasini bilish juda muhimdir.		/background/	751
bag	A1	n.	sumka	Understanding the concept of bag is essential.	Sumka tushunchasini bilish juda muhimdir.		/bag/	752
baker	A2	n.	novvoy	Understanding the concept of baker is essential.	Novvoy tushunchasini bilish juda muhimdir.		/baker/	753
ball	A1	n.	to'p	Understanding the concept of ball is essential.	To'p tushunchasini bilish juda muhimdir.		/ball/	754
band	A1	n.	guruh, tasma	Understanding the concept of band is essential.	Guruh tushunchasini bilish juda muhimdir.		/band/	755
bank	A1	n.	bank; daryo qirg'og'i	Understanding the concept of bank is essential.	Bank; daryo qirg'og'i tushunchasini bilish juda muhimdir.		/bank/	756
bar	A2	n.	bar; bo'lak	Understanding the concept of bar is essential.	Bar; bo'lak tushunchasini bilish juda muhimdir.		/bar/	757
barrier	B2	n.	to'siq, g'ov	Understanding the concept of barrier is essential.	To'siq tushunchasini bilish juda muhimdir.		/barrier/	758
basis	B1	n.	asos	Understanding the concept of basis is essential.	Asos tushunchasini bilish juda muhimdir.		/basis/	759
basket	A2	n.	savat	Understanding the concept of basket is essential.	Savat tushunchasini bilish juda muhimdir.		/basket/	760
bath	A1	n.	vanna, cho'milish	Understanding the concept of bath is essential.	Vanna tushunchasini bilish juda muhimdir.		/bath/	761
bathroom	A1	n.	hammom	Understanding the concept of bathroom is essential.	Hammom tushunchasini bilish juda muhimdir.		/bathroom/	762
battery	A2	n.	batareya	Understanding the concept of battery is essential.	Batareya tushunchasini bilish juda muhimdir.		/battery/	763
battle	B1	n.	jang, kurash	Understanding the concept of battle is essential.	Jang tushunchasini bilish juda muhimdir.		/battle/	764
beach	A1	n.	sohil, plyaj	Understanding the concept of beach is essential.	Sohil tushunchasini bilish juda muhimdir.		/beach/	765
beauty	A2	n.	go'zallik	Understanding the concept of beauty is essential.	Go'zallik tushunchasini bilish juda muhimdir.		/beauty/	766
bed	A1	n.	karavot, o'rin	Understanding the concept of bed is essential.	Karavot tushunchasini bilish juda muhimdir.		/bed/	767
bedroom	A1	n.	yotoqxona	Understanding the concept of bedroom is essential.	Yotoqxona tushunchasini bilish juda muhimdir.		/bedroom/	768
beef	A2	n.	mol go'shti	Understanding the concept of beef is essential.	Mol go'shti tushunchasini bilish juda muhimdir.		/beef/	769
beer	A2	n.	pivo	Understanding the concept of beer is essential.	Pivo tushunchasini bilish juda muhimdir.		/beer/	770
beginning	A1	n.	boshlanish	Understanding the concept of beginning is essential.	Boshlanish tushunchasini bilish juda muhimdir.		/beginning/	771
behavior	A2	n.	xulq-atvor	Understanding the concept of behavior is essential.	Xulq-atvor tushunchasini bilish juda muhimdir.		/behavior/	772
belief	B1	n.	e'tiqod, ishonch	Understanding the concept of belief is essential.	E'tiqod tushunchasini bilish juda muhimdir.		/belief/	773
bell	A2	n.	qo'ng'iroq	Understanding the concept of bell is essential.	Qo'ng'iroq tushunchasini bilish juda muhimdir.		/bell/	774
belt	A2	n.	kamar	Understanding the concept of belt is essential.	Kamar tushunchasini bilish juda muhimdir.		/belt/	775
bicycle	A1	n.	velosiped	Understanding the concept of bicycle is essential.	Velosiped tushunchasini bilish juda muhimdir.		/bicycle/	776
bill	A1	n.	hisob-kitob qog'ozi	Understanding the concept of bill is essential.	Hisob-kitob qog'ozi tushunchasini bilish juda muhimdir.		/bill/	777
bird	A1	n.	qush	Understanding the concept of bird is essential.	Qush tushunchasini bilish juda muhimdir.		/bird/	778
birth	A2	n.	tug'ilish	Understanding the concept of birth is essential.	Tug'ilish tushunchasini bilish juda muhimdir.		/birth/	779
birthday	A1	n.	tug'ilgan kun	Understanding the concept of birthday is essential.	Tug'ilgan kun tushunchasini bilish juda muhimdir.		/birthday/	780
biscuit	A2	n.	pechenye	Understanding the concept of biscuit is essential.	Pechenye tushunchasini bilish juda muhimdir.		/biscuit/	781
blade	B2	n.	tig', pichoq dami	Understanding the concept of blade is essential.	Tig' tushunchasini bilish juda muhimdir.		/blade/	782
blanket	A2	n.	ko'rpa, adyol	Understanding the concept of blanket is essential.	Ko'rpa tushunchasini bilish juda muhimdir.		/blanket/	783
blood	A2	n.	qon	Understanding the concept of blood is essential.	Qon tushunchasini bilish juda muhimdir.		/blood/	784
blouse	A2	n.	bluzka	Understanding the concept of blouse is essential.	Bluzka tushunchasini bilish juda muhimdir.		/blouse/	785
board	A1	n.	doska; kengash	Understanding the concept of board is essential.	Doska; kengash tushunchasini bilish juda muhimdir.		/board/	786
boat	A1	n.	qayiq	Understanding the concept of boat is essential.	Qayiq tushunchasini bilish juda muhimdir.		/boat/	787
body	A1	n.	tana, gavda	Understanding the concept of body is essential.	Tana tushunchasini bilish juda muhimdir.		/body/	788
bone	A2	n.	suyak	Understanding the concept of bone is essential.	Suyak tushunchasini bilish juda muhimdir.		/bone/	789
boot	A2	n.	etik, botinka	Understanding the concept of boot is essential.	Etik tushunchasini bilish juda muhimdir.		/boot/	790
border	B1	n.	chegara	Understanding the concept of border is essential.	Chegara tushunchasini bilish juda muhimdir.		/border/	791
boss	A2	n.	boshliq	Understanding the concept of boss is essential.	Boshliq tushunchasini bilish juda muhimdir.		/boss/	792
bottle	A1	n.	shisha idish	Understanding the concept of bottle is essential.	Shisha idish tushunchasini bilish juda muhimdir.		/bottle/	793
bottom	A1	n.	tubi, pasti	Understanding the concept of bottom is essential.	Tubi tushunchasini bilish juda muhimdir.		/bottom/	794
bowl	A2	n.	kosa	Understanding the concept of bowl is essential.	Kosa tushunchasini bilish juda muhimdir.		/bowl/	795
box	A1	n.	quti	Understanding the concept of box is essential.	Quti tushunchasini bilish juda muhimdir.		/box/	796
boy	A1	n.	o'g'il bola	Understanding the concept of boy is essential.	O'g'il bola tushunchasini bilish juda muhimdir.		/boy/	797
brain	A2	n.	miya, aql	Understanding the concept of brain is essential.	Miya tushunchasini bilish juda muhimdir.		/brain/	798
branch	B1	n.	shox; filial	Understanding the concept of branch is essential.	Shox; filial tushunchasini bilish juda muhimdir.		/branch/	799
bread	A1	n.	non	Understanding the concept of bread is essential.	Non tushunchasini bilish juda muhimdir.		/bread/	800
break	A1	n.	tanaffus	Understanding the concept of break is essential.	Tanaffus tushunchasini bilish juda muhimdir.		/break/	801
breakfast	A1	n.	nonushta	Understanding the concept of breakfast is essential.	Nonushta tushunchasini bilish juda muhimdir.		/breakfast/	802
breath	A2	n.	nafas	Understanding the concept of breath is essential.	Nafas tushunchasini bilish juda muhimdir.		/breath/	803
brick	B1	n.	g'isht	Understanding the concept of brick is essential.	G'isht tushunchasini bilish juda muhimdir.		/brick/	804
bridge	A2	n.	ko'prik	Understanding the concept of bridge is essential.	Ko'prik tushunchasini bilish juda muhimdir.		/bridge/	805
brother	A1	n.	aka, uka	Understanding the concept of brother is essential.	Aka tushunchasini bilish juda muhimdir.		/brother/	806
budget	B1	n.	byudjet, mablag'	Understanding the concept of budget is essential.	Byudjet tushunchasini bilish juda muhimdir.		/budget/	807
building	A1	n.	bino, imorat	Understanding the concept of building is essential.	Bino tushunchasini bilish juda muhimdir.		/building/	808
bus	A1	n.	avtobus	Understanding the concept of bus is essential.	Avtobus tushunchasini bilish juda muhimdir.		/bus/	809
business	A1	n.	biznes, ish	Understanding the concept of business is essential.	Biznes tushunchasini bilish juda muhimdir.		/business/	810
businessman	A2	n.	tadbirkor	Understanding the concept of businessman is essential.	Tadbirkor tushunchasini bilish juda muhimdir.		/businessman/	811
butter	A1	n.	sariyog'	Understanding the concept of butter is essential.	Sariyog' tushunchasini bilish juda muhimdir.		/butter/	812
button	A2	n.	tugma	Understanding the concept of button is essential.	Tugma tushunchasini bilish juda muhimdir.		/button/	813
buyer	B1	n.	xaridor	Understanding the concept of buyer is essential.	Xaridor tushunchasini bilish juda muhimdir.		/buyer/	814
cabinet	B1	n.	javon; vazirlar mahkamasi	Understanding the concept of cabinet is essential.	Javon; vazirlar mahkamasi tushunchasini bilish juda muhimdir.		/cabinet/	815
cable	B1	n.	kabel, sim	Understanding the concept of cable is essential.	Kabel tushunchasini bilish juda muhimdir.		/cable/	816
cake	A1	n.	tort, pirojnoe	Understanding the concept of cake is essential.	Tort tushunchasini bilish juda muhimdir.		/cake/	817
camera	A1	n.	kamera, fotoapparat	Understanding the concept of camera is essential.	Kamera tushunchasini bilish juda muhimdir.		/camera/	818
campaign	B1	n.	kampaniya, harakat	Understanding the concept of campaign is essential.	Kampaniya tushunchasini bilish juda muhimdir.		/campaign/	819
camp	A2	n.	oromgoh	Understanding the concept of camp is essential.	Oromgoh tushunchasini bilish juda muhimdir.		/camp/	820
cancer	B2	n.	saraton kasalligi	Understanding the concept of cancer is essential.	Saraton kasalligi tushunchasini bilish juda muhimdir.		/cancer/	821
candidate	B1	n.	nomzod	Understanding the concept of candidate is essential.	Nomzod tushunchasini bilish juda muhimdir.		/candidate/	822
candle	A2	n.	sham	Understanding the concept of candle is essential.	Sham tushunchasini bilish juda muhimdir.		/candle/	823
capital	A1	n.	poytaxt; sarmoya	Understanding the concept of capital is essential.	Poytaxt; sarmoya tushunchasini bilish juda muhimdir.		/capital/	824
captain	A2	n.	kapitan, sardor	Understanding the concept of captain is essential.	Kapitan tushunchasini bilish juda muhimdir.		/captain/	825
car	A1	n.	mashina, avtomobil	Understanding the concept of car is essential.	Mashina tushunchasini bilish juda muhimdir.		/car/	826
card	A1	n.	karta, kartochka	Understanding the concept of card is essential.	Karta tushunchasini bilish juda muhimdir.		/card/	827
care	A2	n.	g'amxo'rlik, parvarish	Understanding the concept of care is essential.	G'amxo'rlik tushunchasini bilish juda muhimdir.		/care/	828
carpet	A2	n.	gilam	Understanding the concept of carpet is essential.	Gilam tushunchasini bilish juda muhimdir.		/carpet/	829
carrot	A1	n.	sabzi	Understanding the concept of carrot is essential.	Sabzi tushunchasini bilish juda muhimdir.		/carrot/	830
case	A2	n.	holat, quti, ish	Understanding the concept of case is essential.	Holat tushunchasini bilish juda muhimdir.		/case/	831
cash	A2	n.	naqd pul	Understanding the concept of cash is essential.	Naqd pul tushunchasini bilish juda muhimdir.		/cash/	832
castle	A2	n.	qasr, qal'a	Understanding the concept of castle is essential.	Qasr tushunchasini bilish juda muhimdir.		/castle/	833
cat	A1	n.	mushuk	Understanding the concept of cat is essential.	Mushuk tushunchasini bilish juda muhimdir.		/cat/	834
category	B1	n.	toifa, to'garak	Understanding the concept of category is essential.	Toifa tushunchasini bilish juda muhimdir.		/category/	835
cause	A2	n.	sabab	Understanding the concept of cause is essential.	Sabab tushunchasini bilish juda muhimdir.		/cause/	836
ceiling	A2	n.	shift, patalok	Understanding the concept of ceiling is essential.	Shift tushunchasini bilish juda muhimdir.		/ceiling/	837
celebration	A2	n.	bayram, tantana	Understanding the concept of celebration is essential.	Bayram tushunchasini bilish juda muhimdir.		/celebration/	838
cell	B1	n.	hujayra; kamera	Understanding the concept of cell is essential.	Hujayra; kamera tushunchasini bilish juda muhimdir.		/cell/	839
center	A1	n.	markaz	Understanding the concept of center is essential.	Markaz tushunchasini bilish juda muhimdir.		/center/	840
ceremony	B1	n.	marosim	Understanding the concept of ceremony is essential.	Marosim tushunchasini bilish juda muhimdir.		/ceremony/	841
chain	B1	n.	zanjir, tarmoq	Understanding the concept of chain is essential.	Zanjir tushunchasini bilish juda muhimdir.		/chain/	842
chair	A1	n.	stul, o'rindiq	Understanding the concept of chair is essential.	Stul tushunchasini bilish juda muhimdir.		/chair/	843
chairman	B2	n.	rais	Understanding the concept of chairman is essential.	Rais tushunchasini bilish juda muhimdir.		/chairman/	844
champion	A2	n.	chempion	Understanding the concept of champion is essential.	Chempion tushunchasini bilish juda muhimdir.		/champion/	845
chance	A2	n.	imkoniyat, fursat	Understanding the concept of chance is essential.	Imkoniyat tushunchasini bilish juda muhimdir.		/chance/	846
change	A1	n.	o'zgarish, mayda pul	Understanding the concept of change is essential.	O'zgarish tushunchasini bilish juda muhimdir.		/change/	847
channel	B1	n.	kanal	Understanding the concept of channel is essential.	Kanal tushunchasini bilish juda muhimdir.		/channel/	848
chapter	B1	n.	bob	Understanding the concept of chapter is essential.	Bob tushunchasini bilish juda muhimdir.		/chapter/	849
character	A2	n.	xarakter, qahramon	Understanding the concept of character is essential.	Xarakter tushunchasini bilish juda muhimdir.		/character/	850
charge	B1	n.	haq; ayblov	Understanding the concept of charge is essential.	Haq; ayblov tushunchasini bilish juda muhimdir.		/charge/	851
charity	B1	n.	xayriya	Understanding the concept of charity is essential.	Xayriya tushunchasini bilish juda muhimdir.		/charity/	852
chart	A2	n.	jadval, diagramma	Understanding the concept of chart is essential.	Jadval tushunchasini bilish juda muhimdir.		/chart/	853
check	A1	n.	tekshiruv, chek	Understanding the concept of check is essential.	Tekshiruv tushunchasini bilish juda muhimdir.		/check/	854
cheese	A1	n.	pishloq	Understanding the concept of cheese is essential.	Pishloq tushunchasini bilish juda muhimdir.		/cheese/	855
chemist	A2	n.	kimyogar; dorixonachi	Understanding the concept of chemist is essential.	Kimyogar; dorixonachi tushunchasini bilish juda muhimdir.		/chemist/	856
chemistry	B1	n.	kimyo fani	Understanding the concept of chemistry is essential.	Kimyo fani tushunchasini bilish juda muhimdir.		/chemistry/	857
chest	B1	n.	ko'krak qafasi; sandiq	Understanding the concept of chest is essential.	Ko'krak qafasi; sandiq tushunchasini bilish juda muhimdir.		/chest/	858
chicken	A1	n.	tovuq	Understanding the concept of chicken is essential.	Tovuq tushunchasini bilish juda muhimdir.		/chicken/	859
child	A1	n.	bola	Understanding the concept of child is essential.	Bola tushunchasini bilish juda muhimdir.		/child/	860
childhood	B1	n.	bolalik	Understanding the concept of childhood is essential.	Bolalik tushunchasini bilish juda muhimdir.		/childhood/	861
chocolate	A1	n.	shokolad	Understanding the concept of chocolate is essential.	Shokolad tushunchasini bilish juda muhimdir.		/chocolate/	862
choice	A2	n.	tanlov	Understanding the concept of choice is essential.	Tanlov tushunchasini bilish juda muhimdir.		/choice/	863
church	A1	n.	cherkov	Understanding the concept of church is essential.	Cherkov tushunchasini bilish juda muhimdir.		/church/	864
cinema	A1	n.	kinoteatr	Understanding the concept of cinema is essential.	Kinoteatr tushunchasini bilish juda muhimdir.		/cinema/	865
circle	A2	n.	doira, to'garak	Understanding the concept of circle is essential.	Doira tushunchasini bilish juda muhimdir.		/circle/	866
circumstance	B2	n.	sharoit, vaziyat	Understanding the concept of circumstance is essential.	Sharoit tushunchasini bilish juda muhimdir.		/circumstance/	867
citizen	B1	n.	fuqaro	Understanding the concept of citizen is essential.	Fuqaro tushunchasini bilish juda muhimdir.		/citizen/	868
city	A1	n.	shahar	Understanding the concept of city is essential.	Shahar tushunchasini bilish juda muhimdir.		/city/	869
claim	B1	n.	da'vo, talab	Understanding the concept of claim is essential.	Da'vo tushunchasini bilish juda muhimdir.		/claim/	870
climate	A2	n.	iqlim	Understanding the concept of climate is essential.	Iqlim tushunchasini bilish juda muhimdir.		/climate/	871
climb	A2	n.	ko'tarilish	Understanding the concept of climb is essential.	Ko'tarilish tushunchasini bilish juda muhimdir.		/climb/	872
clinic	A2	n.	klinika, shifoxona	Understanding the concept of clinic is essential.	Klinika tushunchasini bilish juda muhimdir.		/clinic/	873
clothes	A1	n.	kiyim-kechak	Understanding the concept of clothes is essential.	Kiyim-kechak tushunchasini bilish juda muhimdir.		/clothes/	874
cloud	A1	n.	bulut	Understanding the concept of cloud is essential.	Bulut tushunchasini bilish juda muhimdir.		/cloud/	875
club	A1	n.	klub, to'garak	Understanding the concept of club is essential.	Klub tushunchasini bilish juda muhimdir.		/club/	876
coach	A2	n.	murabbiy	Understanding the concept of coach is essential.	Murabbiy tushunchasini bilish juda muhimdir.		/coach/	877
coal	B1	n.	ko'mir	Understanding the concept of coal is essential.	Ko'mir tushunchasini bilish juda muhimdir.		/coal/	878
coast	A2	n.	sohil, dengiz bo'yi	Understanding the concept of coast is essential.	Sohil tushunchasini bilish juda muhimdir.		/coast/	879
coat	A1	n.	palto	Understanding the concept of coat is essential.	Palto tushunchasini bilish juda muhimdir.		/coat/	880
coffee	A1	n.	qahva	Understanding the concept of coffee is essential.	Qahva tushunchasini bilish juda muhimdir.		/coffee/	881
coin	A2	n.	tanga	Understanding the concept of coin is essential.	Tanga tushunchasini bilish juda muhimdir.		/coin/	882
cold	A1	adj.	sovuq	A cold morning wash awakens mental sharpness.	Tonggi sovuq suvda yuvinish ongni tiniqlashtiradi.		/cold/	883
colleague	A2	n.	hamkasb	Understanding the concept of colleague is essential.	Hamkasb tushunchasini bilish juda muhimdir.		/colleague/	884
collection	A2	n.	to'plam	Understanding the concept of collection is essential.	To'plam tushunchasini bilish juda muhimdir.		/collection/	885
color	A1	n.	rang	Understanding the concept of color is essential.	Rang tushunchasini bilish juda muhimdir.		/color/	886
combination	B1	n.	uyg'unlik, kombinatsiya	Understanding the concept of combination is essential.	Uyg'unlik tushunchasini bilish juda muhimdir.		/combination/	887
comfort	B1	n.	qulaylik, tasalli	Understanding the concept of comfort is essential.	Qulaylik tushunchasini bilish juda muhimdir.		/comfort/	888
command	B1	n.	buyruq, boshqaruv	Understanding the concept of command is essential.	Buyruq tushunchasini bilish juda muhimdir.		/command/	889
comment	A2	n.	izoh, fikr	Understanding the concept of comment is essential.	Izoh tushunchasini bilish juda muhimdir.		/comment/	890
commerce	B2	n.	tijorat, savdo	Understanding the concept of commerce is essential.	Tijorat tushunchasini bilish juda muhimdir.		/commerce/	891
commission	B2	n.	komissiya, haq	Understanding the concept of commission is essential.	Komissiya tushunchasini bilish juda muhimdir.		/commission/	892
commitment	B2	n.	sadoqat, mas'uliyat	Understanding the concept of commitment is essential.	Sadoqat tushunchasini bilish juda muhimdir.		/commitment/	893
committee	B1	n.	qo'mita	Understanding the concept of committee is essential.	Qo'mita tushunchasini bilish juda muhimdir.		/committee/	894
communication	A2	n.	muloqot	Understanding the concept of communication is essential.	Muloqot tushunchasini bilish juda muhimdir.		/communication/	895
community	A2	n.	jamoa, jamiyat	Understanding the concept of community is essential.	Jamoa tushunchasini bilish juda muhimdir.		/community/	896
company	A1	n.	kompaniya; hamrohlik	Understanding the concept of company is essential.	Kompaniya; hamrohlik tushunchasini bilish juda muhimdir.		/company/	897
comparison	B1	n.	taqqoslash	Understanding the concept of comparison is essential.	Taqqoslash tushunchasini bilish juda muhimdir.		/comparison/	898
competition	A2	n.	musobaqa, raqobat	Understanding the concept of competition is essential.	Musobaqa tushunchasini bilish juda muhimdir.		/competition/	899
complaint	B1	n.	shikoyat	Understanding the concept of complaint is essential.	Shikoyat tushunchasini bilish juda muhimdir.		/complaint/	900
component	B2	n.	tarkibiy qism	Vocabulary is a vital component of language.	Lug'at boyligi — tilning hayotiy tarkibiy qismidir.		/component/	901
composer	B1	n.	bastakor	Understanding the concept of composer is essential.	Bastakor tushunchasini bilish juda muhimdir.		/composer/	902
computer	A1	n.	kompyuter	Understanding the concept of computer is essential.	Kompyuter tushunchasini bilish juda muhimdir.		/computer/	903
concentration	B1	n.	diqqatni jamlash	Understanding the concept of concentration is essential.	Diqqatni jamlash tushunchasini bilish juda muhimdir.		/concentration/	904
concept	B1	n.	tushuncha	Understanding the concept of concept is essential.	Tushuncha tushunchasini bilish juda muhimdir.		/concept/	905
concern	B1	n.	tashvish, xavotir	Understanding the concept of concern is essential.	Tashvish tushunchasini bilish juda muhimdir.		/concern/	906
concert	A1	n.	konsert	Understanding the concept of concert is essential.	Konsert tushunchasini bilish juda muhimdir.		/concert/	907
conclusion	B1	n.	xulosa	Understanding the concept of conclusion is essential.	Xulosa tushunchasini bilish juda muhimdir.		/conclusion/	908
condition	A2	n.	shart, ahvol	Understanding the concept of condition is essential.	Shart tushunchasini bilish juda muhimdir.		/condition/	909
conference	A2	n.	anjuman, konferensiya	Understanding the concept of conference is essential.	Anjuman tushunchasini bilish juda muhimdir.		/conference/	910
conflict	B1	n.	nizo, to'qnashuv	Understanding the concept of conflict is essential.	Nizo tushunchasini bilish juda muhimdir.		/conflict/	911
confusion	B1	n.	chalkashlik	Understanding the concept of confusion is essential.	Chalkashlik tushunchasini bilish juda muhimdir.		/confusion/	912
connection	A2	n.	aloqa, bog'liqlik	Understanding the concept of connection is essential.	Aloqa tushunchasini bilish juda muhimdir.		/connection/	913
conservation	B2	n.	muhofaza qilish	Understanding the concept of conservation is essential.	Muhofaza qilish tushunchasini bilish juda muhimdir.		/conservation/	914
consideration	B2	n.	e'tibor, mulohaza	Understanding the concept of consideration is essential.	E'tibor tushunchasini bilish juda muhimdir.		/consideration/	915
construction	B1	n.	qurilish	Understanding the concept of construction is essential.	Qurilish tushunchasini bilish juda muhimdir.		/construction/	916
consumer	B1	n.	iste'molchi	Understanding the concept of consumer is essential.	Iste'molchi tushunchasini bilish juda muhimdir.		/consumer/	917
contact	A2	n.	aloqa, kontakt	Understanding the concept of contact is essential.	Aloqa tushunchasini bilish juda muhimdir.		/contact/	918
container	B1	n.	idish, konteyner	Understanding the concept of container is essential.	Idish tushunchasini bilish juda muhimdir.		/container/	919
content	B1	n.	mundarija, mazmun	Understanding the concept of content is essential.	Mundarija tushunchasini bilish juda muhimdir.		/content/	920
contest	B1	n.	tanlov, musobaqa	Understanding the concept of contest is essential.	Tanlov tushunchasini bilish juda muhimdir.		/contest/	921
context	A2	n.	kontekst, matn holati	Always learn new words in context.	Yangi so'zlarni doimo kontekstda o'rganing.		/context/	922
continent	A2	n.	qit'a	Understanding the concept of continent is essential.	Qit'a tushunchasini bilish juda muhimdir.		/continent/	923
contract	B1	n.	shartnoma	Make a sacred contract with your future self.	Kelajakdagi o'zingiz bilan muqaddas ahdnoma tuzing.		/contract/	924
contrast	B1	n.	tafovut, kontrast	Note the sharp contrast between effort and laziness.	Mehnat va erinchoqlik orasidagi keskin farqqa boqing.		/contrast/	925
contribution	B1	n.	hissa	Understanding the concept of contribution is essential.	Hissa tushunchasini bilish juda muhimdir.		/contribution/	926
convenience	B2	n.	qulaylik	Understanding the concept of convenience is essential.	Qulaylik tushunchasini bilish juda muhimdir.		/convenience/	927
conversation	A1	n.	suhbat	Understanding the concept of conversation is essential.	Suhbat tushunchasini bilish juda muhimdir.		/conversation/	928
cook	A1	n.	oshpaz	Understanding the concept of cook is essential.	Oshpaz tushunchasini bilish juda muhimdir.		/cook/	929
cookie	A2	n.	pechenye	Understanding the concept of cookie is essential.	Pechenye tushunchasini bilish juda muhimdir.		/cookie/	930
corner	A1	n.	burchak	Understanding the concept of corner is essential.	Burchak tushunchasini bilish juda muhimdir.		/corner/	931
corporation	B2	n.	korporatsiya	Understanding the concept of corporation is essential.	Korporatsiya tushunchasini bilish juda muhimdir.		/corporation/	932
cost	A1	n.	narx, xarajat	Understanding the concept of cost is essential.	Narx tushunchasini bilish juda muhimdir.		/cost/	933
cottage	B1	n.	qishloq uyi	Understanding the concept of cottage is essential.	Qishloq uyi tushunchasini bilish juda muhimdir.		/cottage/	934
cotton	A2	n.	paxta	Understanding the concept of cotton is essential.	Paxta tushunchasini bilish juda muhimdir.		/cotton/	935
council	B2	n.	kengash	Understanding the concept of council is essential.	Kengash tushunchasini bilish juda muhimdir.		/council/	936
country	A1	n.	mamlakat, qishloq	Understanding the concept of country is essential.	Mamlakat tushunchasini bilish juda muhimdir.		/country/	937
countryside	A2	n.	qishloq joy	Understanding the concept of countryside is essential.	Qishloq joy tushunchasini bilish juda muhimdir.		/countryside/	938
couple	A2	n.	juftlik	Understanding the concept of couple is essential.	Juftlik tushunchasini bilish juda muhimdir.		/couple/	939
courage	B1	n.	jasorat	Understanding the concept of courage is essential.	Jasorat tushunchasini bilish juda muhimdir.		/courage/	940
court	A2	n.	sud; kort	Understanding the concept of court is essential.	Sud; kort tushunchasini bilish juda muhimdir.		/court/	941
cousin	A1	n.	amakivachcha, xolavachcha	Understanding the concept of cousin is essential.	Amakivachcha tushunchasini bilish juda muhimdir.		/cousin/	942
cover	A2	n.	muqova, qopqoq	Understanding the concept of cover is essential.	Muqova tushunchasini bilish juda muhimdir.		/cover/	943
cow	A1	n.	sigir	Understanding the concept of cow is essential.	Sigir tushunchasini bilish juda muhimdir.		/cow/	944
crash	A2	n.	halokat	Understanding the concept of crash is essential.	Halokat tushunchasini bilish juda muhimdir.		/crash/	945
cream	A1	n.	qaymoq, krem	Understanding the concept of cream is essential.	Qaymoq tushunchasini bilish juda muhimdir.		/cream/	946
creativity	B1	n.	ijodkorlik	Understanding the concept of creativity is essential.	Ijodkorlik tushunchasini bilish juda muhimdir.		/creativity/	947
creator	B1	n.	yaratuvchi, ijodkor	Understanding the concept of creator is essential.	Yaratuvchi tushunchasini bilish juda muhimdir.		/creator/	948
creature	B1	n.	mavjudot	Understanding the concept of creature is essential.	Mavjudot tushunchasini bilish juda muhimdir.		/creature/	949
credit	A2	n.	kredit, e'tirof	Understanding the concept of credit is essential.	Kredit tushunchasini bilish juda muhimdir.		/credit/	950
crew	B1	n.	ekipaj, jamoa	Understanding the concept of crew is essential.	Ekipaj tushunchasini bilish juda muhimdir.		/crew/	951
crime	A2	n.	jinoyat	Understanding the concept of crime is essential.	Jinoyat tushunchasini bilish juda muhimdir.		/crime/	952
criminal	A2	n.	jinoyatchi	Understanding the concept of criminal is essential.	Jinoyatchi tushunchasini bilish juda muhimdir.		/criminal/	953
crisis	B2	n.	inqiroz	Understanding the concept of crisis is essential.	Inqiroz tushunchasini bilish juda muhimdir.		/crisis/	954
criterion	B2	n.	mezon, o'lchov	Understanding the concept of criterion is essential.	Mezon tushunchasini bilish juda muhimdir.		/criterion/	955
critic	B2	n.	tanqidchi	Understanding the concept of critic is essential.	Tanqidchi tushunchasini bilish juda muhimdir.		/critic/	956
criticism	B2	n.	tanqid	Understanding the concept of criticism is essential.	Tanqid tushunchasini bilish juda muhimdir.		/criticism/	957
crop	B1	n.	hosil	Understanding the concept of crop is essential.	Hosil tushunchasini bilish juda muhimdir.		/crop/	958
cross	A2	n.	xoch, but	Understanding the concept of cross is essential.	Xoch tushunchasini bilish juda muhimdir.		/cross/	959
crowd	A2	n.	olomon	Understanding the concept of crowd is essential.	Olomon tushunchasini bilish juda muhimdir.		/crowd/	960
cruelty	B2	n.	shafqatsizlik	Understanding the concept of cruelty is essential.	Shafqatsizlik tushunchasini bilish juda muhimdir.		/cruelty/	961
cry	A2	n.	qichqiriq, yig'i	Understanding the concept of cry is essential.	Qichqiriq tushunchasini bilish juda muhimdir.		/cry/	962
culture	A2	n.	madaniyat	Understanding the concept of culture is essential.	Madaniyat tushunchasini bilish juda muhimdir.		/culture/	963
cup	A1	n.	chashka, piyola	Understanding the concept of cup is essential.	Chashka tushunchasini bilish juda muhimdir.		/cup/	964
cupboard	A1	n.	oshxona javoni	Understanding the concept of cupboard is essential.	Oshxona javoni tushunchasini bilish juda muhimdir.		/cupboard/	965
cure	B1	n.	davo, shifo	Understanding the concept of cure is essential.	Davo tushunchasini bilish juda muhimdir.		/cure/	966
curiosity	B1	n.	qiziquvchanlik	Understanding the concept of curiosity is essential.	Qiziquvchanlik tushunchasini bilish juda muhimdir.		/curiosity/	967
currency	B1	n.	valyuta; qadr-qimmat	Patience is a timeless human currency.	Sabr — insoniy fazilatlarning abadiy boyligidir.		/currency/	968
curtain	A2	n.	parda	Understanding the concept of curtain is essential.	Parda tushunchasini bilish juda muhimdir.		/curtain/	969
custom	B1	n.	urf-odat	Understanding the concept of custom is essential.	Urf-odat tushunchasini bilish juda muhimdir.		/custom/	970
customer	A1	n.	mijoz	Understanding the concept of customer is essential.	Mijoz tushunchasini bilish juda muhimdir.		/customer/	971
cycle	A2	n.	davr, sikl	Maintain a healthy twenty-four-hour sleep cycle.	Yigirma to'rt soatlik sog'lom uyqu siklini saqlang.		/cycle/	972
damage	A2	n.	zarar, ziyon	Understanding the concept of damage is essential.	Zarar tushunchasini bilish juda muhimdir.		/damage/	973
danger	A2	n.	xavf	Understanding the concept of danger is essential.	Xavf tushunchasini bilish juda muhimdir.		/danger/	974
darkness	B1	n.	qorong'ilik	Understanding the concept of darkness is essential.	Qorong'ilik tushunchasini bilish juda muhimdir.		/darkness/	975
data	A2	n.	ma'lumotlar	Analyze your study data objectively.	O'qish ma'lumotlaringizni xolisona tahlil qiling.		/data/	976
database	B1	n.	ma'lumotlar bazasi	Understanding the concept of database is essential.	Ma'lumotlar bazasi tushunchasini bilish juda muhimdir.		/database/	977
date	A1	n.	sana, xurmo	Understanding the concept of date is essential.	Sana tushunchasini bilish juda muhimdir.		/date/	978
daughter	A1	n.	qiz farzand	Understanding the concept of daughter is essential.	Qiz farzand tushunchasini bilish juda muhimdir.		/daughter/	979
dealer	B1	n.	diler, savdogar	Understanding the concept of dealer is essential.	Diler tushunchasini bilish juda muhimdir.		/dealer/	980
death	A2	n.	o'lim	Understanding the concept of death is essential.	O'lim tushunchasini bilish juda muhimdir.		/death/	981
debt	B1	n.	qarz	Understanding the concept of debt is essential.	Qarz tushunchasini bilish juda muhimdir.		/debt/	982
decision	A2	n.	qaror	Understanding the concept of decision is essential.	Qaror tushunchasini bilish juda muhimdir.		/decision/	983
declaration	B2	n.	deklaratsiya, bayonot	Understanding the concept of declaration is essential.	Deklaratsiya tushunchasini bilish juda muhimdir.		/declaration/	984
decline	B2	v.	rad etmoq; pasaymoq	Decline distractions firmly.	Chalg'ituvchi narsalarni qat'iy rad eting.		/decline/	985
defense	B1	n.	mudofaa, himoya	Understanding the concept of defense is essential.	Mudofaa tushunchasini bilish juda muhimdir.		/defense/	986
definition	B1	n.	ta'rif	Understanding the concept of definition is essential.	Ta'rif tushunchasini bilish juda muhimdir.		/definition/	987
delegation	B2	n.	delegatsiya	Understanding the concept of delegation is essential.	Delegatsiya tushunchasini bilish juda muhimdir.		/delegation/	988
delight	B1	n.	zavq, quvonch	Understanding the concept of delight is essential.	Zavq tushunchasini bilish juda muhimdir.		/delight/	989
delivery	A2	n.	yetkazib berish	Understanding the concept of delivery is essential.	Yetkazib berish tushunchasini bilish juda muhimdir.		/delivery/	990
democracy	B1	n.	demokratiya	Understanding the concept of democracy is essential.	Demokratiya tushunchasini bilish juda muhimdir.		/democracy/	991
dentist	A2	n.	tish shifokori	Understanding the concept of dentist is essential.	Tish shifokori tushunchasini bilish juda muhimdir.		/dentist/	992
department	A2	n.	bo'lim	Understanding the concept of department is essential.	Bo'lim tushunchasini bilish juda muhimdir.		/department/	993
departure	A2	n.	jo'nash	Understanding the concept of departure is essential.	Jo'nash tushunchasini bilish juda muhimdir.		/departure/	994
depth	B2	n.	chuqurlik	Understanding the concept of depth is essential.	Chuqurlik tushunchasini bilish juda muhimdir.		/depth/	995
deputy	B2	n.	o'rinbosar	Understanding the concept of deputy is essential.	O'rinbosar tushunchasini bilish juda muhimdir.		/deputy/	996
desert	A2	n.	cho'l	Understanding the concept of desert is essential.	Cho'l tushunchasini bilish juda muhimdir.		/desert/	997
designer	A2	n.	dizayner	Understanding the concept of designer is essential.	Dizayner tushunchasini bilish juda muhimdir.		/designer/	998
desk	A1	n.	yozuv stoli	Understanding the concept of desk is essential.	Yozuv stoli tushunchasini bilish juda muhimdir.		/desk/	999
destination	B1	n.	manzil, boradigan joy	Understanding the concept of destination is essential.	Manzil tushunchasini bilish juda muhimdir.		/destination/	1000
destruction	B2	n.	vayronagarchilik	Understanding the concept of destruction is essential.	Vayronagarchilik tushunchasini bilish juda muhimdir.		/destruction/	1001
detail	A2	n.	tafsilot	Understanding the concept of detail is essential.	Tafsilot tushunchasini bilish juda muhimdir.		/detail/	1002
development	B1	n.	rivojlanish	Understanding the concept of development is essential.	Rivojlanish tushunchasini bilish juda muhimdir.		/development/	1003
device	A2	n.	qurilma, asbob	Understanding the concept of device is essential.	Qurilma tushunchasini bilish juda muhimdir.		/device/	1004
dialogue	A2	n.	muloqot, dialog	Understanding the concept of dialogue is essential.	Muloqot tushunchasini bilish juda muhimdir.		/dialogue/	1005
diamond	A2	n.	olmos	Understanding the concept of diamond is essential.	Olmos tushunchasini bilish juda muhimdir.		/diamond/	1006
diary	A2	n.	kundalik	Understanding the concept of diary is essential.	Kundalik tushunchasini bilish juda muhimdir.		/diary/	1007
diet	A2	n.	parhez, ovqatlanish	Understanding the concept of diet is essential.	Parhez tushunchasini bilish juda muhimdir.		/diet/	1008
difference	A1	n.	farq	Understanding the concept of difference is essential.	Farq tushunchasini bilish juda muhimdir.		/difference/	1009
difficulty	A2	n.	qiyinchilik	Understanding the concept of difficulty is essential.	Qiyinchilik tushunchasini bilish juda muhimdir.		/difficulty/	1010
direction	A1	n.	yo'nalish	Understanding the concept of direction is essential.	Yo'nalish tushunchasini bilish juda muhimdir.		/direction/	1011
director	A2	n.	direktor, rejissyor	Understanding the concept of director is essential.	Direktor tushunchasini bilish juda muhimdir.		/director/	1012
dirt	A2	n.	kir, loy	Understanding the concept of dirt is essential.	Kir tushunchasini bilish juda muhimdir.		/dirt/	1013
disadvantage	A2	n.	kamchilik, noqulaylik	Understanding the concept of disadvantage is essential.	Kamchilik tushunchasini bilish juda muhimdir.		/disadvantage/	1014
disagreement	B1	n.	kelishmovchilik	Understanding the concept of disagreement is essential.	Kelishmovchilik tushunchasini bilish juda muhimdir.		/disagreement/	1015
disaster	A2	n.	falokat	Understanding the concept of disaster is essential.	Falokat tushunchasini bilish juda muhimdir.		/disaster/	1016
discipline	B1	n.	intizom	Understanding the concept of discipline is essential.	Intizom tushunchasini bilish juda muhimdir.		/discipline/	1017
discount	A2	n.	chegirma	Understanding the concept of discount is essential.	Chegirma tushunchasini bilish juda muhimdir.		/discount/	1018
discovery	A2	n.	kashfiyot	Understanding the concept of discovery is essential.	Kashfiyot tushunchasini bilish juda muhimdir.		/discovery/	1019
discussion	A2	n.	muhokama	Understanding the concept of discussion is essential.	Muhokama tushunchasini bilish juda muhimdir.		/discussion/	1020
disease	A2	n.	kasallik	Understanding the concept of disease is essential.	Kasallik tushunchasini bilish juda muhimdir.		/disease/	1021
dish	A1	n.	taom, idish	Understanding the concept of dish is essential.	Taom tushunchasini bilish juda muhimdir.		/dish/	1022
distance	A2	n.	masofa	Understanding the concept of distance is essential.	Masofa tushunchasini bilish juda muhimdir.		/distance/	1023
distribution	B2	n.	taqsimot	Understanding the concept of distribution is essential.	Taqsimot tushunchasini bilish juda muhimdir.		/distribution/	1024
district	B1	n.	tuman, hudud	Understanding the concept of district is essential.	Tuman tushunchasini bilish juda muhimdir.		/district/	1025
division	B1	n.	bo'lim, bo'linish	Understanding the concept of division is essential.	Bo'lim tushunchasini bilish juda muhimdir.		/division/	1026
divorce	B1	n.	ajralish	Understanding the concept of divorce is essential.	Ajralish tushunchasini bilish juda muhimdir.		/divorce/	1027
doctor	A1	n.	shifokor	Understanding the concept of doctor is essential.	Shifokor tushunchasini bilish juda muhimdir.		/doctor/	1028
document	A2	n.	hujjat	Keep your study documents well organized.	O'quv hujjatlaringizni tartibli saqlang.		/document/	1029
dog	A1	n.	it	Understanding the concept of dog is essential.	It tushunchasini bilish juda muhimdir.		/dog/	1030
dollar	A1	n.	dollar	Understanding the concept of dollar is essential.	Dollar tushunchasini bilish juda muhimdir.		/dollar/	1031
domain	B2	n.	soha, hudud	Master the domain of English grammar.	Ingliz tili grammatikasi sohasini to'liq egallang.		/domain/	1032
door	A1	n.	eshik	Understanding the concept of door is essential.	Eshik tushunchasini bilish juda muhimdir.		/door/	1033
drama	A2	n.	drama	Understanding the concept of drama is essential.	Drama tushunchasini bilish juda muhimdir.		/drama/	1034
dress	A1	n.	ko'ylak	Understanding the concept of dress is essential.	Ko'ylak tushunchasini bilish juda muhimdir.		/dress/	1035
drink	A1	n.	ichimlik	Understanding the concept of drink is essential.	Ichimlik tushunchasini bilish juda muhimdir.		/drink/	1036
driver	A1	n.	haydovchi	Understanding the concept of driver is essential.	Haydovchi tushunchasini bilish juda muhimdir.		/driver/	1037
dust	A2	n.	chang	Understanding the concept of dust is essential.	Chang tushunchasini bilish juda muhimdir.		/dust/	1038
duty	B1	n.	burch, vazifa	Understanding the concept of duty is essential.	Burch tushunchasini bilish juda muhimdir.		/duty/	1039
ear	A1	n.	quloq	Understanding the concept of ear is essential.	Quloq tushunchasini bilish juda muhimdir.		/ear/	1040
earth	A1	n.	yer sayyorasi	Understanding the concept of earth is essential.	Yer sayyorasi tushunchasini bilish juda muhimdir.		/earth/	1041
earthquake	A2	n.	zilzila	Understanding the concept of earthquake is essential.	Zilzila tushunchasini bilish juda muhimdir.		/earthquake/	1042
economy	B1	n.	iqtisodiyot	Language opens doors in the global economy.	Til jahon iqtisodiyotida yangi eshiklarni ochadi.		/economy/	1043
edge	B1	n.	chet, qirra	Understanding the concept of edge is essential.	Chet tushunchasini bilish juda muhimdir.		/edge/	1044
editor	B1	n.	muharrir	Understanding the concept of editor is essential.	Muharrir tushunchasini bilish juda muhimdir.		/editor/	1045
effect	A2	n.	ta'sir, natija	Understanding the concept of effect is essential.	Ta'sir tushunchasini bilish juda muhimdir.		/effect/	1046
effort	A2	n.	harakat, urinish	Understanding the concept of effort is essential.	Harakat tushunchasini bilish juda muhimdir.		/effort/	1047
egg	A1	n.	tuxum	Understanding the concept of egg is essential.	Tuxum tushunchasini bilish juda muhimdir.		/egg/	1048
election	B1	n.	saylov	Understanding the concept of election is essential.	Saylov tushunchasini bilish juda muhimdir.		/election/	1049
electricity	A2	n.	elektr toki	Understanding the concept of electricity is essential.	Elektr toki tushunchasini bilish juda muhimdir.		/electricity/	1050
element	B1	n.	unsur, element	Patience is an indispensable element of learning.	Sabr — o'rganishning ajralmas unsuridir.		/element/	1051
elevator	A2	n.	lift	Understanding the concept of elevator is essential.	Lift tushunchasini bilish juda muhimdir.		/elevator/	1052
emergency	B1	n.	favqulodda vaziyat	Understanding the concept of emergency is essential.	Favqulodda vaziyat tushunchasini bilish juda muhimdir.		/emergency/	1053
emotion	B1	n.	tuyg'u, hissiyot	Understanding the concept of emotion is essential.	Tuyg'u tushunchasini bilish juda muhimdir.		/emotion/	1054
emphasis	B2	n.	urg'u, e'tibor	Place special emphasis on correct pronunciation.	To'g'ri talaffuzga alohida urg'u bering.		/emphasis/	1055
employee	A2	n.	xodim, ishchi	Understanding the concept of employee is essential.	Xodim tushunchasini bilish juda muhimdir.		/employee/	1056
employer	A2	n.	ish beruvchi	Understanding the concept of employer is essential.	Ish beruvchi tushunchasini bilish juda muhimdir.		/employer/	1057
employment	B1	n.	bandlik, ish bilan ta'minlash	Understanding the concept of employment is essential.	Bandlik tushunchasini bilish juda muhimdir.		/employment/	1058
energy	A2	n.	quvvat, energiya	Understanding the concept of energy is essential.	Quvvat tushunchasini bilish juda muhimdir.		/energy/	1059
engine	A2	n.	dvigatel, motor	Understanding the concept of engine is essential.	Dvigatel tushunchasini bilish juda muhimdir.		/engine/	1060
engineer	A2	n.	muhandis	Understanding the concept of engineer is essential.	Muhandis tushunchasini bilish juda muhimdir.		/engineer/	1061
entertainment	A2	n.	ko'ngilochar mashg'ulot	Understanding the concept of entertainment is essential.	Ko'ngilochar mashg'ulot tushunchasini bilish juda muhimdir.		/entertainment/	1062
enthusiasm	B2	n.	g'ayrat, jo'shqinlik	Understanding the concept of enthusiasm is essential.	G'ayrat tushunchasini bilish juda muhimdir.		/enthusiasm/	1063
entrance	A2	n.	kirish joyi	Understanding the concept of entrance is essential.	Kirish joyi tushunchasini bilish juda muhimdir.		/entrance/	1064
entry	B1	n.	kirish, qayd	Understanding the concept of entry is essential.	Kirish tushunchasini bilish juda muhimdir.		/entry/	1065
environment	A2	n.	atrof-muhit	Understanding the concept of environment is essential.	Atrof-muhit tushunchasini bilish juda muhimdir.		/environment/	1066
episode	B1	n.	qism, lavha	Understanding the concept of episode is essential.	Qism tushunchasini bilish juda muhimdir.		/episode/	1067
equipment	A2	n.	asbob-uskuna	Understanding the concept of equipment is essential.	Asbob-uskuna tushunchasini bilish juda muhimdir.		/equipment/	1068
era	B2	n.	davr, era	Understanding the concept of era is essential.	Davr tushunchasini bilish juda muhimdir.		/era/	1069
error	A2	n.	xato	Understanding the concept of error is essential.	Xato tushunchasini bilish juda muhimdir.		/error/	1070
estate	B2	n.	ko'chmas mulk	Understanding the concept of estate is essential.	Ko'chmas mulk tushunchasini bilish juda muhimdir.		/estate/	1071
event	A1	n.	voqea, tadbir	Understanding the concept of event is essential.	Voqea tushunchasini bilish juda muhimdir.		/event/	1072
evidence	B1	n.	dalil, isbot	Understanding the concept of evidence is essential.	Dalil tushunchasini bilish juda muhimdir.		/evidence/	1073
evil	B1	n.	yovuzlik	Understanding the concept of evil is essential.	Yovuzlik tushunchasini bilish juda muhimdir.		/evil/	1074
example	A1	n.	misol, ibrat	Understanding the concept of example is essential.	Misol tushunchasini bilish juda muhimdir.		/example/	1075
exception	B1	n.	istisno	Understanding the concept of exception is essential.	Istisno tushunchasini bilish juda muhimdir.		/exception/	1076
excitement	A2	n.	hayajon, zavq	Understanding the concept of excitement is essential.	Hayajon tushunchasini bilish juda muhimdir.		/excitement/	1077
excuse	A2	n.	bahona, uzr	Understanding the concept of excuse is essential.	Bahona tushunchasini bilish juda muhimdir.		/excuse/	1078
exhibition	A2	n.	ko'rgazma	Understanding the concept of exhibition is essential.	Ko'rgazma tushunchasini bilish juda muhimdir.		/exhibition/	1079
existence	B2	n.	mavjudlik	Understanding the concept of existence is essential.	Mavjudlik tushunchasini bilish juda muhimdir.		/existence/	1080
exit	A1	n.	chiqish joyi	Understanding the concept of exit is essential.	Chiqish joyi tushunchasini bilish juda muhimdir.		/exit/	1081
expansion	B2	n.	kengayish	Understanding the concept of expansion is essential.	Kengayish tushunchasini bilish juda muhimdir.		/expansion/	1082
expectation	B1	n.	umid, kutish	Understanding the concept of expectation is essential.	Umid tushunchasini bilish juda muhimdir.		/expectation/	1083
expense	A2	n.	xarajat	Understanding the concept of expense is essential.	Xarajat tushunchasini bilish juda muhimdir.		/expense/	1084
experiment	A2	n.	tajriba, sinov	Understanding the concept of experiment is essential.	Tajriba tushunchasini bilish juda muhimdir.		/experiment/	1085
expert	A2	adj.	mutaxassis, bilimdon	Receive expert feedback on your writing.	Yozuvingiz bo'yicha mutaxassis fikrini oling.		/expert/	1086
explanation	A2	n.	tushuntirish, izoh	Understanding the concept of explanation is essential.	Tushuntirish tushunchasini bilish juda muhimdir.		/explanation/	1087
exploration	B2	n.	tadqiqot, sayohat	Understanding the concept of exploration is essential.	Tadqiqot tushunchasini bilish juda muhimdir.		/exploration/	1088
explosion	B1	n.	portlash	Understanding the concept of explosion is essential.	Portlash tushunchasini bilish juda muhimdir.		/explosion/	1089
export	B1	n.	eksport, chetga sotish	Understanding the concept of export is essential.	Eksport tushunchasini bilish juda muhimdir.		/export/	1090
expression	A2	n.	ibora, ifoda	Understanding the concept of expression is essential.	Ibora tushunchasini bilish juda muhimdir.		/expression/	1091
extension	B2	n.	kengaytirish	Understanding the concept of extension is essential.	Kengaytirish tushunchasini bilish juda muhimdir.		/extension/	1092
extent	B2	n.	daraja, ko'lam	Understanding the concept of extent is essential.	Daraja tushunchasini bilish juda muhimdir.		/extent/	1093
eye	A1	n.	ko'z	Understanding the concept of eye is essential.	Ko'z tushunchasini bilish juda muhimdir.		/eye/	1094
able	A2	adj.	qodir, uddasidan chiqadigan	You are able to master English with persistent practice.	Doimiy mashq bilan ingliz tilini o'rganishga qodirsiz.		/able/	1095
accurate	B1	adj.	aniq, to'g'ri	Ensure your grammar answers are accurate.	Grammatika javoblaringiz aniq bo'lishini ta'minlang.		/accurate/	1096
active	A2	adj.	faol, g'ayratli	Stay active during the whole day.	Kunning butun davomida faol bo'ling.		/active/	1097
actual	B1	adj.	haqiqiy, amaldagi	Compare your plan with actual results.	Rejangizni haqiqiy natijalar bilan solishtiring.		/actual/	1098
acute	B2	adj.	o'tkir, jiddiy	He displayed acute analytical intelligence.	U o'tkir tahliliy aql-zakovat namoyon etdi.		/acute/	1099
additional	A2	adj.	qo'shimcha	Review an additional set of words today.	Bugun qo'shimcha so'zlar to'plamini ko'rib chiqing.		/additional/	1100
adequate	B1	adj.	yetarli, maqbul	Ensure adequate sleep before exam days.	Imtihon kunlaridan oldin yetarlicha uxlang.		/adequate/	1101
advanced	B1	adj.	ilg'or, yuqori darajadagi	You will reach an advanced level of fluency.	Siz ravonlikning yuqori darajasiga yetasiz.		/advanced/	1102
afraid	A1	adj.	qo'rqqan, cho'chigan	Never be afraid to speak out loud.	Ovoz chiqarib gapirishdan aslo qo'rqmang.		/afraid/	1103
aggressive	B1	adj.	tajovuzkor, qat'iyatli	Take an aggressive approach to learning.	O'rganishga qat'iyatli yondashing.		/aggressive/	1104
alive	A2	adj.	tirik, tetik	Feel truly alive in the quiet morning breeze.	Sokin tong shabadasida o'zingizni chinakam tetik his eting.		/alive/	1105
ancient	A2	adj.	qadimiy	Samarkand is an ancient center of learning.	Samarqand — qadimiy ilm-fan markazidir.		/ancient/	1106
angry	A1	adj.	jahldor, g'azablangan	Keep a peaceful heart and avoid feeling angry.	Qalbingizni xotirjam tuting va jahldorlikdan saqlaning.		/angry/	1107
annual	B1	adj.	yillik	Set your annual growth goals today.	Yillik o'sish maqsadlaringizni bugun belgilang.		/annual/	1108
anxious	B1	adj.	tashvishli, xavotirlangan	Do not be anxious about upcoming exams.	Kutilayotgan imtihonlardan xavotirlanmang.		/anxious/	1109
apparent	B2	adj.	ravshan, ko'rinib turgan	Your daily improvement has become apparent.	Kunlik o'sishingiz yaqqol ko'rinib qoldi.		/apparent/	1110
appropriate	B1	adj.	mos, to'g'ri, munosib	Choose words appropriate for formal writing.	Rasmiy yozuvga mos so'zlarni tanlang.		/appropriate/	1111
attractive	A2	adj.	jozibali, chiroyli	A clean study space is very attractive.	Toza o'qish joyi juda yoqimli.		/attractive/	1112
automatic	A2	adj.	avtomatik, o'z-o'zidan ishlaydigan	Daily repetition makes habits automatic.	Kunlik takrorlash odatlarni avtomatik holga keltiradi.		/automatic/	1113
available	A2	adj.	mavjud, bor	These offline flashcards are always available.	Ushbu oflayn kartochkalar doimo mavjud.		/available/	1114
average	A2	adj.	o'rtacha	Do not settle for average performance.	O'rtacha natijalar bilan cheklanib qolmang.		/average/	1115
aware	B1	adj.	xabardor, ogoh	Be fully aware of your daily time usage.	Kunlik vaqtingiz sarflanishidan to'liq ogoh bo'ling.		/aware/	1116
awesome	A2	adj.	ajoyib, hayratomuz	You made awesome progress in speaking.	Siz so'zlashuvda ajoyib natijaga erishdingiz.		/awesome/	1117
awful	A2	adj.	juda yomon, daxshatli	Poor sleep leads to awful concentration.	Yomon uyqu diqqatning susayishiga olib keladi.		/awful/	1118
awkward	B2	adj.	noqulay, g'alati	Initial language practice may feel awkward.	Dastlabki til mashqlari noqulay tuyulishi mumkin.		/awkward/	1119
basic	A1	adj.	asosiy, oddiy	Master basic sentence structures first.	Avval asosiy gap tuzilishlarini o'rganing.		/basic/	1120
beautiful	A1	adj.	go'zal, chiroyli	Tashkent is beautiful in spring.	Toshkent bahorda juda go'zal.		/beautiful/	1121
beneficial	B1	adj.	foydali, naf keltiradigan	Regular exercise is beneficial for mental health.	Muntazam mashqlar ruhiy salomatlik uchun foydalidir.		/beneficial/	1122
best	A1	adv.	eng yaxshi	She practiced speaking English best every morning.	U har tong inglizcha so'zlashuvni eng yaxshi tarzda mashq qildi.		/best/	1123
better	A1	adv.	yaxshiroq	She practiced speaking English better every morning.	U har tong inglizcha so'zlashuvni yaxshiroq tarzda mashq qildi.		/better/	1124
big	A1	adj.	katta	Dream big and work consistently.	Katta orzu qiling va barqaror ishlang.		/big/	1125
bitter	A2	adj.	achchiq; qattiq	Coffee has a rich, bitter taste.	Qahvaning to'yingan, achchiq ta'mi bor.		/bitter/	1126
blind	A2	adj.	ko'r, ko'zi ojiz	Do not be blind to your own potential.	O'z salohiyatingizga beparvo bo'lmang.		/blind/	1127
bold	B2	adj.	dovyurak, botir	Take bold steps towards mastering English.	Ingliz tilini o'rganishda dadil qadamlar tashlang.		/bold/	1128
brave	A2	adj.	jasur, mard	Be brave enough to speak in front of others.	Boshqalar oldida gapirishga yetarlicha jasur bo'ling.		/brave/	1129
brief	B1	adj.	qisqa, lo'nda	Keep your morning journal notes brief and clear.	Tonggi kundalik qaydlaringizni qisqa va lo'nda tuting.		/brief/	1130
bright	A2	adj.	yorqin, aqlli	A bright student asks curious questions.	Zukko o'quvchi qiziquvchan savollar beradi.		/bright/	1131
brilliant	B1	adj.	juda aqlli, yuksak	He presented a brilliant solution to the problem.	U muammoga ajoyib yechim taqdim etdi.		/brilliant/	1132
broad	B1	adj.	keng	Expand your broad understanding of grammar.	Grammatikani keng tushunishingizni boyiting.		/broad/	1133
busy	A1	adj.	band, mashg'ul	Even on a busy day, read one English page.	Hatto eng band kunda ham bitta inglizcha sahifa o'qing.		/busy/	1134
calm	A2	adj.	xotirjam, sokin	Maintain a calm mind during test exams.	Test imtihonlarida xotirjamlikni saqlang.		/calm/	1135
capable	B1	adj.	qobiliyatli, layoqatli	You are capable of achieving fluent English.	Siz ravon ingliz tiliga erishishga layoqatlisiz.		/capable/	1136
careful	A2	adj.	ehtiyotkor, diqqatli	Be careful with verb tense agreements.	Fe'l zamonlari moslashuviga ehtiyotkor bo'ling.		/careful/	1137
cautious	B1	adj.	ehtiyotkor, hushyor	Be cautious when managing your focus.	Diqqatingizni boshqarishda hushyor bo'ling.		/cautious/	1138
central	A2	adj.	markaziy, bosh	Discipline is the central pillar of success.	Intizom — muvaffaqiyatning bosh ustunidir.		/central/	1139
certain	A2	adj.	aniq, ishonchi komil	I am certain you will succeed.	Men sizning muvaffaqiyatingizga mutlaqo aminman.		/certain/	1140
cheap	A1	adj.	arzon	Education is priceless; never seek cheap shortcuts.	Ta'lim bebaho; aslo arzon oson yo'llarni qidirmang.		/cheap/	1141
cheerful	B1	adj.	quvnoq, xushchaqchaq	Start your morning with a cheerful mindset.	Tongingizni quvnoq kayfiyat bilan boshlang.		/cheerful/	1142
clean	A1	adj.	toza, pokiza	A clean study space promotes deep thinking.	Toza o'qish xonasi chuqur fikrlashga chorlaydi.		/clean/	1143
clear	A1	adj.	tiniq, ravshan	Write with clear logic and accurate grammar.	Tiniq mantiq va aniq grammatika bilan yozing.		/clear/	1144
clever	A1	adj.	aqlli, zukko	Clever students use spaced repetition systems.	Zukko o'quvchilar oraliqli takrorlash tizimidan foydalanadi.		/clever/	1145
close	A1	adj.	yaqin	Keep your English dictionary close to your desk.	Ingliz tili lug'atini stolingizga yaqin tuting.		/close/	1146
comfortable	A2	adj.	qulay, bemalol	Find a comfortable chair for reading.	Kitob o'qish uchun qulay stul toping.		/comfortable/	1147
common	A2	adj.	keng tarqalgan, umumiy	These are the most common English words.	Bular eng keng tarqalgan inglizcha so'zlardir.		/common/	1148
competitive	B1	adj.	raqobatbardosh	Develop competitive language skills.	Raqobatbardosh til mahoratlarini rivojlantiring.		/competitive/	1149
complex	B1	adj.	murakkab	Deconstruct complex grammar into simple rules.	Murakkab grammatikani oddiy qoidalarga ajrating.		/complex/	1150
comprehensive	B2	adj.	keng qamrovli	This is a comprehensive study schedule.	Bu juda keng qamrovli o'quv jadvalidir.		/comprehensive/	1151
conscious	B2	adj.	ongli, his qiladigan	Make a conscious decision to avoid procrastination.	Erinchoqlikdan qochish uchun ongli qaror qabul qiling.		/conscious/	1152
consistent	B1	adj.	barqaror, izchil	Consistent effort beats sporadic intensity.	Barqaror harakat vaqti-vaqti bilan qilingan shashtdan ustundir.		/consistent/	1153
constant	A2	adj.	doimiy	Maintain constant enthusiasm throughout.	Boshidan oxirigacha doimiy ishtiyoqni saqlang.		/constant/	1154
constructive	B2	adj.	foydali, bunyodkor	Welcome constructive criticism warmly.	Foydali tanqidni ochiq ko'ngil bilan kutib oling.		/constructive/	1155
convenient	A2	adj.	qulay, oson	A digital dictionary is extremely convenient.	Raqamli lug'at juda qulaydir.		/convenient/	1156
courageous	B1	adj.	jasur, dovyurak	Be courageous in trying new expressions.	Yangi iboralarni qo'llashda jasur bo'ling.		/courageous/	1157
creative	A2	adj.	ijodkor, yangilikka intiluvchan	Express your thoughts in creative ways.	Fikrlaringizni ijodiy yo'llar bilan ifodalang.		/creative/	1158
critical	B1	adj.	o'ta muhim, tanqidiy	Punctuality is critical for your routine.	Vaqtga rioya qilish tartibingiz uchun o'ta muhimdir.		/critical/	1159
crucial	B2	adj.	hal qiluvchi	Consistency is crucial for lasting success.	Doimiylik uzoq muddatli muvaffaqiyat uchun hal qiluvchidir.		/crucial/	1160
curious	A2	adj.	qiziquvchan	Stay curious about English vocabulary origin.	Inglizcha so'zlarning kelib chiqishiga qiziquvchan bo'ling.		/curious/	1161
current	A2	adj.	hozirgi, amaldagi	Your current discipline builds your future.	Hozirgi intizomingiz kelajagingizni barpo etadi.		/current/	1162
daily	A2	adv.	har kuni, kunlik tarzda	She practiced speaking English daily every morning.	U har tong inglizcha so'zlashuvni har kuni tarzda mashq qildi.		/daily/	1163
dangerous	A1	adj.	xavfli	Procrastination is dangerous to your goals.	Payqamaslik va kechiktirish maqsadlaringiz uchun xavflidir.		/dangerous/	1164
dark	A1	adj.	qorong'i, qora	Waking before dark yields serene hours.	Qorong'i payti turish osoyishta soatlarni beradi.		/dark/	1165
dead	A2	adj.	o'lik, jonsiz	Avoid dead hours spent on mindless screens.	Ekranda behuda o'tgan o'lik soatlardan saqlaning.		/dead/	1166
dear	A1	adj.	qadrli, aziz	Knowledge is dear to the sincere seeker.	Bilim samimiy izlanuvchi uchun juda qadrlidir.		/dear/	1167
decent	B1	adj.	munosib, yaxshi	Aim for a decent score on your mock exam.	Sinov imtihonida munosib ball to'plashni maqsad qiling.		/decent/	1168
decisive	B2	adj.	qat'iy, hal qiluvchi	Make decisive choices without hesitation.	Ikkilanmasdan qat'iy qarorlar qabul qiling.		/decisive/	1169
deep	A2	adj.	chuqur	Engage in deep study for ninety minutes.	To'qson daqiqa davomida chuqur o'qish bilan shug'ullaning.		/deep/	1170
definite	B1	adj.	aniq, muayyan	Have a definite plan for each study hour.	Har bir o'qish soati uchun aniq rejaga ega bo'ling.		/definite/	1171
deliberate	B2	adj.	puxta o'ylangan, ataylab qilingan	Practice with deliberate and focused intention.	Puxta o'ylangan va diqqatli niyat bilan mashq qiling.		/deliberate/	1172
delicate	B2	adj.	nozik, nafis	Master the delicate nuances of pronunciation.	Talaffuzning nafis nozikliklarini o'rganing.		/delicate/	1173
delicious	A1	adj.	mazali, shirin	Eat a delicious and healthy breakfast.	Mazali va foydali nonushta qiling.		/delicious/	1174
delighted	B1	adj.	juda xursand, mamnun	She was delighted with her vocabulary test result.	U o'zining lug'at testi natijasidan juda mamnun bo'ldi.		/delighted/	1175
demanding	B2	adj.	talabchan, qiyin	English fluency is a demanding but rewarding goal.	Ingliz tili ravonligi — talabchan, ammo barakali maqsaddir.		/demanding/	1176
dependent	B1	adj.	bog'liq, qaram	Success is dependent on persistent effort.	Muvaffaqiyat barqaror harakatga bog'liqdir.		/dependent/	1177
detailed	A2	adj.	batafsil, mufassal	Write detailed notes for each chapter.	Har bir bob uchun batafsil qaydlar yozing.		/detailed/	1178
determined	B1	adj.	qat'iyatli, azm qilgan	Be determined to complete your daily deck.	Kunlik kartochkalarni tugatishga qat'iyatli bo'ling.		/determined/	1179
different	A1	adj.	boshqacha, turlicha	Try different study methods until one clicks.	Mos kelmaguncha turli xil o'qish usullarini sinab ko'ring.		/different/	1180
difficult	A1	adj.	qiyin, murakkab	Difficult tasks forge unbreakable discipline.	Qiyin vazifalar sinmas intizomni tarbiyalaydi.		/difficult/	1181
digital	A2	adj.	raqamli	Use digital tools wisely to enhance your learning.	O'rganishni kuchaytirish uchun raqamli vositalardan oqilona foydalaning.		/digital/	1182
diligent	B2	adj.	tirishqoq, quntli	The diligent student achieves great heights.	Tirishqoq o'quvchi yuksak marralarga erishadi.		/diligent/	1183
distinct	B2	adj.	yaqqol, aniq	Your accent sounds distinct and confident.	Talaffuzingiz aniq va ishonchli yangramoqda.		/distinct/	1184
diverse	B2	adj.	turfa xil	Explore diverse literature in Oxford Bookworms.	Oxford Bookworms kitoblarida turfa xil adabiyotni o'rganing.		/diverse/	1185
domestic	B1	adj.	uyga oid	Manage domestic duties promptly.	Uy yumushlarini tezda bajarib qo'ying.		/domestic/	1186
dominant	B2	adj.	yetakchi, ustun	Make discipline the dominant trait in your life.	Intizomni hayotingizdagi yetakchi xislatga aylantiring.		/dominant/	1187
double	A2	adj.	ikki baravar, qo'shaloq	Double your reading speed through practice.	Mashq qilish orqali o'qish tezligingizni ikki baravar oshiring.		/double/	1188
doubtful	B1	adj.	shubhali, ikkilanuvchi	Do not be doubtful about your abilities.	Qobiliyatlaringizga shubha bilan qaramang.		/doubtful/	1189
dramatic	B2	adj.	keskin, hayratlanarli	You will see a dramatic jump in test scores.	Test ballaringizda keskin o'sishni ko'rasiz.		/dramatic/	1190
dry	A1	adj.	quruq	Keep your study materials safe and dry.	O'quv qurollaringizni toza va quruq saqlang.		/dry/	1191
due	B1	adj.	muddatli, kutilgan	Your homework is due tomorrow morning.	Uy vazifangiz ertaga ertalab topshirilishi kerak.		/due/	1192
dynamic	B2	adj.	serharakat	Maintain a dynamic and energetic presence.	G'ayratli va serharakat holatda bo'ling.		/dynamic/	1193
eager	B1	adj.	ishtiyoqmand, intiq	Be eager to absorb new language skills.	Yangi til ko'nikmalarini o'rganishga ishtiyoqmand bo'ling.		/eager/	1194
early	A1	adv.	barvaqt, erta	She practiced speaking English early every morning.	U har tong inglizcha so'zlashuvni barvaqt tarzda mashq qildi.		/early/	1195
easy	A1	adj.	oson, yengil	Repetition turns hard tasks into easy routines.	Takrorlash qiyin vazifalarni oson odatlarga aylantiradi.		/easy/	1196
economic	B1	adj.	iqtisodiy	Learn vocabulary related to economic growth.	Iqtisodiy o'sishga oid so'zlarni o'rganing.		/economic/	1197
educational	A2	adj.	ta'limiy, tarbiyaviy	Listen to educational podcasts every afternoon.	Har kuni tushdan keyin ta'limiy podkastlarni tinglang.		/educational/	1198
effective	B1	adj.	samarali, natijali	Spaced repetition is an effective technique.	Oraliq takrorlash — juda samarali usuldir.		/effective/	1199
efficient	B1	adj.	unumli, tejamkor	An efficient schedule saves hours of wasted effort.	Unumli jadval behuda ketgan soatlarni tejaydi.		/efficient/	1200
elaborate	B2	adj.	puxta ishlangan, mufassal	Prepare an elaborate outline for your essay.	Esseyiz uchun puxta reja tayyorlang.		/elaborate/	1201
elderly	B1	adj.	yoshi ulug', keksa	Treat elderly family members with deep honor.	Yoshi ulug' oila a'zolarini chuqur ehtirom bilan asrang.		/elderly/	1202
elegant	B1	adj.	nafis, nozik, xushbichim	Speak with elegant and refined wording.	Nafis va xushbichim so'zlar bilan gapiring.		/elegant/	1203
elementary	A2	adj.	boshlang'ich, oddiy	Master elementary grammar rules completely.	Boshlang'ich grammatika qoidalarini to'liq o'zlashtiring.		/elementary/	1204
eligible	B2	adj.	munosib, haqli	High scores make you eligible for scholarships.	Yuqori ballar sizni stipendiyalarga munosib qiladi.		/eligible/	1205
emotional	B1	adj.	hissiy, ta'sirchan	Maintain balance without emotional turbulence.	Hissiy beqarorliklarsiz muvozanatni saqlang.		/emotional/	1206
emphatic	B2	adj.	qat'iy, ta'kidlangan	Give an emphatic yes to personal mastery.	Shaxsiy barkamollikka qat'iy 'ha' deb ayting.		/emphatic/	1207
empty	A1	adj.	bo'sh	Never leave your scheduled study slot empty.	Rejalashtirilgan dars vaqtingizni aslo bo'sh qoldirmang.		/empty/	1208
endless	B1	adj.	cheksiz, bitmas-tuganmas	Curiosity opens an endless world of wisdom.	Qiziquvchanlik cheksiz hikmatlar olamini ochadi.		/endless/	1209
energetic	A2	adj.	g'ayratli, serharakat	Stay energetic with proper morning hydration.	Tonggi to'g'ri suv ichish bilan g'ayratli bo'ling.		/energetic/	1210
enormous	B1	adj.	ulkan, bahaybat	Consistent reading creates an enormous advantage.	Doimiy mutolaa ulkan ustunlik yaratadi.		/enormous/	1211
enthusiastic	B1	adj.	ishtiyoqli, jo'shqin	Be enthusiastic about mastering new idioms.	Yangi iboralarni o'rganishda jo'shqin bo'ling.		/enthusiastic/	1212
entire	A2	adj.	butun, to'liq	Dedicate the entire focus block to writing.	Butun diqqat blokini yozishga sarflang.		/entire/	1213
environmental	B1	adj.	atrof-muhitga oid	Study vocabulary about environmental protection.	Atrof-muhitni muhofaza qilishga oid so'zlarni o'qing.		/environmental/	1214
equal	A2	adj.	teng, barobar	Everyone has an equal twenty-four hours each day.	Har bir kishida kuniga teng yigirma to'rt soat bor.		/equal/	1215
equivalent	B2	adj.	teng qiymatli, ekvivalent	Hard work is equivalent to guaranteed growth.	Tirishqoq mehnat kafolatlangan o'sishga tengdir.		/equivalent/	1216
essential	B1	adj.	muhim, zaruriy	Daily review is essential for long-term retention.	Uzoq muddatli xotira uchun kunlik takrorlash zarurdir.		/essential/	1217
ethical	B2	adj.	axloqiy, odobli	Maintain high ethical conduct in all dealings.	Barcha ishlarda yuksak axloqiy qoidalarga amal qiling.		/ethical/	1218
evident	B2	adj.	ravshan, shubhasiz	Your vocabulary mastery is evident in speech.	Lug'at boyligingiz nutqingizda yaqqol ko'rinib turibdi.		/evident/	1219
exact	A2	adj.	aniq, to'g'ri	Pay attention to the exact spelling of terms.	Atamalarning aniq imlosiga diqqat qiling.		/exact/	1220
excellent	A1	adj.	a'lo, namunali	Strive for excellent results in every test.	Har bir testda a'lo natijalarga intiling.		/excellent/	1221
exceptional	B2	adj.	favqulodda, noyob	Exceptional effort brings exceptional rewards.	Favqulodda harakat favqulodda natijalar olib keladi.		/exceptional/	1222
excessive	B2	adj.	haddan tashqari, ortiqcha	Avoid excessive smartphone use before bedtime.	Uxlashdan oldin telefondan haddan tashqari foydalanishdan saqlaning.		/excessive/	1223
exciting	A1	adj.	hayajonli, qiziqarli	Learning English is an exciting lifelong journey.	Ingliz tilini o'rganish — hayajonli umrboqiy sayohatdir.		/exciting/	1224
exclusive	B2	adj.	eksklyuziv, tanlangan	Focus gives you exclusive intellectual depth.	Diqqat sizga yuksak aqliy teranlik beradi.		/exclusive/	1225
exemplary	C1	adj.	namunali, ibratli	Lead an exemplary life of study discipline.	O'qish intizomida ibratli hayot kechiring.		/exemplary/	1226
exhausted	A2	adj.	juda charchagan	Rest well tonight if you feel exhausted.	Agar juda charchagan bo'lsangiz, bugun yaxshilab dam oling.		/exhausted/	1227
existing	B1	adj.	mavjud bo'lgan	Build upon your existing foundation of words.	Mavjud so'z boyligi poydevoringizni yanada kengaytiring.		/existing/	1228
exotic	B2	adj.	g'aroyib, xorijiy	Learn about exotic cultures through language.	Til orqali xorijiy madaniyatlar haqida bilib oling.		/exotic/	1229
expensive	A1	adj.	qimmat	Time is far more expensive than money.	Vaqt puldan ko'ra ancha qimmatroqdir.		/expensive/	1230
experienced	A2	adj.	tajribali	Seek guidance from an experienced teacher.	Tajribali ustozdan yo'l-yo'riq so'rang.		/experienced/	1231
experimental	B2	adj.	tajriba tariqasidagi	Try experimental methods to boost memory.	Xotirani kuchaytirish uchun yangi tajribaviy usullarni sinab ko'ring.		/experimental/	1232
explicit	B2	adj.	ochiq-oydin, aniq	Set explicit time boundaries for social media.	Ijtimoiy tarmoqlar uchun aniq vaqt chegaralarini belgilang.		/explicit/	1233
extensive	B2	adj.	keng ko'lamli, chuqur	Build an extensive mental library of phrases.	Iboralarning keng ko'lamli aqliy kutubxonasini quring.		/extensive/	1234
external	B1	adj.	tashqi	Do not let external noise shatter your focus.	Tashqi shovqin diqqatingizni buzishiga yo'l qo'ymang.		/external/	1235
extra	A1	adj.	qo'shimcha, ortiqcha	Put in an extra thirty minutes of speaking.	So'zlashuv uchun qo'shimcha o'ttiz daqiqa ajrating.		/extra/	1236
extraordinary	B1	adj.	favqulodda, ajoyib	Extraordinary discipline creates extraordinary lives.	Favqulodda intizom buyuk hayotni yaratadi.		/extraordinary/	1237
extreme	A2	adj.	o'ta, keskin	Avoid extreme fatigue by resting on time.	O'z vaqtida dam olib qattiq toliqishdan saqlaning.		/extreme/	1238
abroad	A2	adv.	chet elda, xorijda	She practiced speaking English abroad every morning.	U har tong inglizcha so'zlashuvni chet elda tarzda mashq qildi.		/abroad/	1239
absolutely	A2	adv.	mutlaqo, so'zsiz	She practiced speaking English absolutely every morning.	U har tong inglizcha so'zlashuvni mutlaqo tarzda mashq qildi.		/absolutely/	1240
accidentally	B1	adv.	tasodifan	She practiced speaking English accidentally every morning.	U har tong inglizcha so'zlashuvni tasodifan tarzda mashq qildi.		/accidentally/	1241
accurately	B2	adv.	aniq, to'g'ri qilib	She practiced speaking English accurately every morning.	U har tong inglizcha so'zlashuvni aniq tarzda mashq qildi.		/accurately/	1242
actively	B1	adv.	faol ravishda	She practiced speaking English actively every morning.	U har tong inglizcha so'zlashuvni faol ravishda tarzda mashq qildi.		/actively/	1243
actually	A2	adv.	aslida, haqiqatda	She practiced speaking English actually every morning.	U har tong inglizcha so'zlashuvni aslida tarzda mashq qildi.		/actually/	1244
adequately	B2	adv.	yetarli darajada	She practiced speaking English adequately every morning.	U har tong inglizcha so'zlashuvni yetarli darajada tarzda mashq qildi.		/adequately/	1245
admirably	B2	adv.	tahsinga loyiq ravishda	She practiced speaking English admirably every morning.	U har tong inglizcha so'zlashuvni tahsinga loyiq ravishda tarzda mashq qildi.		/admirably/	1246
afterward	A2	adv.	keyinroq, so'ngra	She practiced speaking English afterward every morning.	U har tong inglizcha so'zlashuvni keyinroq tarzda mashq qildi.		/afterward/	1247
again	A1	adv.	yana, takroran	She practiced speaking English again every morning.	U har tong inglizcha so'zlashuvni yana tarzda mashq qildi.		/again/	1248
ahead	A2	adv.	oldinda, oldinga	She practiced speaking English ahead every morning.	U har tong inglizcha so'zlashuvni oldinda tarzda mashq qildi.		/ahead/	1249
almost	A1	adv.	deyarli	She practiced speaking English almost every morning.	U har tong inglizcha so'zlashuvni deyarli tarzda mashq qildi.		/almost/	1250
alone	A1	adv.	yolg'iz, o'zi	She practiced speaking English alone every morning.	U har tong inglizcha so'zlashuvni yolg'iz tarzda mashq qildi.		/alone/	1251
along	A2	adv.	birga, bo'ylab	She practiced speaking English along every morning.	U har tong inglizcha so'zlashuvni birga tarzda mashq qildi.		/along/	1252
already	A1	adv.	allaqachon	She practiced speaking English already every morning.	U har tong inglizcha so'zlashuvni allaqachon tarzda mashq qildi.		/already/	1253
alternatively	B2	adv.	muqobil ravishda	She practiced speaking English alternatively every morning.	U har tong inglizcha so'zlashuvni muqobil ravishda tarzda mashq qildi.		/alternatively/	1254
altogether	B1	adv.	butunlay, jami	She practiced speaking English altogether every morning.	U har tong inglizcha so'zlashuvni butunlay tarzda mashq qildi.		/altogether/	1255
always	A1	adv.	doimo, har doim	She practiced speaking English always every morning.	U har tong inglizcha so'zlashuvni doimo tarzda mashq qildi.		/always/	1256
amazingly	B1	adv.	hayratlanarli darajada	She practiced speaking English amazingly every morning.	U har tong inglizcha so'zlashuvni hayratlanarli darajada tarzda mashq qildi.		/amazingly/	1257
angrily	A2	adv.	jahl bilan	She practiced speaking English angrily every morning.	U har tong inglizcha so'zlashuvni jahl bilan tarzda mashq qildi.		/angrily/	1258
annually	B1	adv.	har yili, yillik tarzda	She practiced speaking English annually every morning.	U har tong inglizcha so'zlashuvni har yili tarzda mashq qildi.		/annually/	1259
anxiously	B1	adv.	xavotir bilan	She practiced speaking English anxiously every morning.	U har tong inglizcha so'zlashuvni xavotir bilan tarzda mashq qildi.		/anxiously/	1260
apart	A2	adv.	alohida, ajratib	She practiced speaking English apart every morning.	U har tong inglizcha so'zlashuvni alohida tarzda mashq qildi.		/apart/	1261
apparently	B1	adv.	aftidan, ko'rinishidan	She practiced speaking English apparently every morning.	U har tong inglizcha so'zlashuvni aftidan tarzda mashq qildi.		/apparently/	1262
appropriately	B2	adv.	munosib tarzda	She practiced speaking English appropriately every morning.	U har tong inglizcha so'zlashuvni munosib tarzda tarzda mashq qildi.		/appropriately/	1263
approximately	B1	adv.	taxminan	She practiced speaking English approximately every morning.	U har tong inglizcha so'zlashuvni taxminan tarzda mashq qildi.		/approximately/	1264
around	A1	adv.	atrofida	She practiced speaking English around every morning.	U har tong inglizcha so'zlashuvni atrofida tarzda mashq qildi.		/around/	1265
aside	B1	adv.	chetga, bir tomonga	She practiced speaking English aside every morning.	U har tong inglizcha so'zlashuvni chetga tarzda mashq qildi.		/aside/	1266
automatically	B1	adv.	avtomatik ravishda	She practiced speaking English automatically every morning.	U har tong inglizcha so'zlashuvni avtomatik ravishda tarzda mashq qildi.		/automatically/	1267
badly	A2	adv.	yomon, qattiq	She practiced speaking English badly every morning.	U har tong inglizcha so'zlashuvni yomon tarzda mashq qildi.		/badly/	1268
barely	B1	adv.	arang, aranggina	She practiced speaking English barely every morning.	U har tong inglizcha so'zlashuvni arang tarzda mashq qildi.		/barely/	1269
basically	B1	adv.	asosan, mohiyatan	She practiced speaking English basically every morning.	U har tong inglizcha so'zlashuvni asosan tarzda mashq qildi.		/basically/	1270
beautifully	A2	adv.	chiroyli tarzda	She practiced speaking English beautifully every morning.	U har tong inglizcha so'zlashuvni chiroyli tarzda tarzda mashq qildi.		/beautifully/	1271
before	A1	adv.	oldin, avval	She practiced speaking English before every morning.	U har tong inglizcha so'zlashuvni oldin tarzda mashq qildi.		/before/	1272
behind	A1	adv.	orqada	She practiced speaking English behind every morning.	U har tong inglizcha so'zlashuvni orqada tarzda mashq qildi.		/behind/	1273
below	A1	adv.	pastda	She practiced speaking English below every morning.	U har tong inglizcha so'zlashuvni pastda tarzda mashq qildi.		/below/	1274
beneath	B1	adv.	ostida, tagida	She practiced speaking English beneath every morning.	U har tong inglizcha so'zlashuvni ostida tarzda mashq qildi.		/beneath/	1275
beside	A2	adv.	yonida	She practiced speaking English beside every morning.	U har tong inglizcha so'zlashuvni yonida tarzda mashq qildi.		/beside/	1276
besides	B1	adv.	bundan tashqari	She practiced speaking English besides every morning.	U har tong inglizcha so'zlashuvni bundan tashqari tarzda mashq qildi.		/besides/	1277
beyond	B1	adv.	narida, ortida	She practiced speaking English beyond every morning.	U har tong inglizcha so'zlashuvni narida tarzda mashq qildi.		/beyond/	1278
boldly	B2	adv.	botirlik bilan, dadil	She practiced speaking English boldly every morning.	U har tong inglizcha so'zlashuvni botirlik bilan tarzda mashq qildi.		/boldly/	1279
briefly	B1	adv.	qisqacha	She practiced speaking English briefly every morning.	U har tong inglizcha so'zlashuvni qisqacha tarzda mashq qildi.		/briefly/	1280
brightly	A2	adv.	ravshan qilib, porlab	She practiced speaking English brightly every morning.	U har tong inglizcha so'zlashuvni ravshan qilib tarzda mashq qildi.		/brightly/	1281
brilliantly	B2	adv.	qoyilmaqom qilib	She practiced speaking English brilliantly every morning.	U har tong inglizcha so'zlashuvni qoyilmaqom qilib tarzda mashq qildi.		/brilliantly/	1282
broadly	B2	adv.	keng ma'noda	She practiced speaking English broadly every morning.	U har tong inglizcha so'zlashuvni keng ma'noda tarzda mashq qildi.		/broadly/	1283
calmly	B1	adv.	xotirjamlik bilan	She practiced speaking English calmly every morning.	U har tong inglizcha so'zlashuvni xotirjamlik bilan tarzda mashq qildi.		/calmly/	1284
carefully	A1	adv.	ehtiyotkorlik bilan	She practiced speaking English carefully every morning.	U har tong inglizcha so'zlashuvni ehtiyotkorlik bilan tarzda mashq qildi.		/carefully/	1285
certainly	A2	adv.	albatta, shak-shubhasiz	She practiced speaking English certainly every morning.	U har tong inglizcha so'zlashuvni albatta tarzda mashq qildi.		/certainly/	1286
clearly	A2	adv.	aniq, ravshan qilib	She practiced speaking English clearly every morning.	U har tong inglizcha so'zlashuvni aniq tarzda mashq qildi.		/clearly/	1287
closely	B1	adv.	yaqindan, diqqat bilan	She practiced speaking English closely every morning.	U har tong inglizcha so'zlashuvni yaqindan tarzda mashq qildi.		/closely/	1288
comfortably	A2	adv.	bemalol, qulay qilib	She practiced speaking English comfortably every morning.	U har tong inglizcha so'zlashuvni bemalol tarzda mashq qildi.		/comfortably/	1289
commonly	B1	adv.	odatda, keng tarqalgan tarzda	She practiced speaking English commonly every morning.	U har tong inglizcha so'zlashuvni odatda tarzda mashq qildi.		/commonly/	1290
completely	A2	adv.	butunlay, to'liq	She practiced speaking English completely every morning.	U har tong inglizcha so'zlashuvni butunlay tarzda mashq qildi.		/completely/	1291
confidently	B1	adv.	ishonch bilan	She practiced speaking English confidently every morning.	U har tong inglizcha so'zlashuvni ishonch bilan tarzda mashq qildi.		/confidently/	1292
constantly	B1	adv.	doimiy ravishda	She practiced speaking English constantly every morning.	U har tong inglizcha so'zlashuvni doimiy ravishda tarzda mashq qildi.		/constantly/	1293
correctly	A2	adv.	to'g'ri tarzda	She practiced speaking English correctly every morning.	U har tong inglizcha so'zlashuvni to'g'ri tarzda tarzda mashq qildi.		/correctly/	1294
courageously	B2	adv.	jasurlik bilan	She practiced speaking English courageously every morning.	U har tong inglizcha so'zlashuvni jasurlik bilan tarzda mashq qildi.		/courageously/	1295
critically	B2	adv.	o'ta muhim tarzda, tanqidiy	She practiced speaking English critically every morning.	U har tong inglizcha so'zlashuvni o'ta muhim tarzda tarzda mashq qildi.		/critically/	1296
crucially	B2	adv.	hal qiluvchi tarzda	She practiced speaking English crucially every morning.	U har tong inglizcha so'zlashuvni hal qiluvchi tarzda tarzda mashq qildi.		/crucially/	1297
deeply	B1	adv.	chuqur	She practiced speaking English deeply every morning.	U har tong inglizcha so'zlashuvni chuqur tarzda mashq qildi.		/deeply/	1298
definitely	A2	adv.	shubhasiz, aniq	She practiced speaking English definitely every morning.	U har tong inglizcha so'zlashuvni shubhasiz tarzda mashq qildi.		/definitely/	1299
deliberately	B2	adv.	ataylab, atay	She practiced speaking English deliberately every morning.	U har tong inglizcha so'zlashuvni ataylab tarzda mashq qildi.		/deliberately/	1300
delicately	B2	adv.	nafislik bilan	She practiced speaking English delicately every morning.	U har tong inglizcha so'zlashuvni nafislik bilan tarzda mashq qildi.		/delicately/	1301
desperately	B2	adv.	umidsiz ravishda, jon-jahdi bilan	She practiced speaking English desperately every morning.	U har tong inglizcha so'zlashuvni umidsiz ravishda tarzda mashq qildi.		/desperately/	1302
directly	A2	adv.	to'g'ridan-to'g'ri	She practiced speaking English directly every morning.	U har tong inglizcha so'zlashuvni to'g'ridan-to'g'ri tarzda mashq qildi.		/directly/	1303
distinctly	B2	adv.	aniq-ravshan qilib	She practiced speaking English distinctly every morning.	U har tong inglizcha so'zlashuvni aniq-ravshan qilib tarzda mashq qildi.		/distinctly/	1304
dramatically	B2	adv.	keskin ravishda	She practiced speaking English dramatically every morning.	U har tong inglizcha so'zlashuvni keskin ravishda tarzda mashq qildi.		/dramatically/	1305
eagerly	B1	adv.	ishtiyoq bilan	She practiced speaking English eagerly every morning.	U har tong inglizcha so'zlashuvni ishtiyoq bilan tarzda mashq qildi.		/eagerly/	1306
easily	A1	adv.	osonlik bilan	She practiced speaking English easily every morning.	U har tong inglizcha so'zlashuvni osonlik bilan tarzda mashq qildi.		/easily/	1307
effectively	B1	adv.	samarali ravishda	She practiced speaking English effectively every morning.	U har tong inglizcha so'zlashuvni samarali ravishda tarzda mashq qildi.		/effectively/	1308
efficiently	B1	adv.	unumli tarzda	She practiced speaking English efficiently every morning.	U har tong inglizcha so'zlashuvni unumli tarzda tarzda mashq qildi.		/efficiently/	1309
elegantly	B2	adv.	nafis tarzda	She practiced speaking English elegantly every morning.	U har tong inglizcha so'zlashuvni nafis tarzda tarzda mashq qildi.		/elegantly/	1310
entirely	B1	adv.	to'lig'icha	She practiced speaking English entirely every morning.	U har tong inglizcha so'zlashuvni to'lig'icha tarzda mashq qildi.		/entirely/	1311
equally	B1	adv.	teng ravishda	She practiced speaking English equally every morning.	U har tong inglizcha so'zlashuvni teng ravishda tarzda mashq qildi.		/equally/	1312
especially	A2	adv.	ayniqsa	She practiced speaking English especially every morning.	U har tong inglizcha so'zlashuvni ayniqsa tarzda mashq qildi.		/especially/	1313
essentially	B2	adv.	mohiyatan, asosan	She practiced speaking English essentially every morning.	U har tong inglizcha so'zlashuvni mohiyatan tarzda mashq qildi.		/essentially/	1314
evidently	B2	adv.	aftidan, ko'rinib turganidek	She practiced speaking English evidently every morning.	U har tong inglizcha so'zlashuvni aftidan tarzda mashq qildi.		/evidently/	1315
exactly	A2	adv.	aynan, xuddi shunday	She practiced speaking English exactly every morning.	U har tong inglizcha so'zlashuvni aynan tarzda mashq qildi.		/exactly/	1316
exceptionally	B2	adv.	favqulodda tarzda	She practiced speaking English exceptionally every morning.	U har tong inglizcha so'zlashuvni favqulodda tarzda tarzda mashq qildi.		/exceptionally/	1317
excessively	B2	adv.	haddan tashqari	She practiced speaking English excessively every morning.	U har tong inglizcha so'zlashuvni haddan tashqari tarzda mashq qildi.		/excessively/	1318
exclusively	B2	adv.	faqatgina, eksklyuziv	She practiced speaking English exclusively every morning.	U har tong inglizcha so'zlashuvni faqatgina tarzda mashq qildi.		/exclusively/	1319
explicitly	B2	adv.	ochiq-oydin	She practiced speaking English explicitly every morning.	U har tong inglizcha so'zlashuvni ochiq-oydin tarzda mashq qildi.		/explicitly/	1320
extensively	B2	adv.	keng ko'lamda	She practiced speaking English extensively every morning.	U har tong inglizcha so'zlashuvni keng ko'lamda tarzda mashq qildi.		/extensively/	1321
extremely	A2	adv.	nihoyatda, g'oyatda	She practiced speaking English extremely every morning.	U har tong inglizcha so'zlashuvni nihoyatda tarzda mashq qildi.		/extremely/	1322
fairly	B1	adv.	ancha, odilona	She practiced speaking English fairly every morning.	U har tong inglizcha so'zlashuvni ancha tarzda mashq qildi.		/fairly/	1323
faithfully	B2	adv.	sadoqat bilan	She practiced speaking English faithfully every morning.	U har tong inglizcha so'zlashuvni sadoqat bilan tarzda mashq qildi.		/faithfully/	1324
far	A1	adv.	uzoq, ancha	She practiced speaking English far every morning.	U har tong inglizcha so'zlashuvni uzoq tarzda mashq qildi.		/far/	1325
fast	A1	adv.	tez, ildam	She practiced speaking English fast every morning.	U har tong inglizcha so'zlashuvni tez tarzda mashq qildi.		/fast/	1326
favorably	B2	adv.	ijobiy tarzda	She practiced speaking English favorably every morning.	U har tong inglizcha so'zlashuvni ijobiy tarzda tarzda mashq qildi.		/favorably/	1327
fiercely	B2	adv.	shiddat bilan, shafqatsiz	She practiced speaking English fiercely every morning.	U har tong inglizcha so'zlashuvni shiddat bilan tarzda mashq qildi.		/fiercely/	1328
finally	A1	adv.	nihoyat, oxir-oqibat	She practiced speaking English finally every morning.	U har tong inglizcha so'zlashuvni nihoyat tarzda mashq qildi.		/finally/	1329
firmly	B1	adv.	mahkam, qat'iy ravishda	She practiced speaking English firmly every morning.	U har tong inglizcha so'zlashuvni mahkam tarzda mashq qildi.		/firmly/	1330
fluently	A2	adv.	ravon tarzda	She practiced speaking English fluently every morning.	U har tong inglizcha so'zlashuvni ravon tarzda tarzda mashq qildi.		/fluently/	1331
fondly	B2	adv.	mehr bilan	She practiced speaking English fondly every morning.	U har tong inglizcha so'zlashuvni mehr bilan tarzda mashq qildi.		/fondly/	1332
forever	A2	adv.	abadiy	She practiced speaking English forever every morning.	U har tong inglizcha so'zlashuvni abadiy tarzda mashq qildi.		/forever/	1333
formally	B2	adv.	rasmiy ravishda	She practiced speaking English formally every morning.	U har tong inglizcha so'zlashuvni rasmiy ravishda tarzda mashq qildi.		/formally/	1334
formerly	B2	adv.	ilgari, avvallari	She practiced speaking English formerly every morning.	U har tong inglizcha so'zlashuvni ilgari tarzda mashq qildi.		/formerly/	1335
fortunately	A2	adv.	baxtimizga, xayriyat	She practiced speaking English fortunately every morning.	U har tong inglizcha so'zlashuvni baxtimizga tarzda mashq qildi.		/fortunately/	1336
forward	A2	adv.	oldinga	She practiced speaking English forward every morning.	U har tong inglizcha so'zlashuvni oldinga tarzda mashq qildi.		/forward/	1337
frankly	B2	adv.	ochig'ini aytganda	She practiced speaking English frankly every morning.	U har tong inglizcha so'zlashuvni ochig'ini aytganda tarzda mashq qildi.		/frankly/	1338
freely	A2	adv.	erkin ravishda	She practiced speaking English freely every morning.	U har tong inglizcha so'zlashuvni erkin ravishda tarzda mashq qildi.		/freely/	1339
frequently	B1	adv.	tez-tez	She practiced speaking English frequently every morning.	U har tong inglizcha so'zlashuvni tez-tez tarzda mashq qildi.		/frequently/	1340
fully	A2	adv.	to'liq ravishda	She practiced speaking English fully every morning.	U har tong inglizcha so'zlashuvni to'liq ravishda tarzda mashq qildi.		/fully/	1341
fundamentally	B2	adv.	tubdan, tub mohiyati bilan	She practiced speaking English fundamentally every morning.	U har tong inglizcha so'zlashuvni tubdan tarzda mashq qildi.		/fundamentally/	1342
further	A2	adv.	yanada, uzoqroq	She practiced speaking English further every morning.	U har tong inglizcha so'zlashuvni yanada tarzda mashq qildi.		/further/	1343
generally	A2	adv.	odatda, umuman olganda	She practiced speaking English generally every morning.	U har tong inglizcha so'zlashuvni odatda tarzda mashq qildi.		/generally/	1344
generously	B1	adv.	saxovat bilan	She practiced speaking English generously every morning.	U har tong inglizcha so'zlashuvni saxovat bilan tarzda mashq qildi.		/generously/	1345
gently	A2	adv.	muloyimlik bilan	She practiced speaking English gently every morning.	U har tong inglizcha so'zlashuvni muloyimlik bilan tarzda mashq qildi.		/gently/	1346
genuinely	B2	adv.	chin dildan, samimiy	She practiced speaking English genuinely every morning.	U har tong inglizcha so'zlashuvni chin dildan tarzda mashq qildi.		/genuinely/	1347
gladly	A2	adv.	mamnuniyat bilan	She practiced speaking English gladly every morning.	U har tong inglizcha so'zlashuvni mamnuniyat bilan tarzda mashq qildi.		/gladly/	1348
globally	B1	adv.	global miqyosda	She practiced speaking English globally every morning.	U har tong inglizcha so'zlashuvni global miqyosda tarzda mashq qildi.		/globally/	1349
gradually	B1	adv.	asta-sekin, bosqichma-bosqich	She practiced speaking English gradually every morning.	U har tong inglizcha so'zlashuvni asta-sekin tarzda mashq qildi.		/gradually/	1350
greatly	B1	adv.	katta darajada, juda	She practiced speaking English greatly every morning.	U har tong inglizcha so'zlashuvni katta darajada tarzda mashq qildi.		/greatly/	1351
happily	A1	adv.	baxtli tarzda	She practiced speaking English happily every morning.	U har tong inglizcha so'zlashuvni baxtli tarzda tarzda mashq qildi.		/happily/	1352
hard	A1	adv.	qattiq, tirishib	She practiced speaking English hard every morning.	U har tong inglizcha so'zlashuvni qattiq tarzda mashq qildi.		/hard/	1353
hardly	A2	adv.	zo'rg'a, arang	She practiced speaking English hardly every morning.	U har tong inglizcha so'zlashuvni zo'rg'a tarzda mashq qildi.		/hardly/	1354
healthily	A2	adv.	sog'lom tarzda	She practiced speaking English healthily every morning.	U har tong inglizcha so'zlashuvni sog'lom tarzda tarzda mashq qildi.		/healthily/	1355
heavily	B1	adv.	og'ir, kuchli	She practiced speaking English heavily every morning.	U har tong inglizcha so'zlashuvni og'ir tarzda mashq qildi.		/heavily/	1356
highly	B1	adv.	yuqori darajada	She practiced speaking English highly every morning.	U har tong inglizcha so'zlashuvni yuqori darajada tarzda mashq qildi.		/highly/	1357
honestly	A2	adv.	to'g'risi, rostini aytsam	She practiced speaking English honestly every morning.	U har tong inglizcha so'zlashuvni to'g'risi tarzda mashq qildi.		/honestly/	1358
hopefully	A2	adv.	umid qilamanki	She practiced speaking English hopefully every morning.	U har tong inglizcha so'zlashuvni umid qilamanki tarzda mashq qildi.		/hopefully/	1359
hopelessly	B2	adv.	umidsiz tarzda	She practiced speaking English hopelessly every morning.	U har tong inglizcha so'zlashuvni umidsiz tarzda tarzda mashq qildi.		/hopelessly/	1360
hourly	B1	adv.	har soatda	She practiced speaking English hourly every morning.	U har tong inglizcha so'zlashuvni har soatda tarzda mashq qildi.		/hourly/	1361
immediately	A2	adv.	darhol, tezda	She practiced speaking English immediately every morning.	U har tong inglizcha so'zlashuvni darhol tarzda mashq qildi.		/immediately/	1362
immensely	B2	adv.	beqiyos darajada	She practiced speaking English immensely every morning.	U har tong inglizcha so'zlashuvni beqiyos darajada tarzda mashq qildi.		/immensely/	1363
importantly	B1	adv.	muhimi	She practiced speaking English importantly every morning.	U har tong inglizcha so'zlashuvni muhimi tarzda mashq qildi.		/importantly/	1364
incredibly	B1	adv.	ishonib bo'lmas darajada	She practiced speaking English incredibly every morning.	U har tong inglizcha so'zlashuvni ishonib bo'lmas darajada tarzda mashq qildi.		/incredibly/	1365
indeed	B1	adv.	haqiqatan ham	She practiced speaking English indeed every morning.	U har tong inglizcha so'zlashuvni haqiqatan ham tarzda mashq qildi.		/indeed/	1366
initially	B1	adv.	dastlab, boshida	She practiced speaking English initially every morning.	U har tong inglizcha so'zlashuvni dastlab tarzda mashq qildi.		/initially/	1367
instantly	B2	adv.	bir zumda	She practiced speaking English instantly every morning.	U har tong inglizcha so'zlashuvni bir zumda tarzda mashq qildi.		/instantly/	1368
instead	A2	adv.	o'rniga	She practiced speaking English instead every morning.	U har tong inglizcha so'zlashuvni o'rniga tarzda mashq qildi.		/instead/	1369
intensely	B2	adv.	shiddat bilan	She practiced speaking English intensely every morning.	U har tong inglizcha so'zlashuvni shiddat bilan tarzda mashq qildi.		/intensely/	1370
ironically	B2	adv.	kinoyali tarzda	She practiced speaking English ironically every morning.	U har tong inglizcha so'zlashuvni kinoyali tarzda tarzda mashq qildi.		/ironically/	1371
kindly	A2	adv.	xushmuomalalik bilan	She practiced speaking English kindly every morning.	U har tong inglizcha so'zlashuvni xushmuomalalik bilan tarzda mashq qildi.		/kindly/	1372
largely	B1	adv.	asosan	She practiced speaking English largely every morning.	U har tong inglizcha so'zlashuvni asosan tarzda mashq qildi.		/largely/	1373
late	A1	adv.	kech	She practiced speaking English late every morning.	U har tong inglizcha so'zlashuvni kech tarzda mashq qildi.		/late/	1374
lately	B1	adv.	so'nggi paytlarda	She practiced speaking English lately every morning.	U har tong inglizcha so'zlashuvni so'nggi paytlarda tarzda mashq qildi.		/lately/	1375
later	A1	adv.	keyinroq	She practiced speaking English later every morning.	U har tong inglizcha so'zlashuvni keyinroq tarzda mashq qildi.		/later/	1376
loudly	A2	adv.	baland ovozda	She practiced speaking English loudly every morning.	U har tong inglizcha so'zlashuvni baland ovozda tarzda mashq qildi.		/loudly/	1377
mainly	A2	adv.	asosan	She practiced speaking English mainly every morning.	U har tong inglizcha so'zlashuvni asosan tarzda mashq qildi.		/mainly/	1378
maybe	A1	adv.	balki	She practiced speaking English maybe every morning.	U har tong inglizcha so'zlashuvni balki tarzda mashq qildi.		/maybe/	1379
merely	B2	adv.	faqat, shunchaki	She practiced speaking English merely every morning.	U har tong inglizcha so'zlashuvni faqat tarzda mashq qildi.		/merely/	1380
more	A1	adv.	ko'proq	She practiced speaking English more every morning.	U har tong inglizcha so'zlashuvni ko'proq tarzda mashq qildi.		/more/	1381
moreover	B1	adv.	bundan tashqari	She practiced speaking English moreover every morning.	U har tong inglizcha so'zlashuvni bundan tashqari tarzda mashq qildi.		/moreover/	1382
mostly	A2	adv.	asosan	She practiced speaking English mostly every morning.	U har tong inglizcha so'zlashuvni asosan tarzda mashq qildi.		/mostly/	1383
naturally	B1	adv.	tabiiyki	She practiced speaking English naturally every morning.	U har tong inglizcha so'zlashuvni tabiiyki tarzda mashq qildi.		/naturally/	1384
nearly	A2	adv.	deyarli	She practiced speaking English nearly every morning.	U har tong inglizcha so'zlashuvni deyarli tarzda mashq qildi.		/nearly/	1385
necessarily	B1	adv.	muqarrar ravishda	She practiced speaking English necessarily every morning.	U har tong inglizcha so'zlashuvni muqarrar ravishda tarzda mashq qildi.		/necessarily/	1386
never	A1	adv.	hech qachon	She practiced speaking English never every morning.	U har tong inglizcha so'zlashuvni hech qachon tarzda mashq qildi.		/never/	1387
nevertheless	B2	adv.	shunga qaramay	She practiced speaking English nevertheless every morning.	U har tong inglizcha so'zlashuvni shunga qaramay tarzda mashq qildi.		/nevertheless/	1388
next	A1	adv.	keyin, navbatdagi	She practiced speaking English next every morning.	U har tong inglizcha so'zlashuvni keyin tarzda mashq qildi.		/next/	1389
nicely	A2	adv.	yaxshi, chiroyli qilib	She practiced speaking English nicely every morning.	U har tong inglizcha so'zlashuvni yaxshi tarzda mashq qildi.		/nicely/	1390
normally	A2	adv.	odatda	She practiced speaking English normally every morning.	U har tong inglizcha so'zlashuvni odatda tarzda mashq qildi.		/normally/	1391
notably	B2	adv.	ayniqsa, e'tiborlisi	She practiced speaking English notably every morning.	U har tong inglizcha so'zlashuvni ayniqsa tarzda mashq qildi.		/notably/	1392
nowadays	A2	adv.	hozirgi kunda	She practiced speaking English nowadays every morning.	U har tong inglizcha so'zlashuvni hozirgi kunda tarzda mashq qildi.		/nowadays/	1393
obviously	B1	adv.	ko'rinib turibdiki	She practiced speaking English obviously every morning.	U har tong inglizcha so'zlashuvni ko'rinib turibdiki tarzda mashq qildi.		/obviously/	1394
occasionally	B1	adv.	ba'zan, ora-sira	She practiced speaking English occasionally every morning.	U har tong inglizcha so'zlashuvni ba'zan tarzda mashq qildi.		/occasionally/	1395
often	A1	adv.	tez-tez	She practiced speaking English often every morning.	U har tong inglizcha so'zlashuvni tez-tez tarzda mashq qildi.		/often/	1396
once	A1	adv.	bir marta	She practiced speaking English once every morning.	U har tong inglizcha so'zlashuvni bir marta tarzda mashq qildi.		/once/	1397
openly	B1	adv.	ochiqchasiga	She practiced speaking English openly every morning.	U har tong inglizcha so'zlashuvni ochiqchasiga tarzda mashq qildi.		/openly/	1398
originally	B1	adv.	aslida, boshida	She practiced speaking English originally every morning.	U har tong inglizcha so'zlashuvni aslida tarzda mashq qildi.		/originally/	1399
otherwise	B1	adv.	aks holda	She practiced speaking English otherwise every morning.	U har tong inglizcha so'zlashuvni aks holda tarzda mashq qildi.		/otherwise/	1400
outside	A1	adv.	tashqarida	She practiced speaking English outside every morning.	U har tong inglizcha so'zlashuvni tashqarida tarzda mashq qildi.		/outside/	1401
partially	B2	adv.	qisman	She practiced speaking English partially every morning.	U har tong inglizcha so'zlashuvni qisman tarzda mashq qildi.		/partially/	1402
particularly	B1	adv.	ayniqsa	She practiced speaking English particularly every morning.	U har tong inglizcha so'zlashuvni ayniqsa tarzda mashq qildi.		/particularly/	1403
partly	B1	adv.	qisman	She practiced speaking English partly every morning.	U har tong inglizcha so'zlashuvni qisman tarzda mashq qildi.		/partly/	1404
perfectly	A2	adv.	mukammal tarzda	She practiced speaking English perfectly every morning.	U har tong inglizcha so'zlashuvni mukammal tarzda tarzda mashq qildi.		/perfectly/	1405
perhaps	A2	adv.	ehtimol, balki	She practiced speaking English perhaps every morning.	U har tong inglizcha so'zlashuvni ehtimol tarzda mashq qildi.		/perhaps/	1406
permanently	B2	adv.	butunlay, doimiy ravishda	She practiced speaking English permanently every morning.	U har tong inglizcha so'zlashuvni butunlay tarzda mashq qildi.		/permanently/	1407
personally	A2	adv.	shaxsan	She practiced speaking English personally every morning.	U har tong inglizcha so'zlashuvni shaxsan tarzda mashq qildi.		/personally/	1408
physically	B1	adv.	jismoniy jihatdan	She practiced speaking English physically every morning.	U har tong inglizcha so'zlashuvni jismoniy jihatdan tarzda mashq qildi.		/physically/	1409
pleasantly	B1	adv.	yoqimli tarzda	She practiced speaking English pleasantly every morning.	U har tong inglizcha so'zlashuvni yoqimli tarzda tarzda mashq qildi.		/pleasantly/	1410
politely	A2	adv.	xushmuomalalik bilan	She practiced speaking English politely every morning.	U har tong inglizcha so'zlashuvni xushmuomalalik bilan tarzda mashq qildi.		/politely/	1411
poorly	B1	adv.	yomon tarzda	She practiced speaking English poorly every morning.	U har tong inglizcha so'zlashuvni yomon tarzda tarzda mashq qildi.		/poorly/	1412
possibly	A2	adv.	ehtimol	She practiced speaking English possibly every morning.	U har tong inglizcha so'zlashuvni ehtimol tarzda mashq qildi.		/possibly/	1413
potentially	B2	adv.	ehtimoliy ravishda	She practiced speaking English potentially every morning.	U har tong inglizcha so'zlashuvni ehtimoliy ravishda tarzda mashq qildi.		/potentially/	1414
practically	B1	adv.	amalda, deyarli	She practiced speaking English practically every morning.	U har tong inglizcha so'zlashuvni amalda tarzda mashq qildi.		/practically/	1415
precisely	B2	adv.	aniq qilib	She practiced speaking English precisely every morning.	U har tong inglizcha so'zlashuvni aniq qilib tarzda mashq qildi.		/precisely/	1416
predominantly	B2	adv.	asosan, ustun darajada	She practiced speaking English predominantly every morning.	U har tong inglizcha so'zlashuvni asosan tarzda mashq qildi.		/predominantly/	1417
previously	B1	adv.	avvalroq	She practiced speaking English previously every morning.	U har tong inglizcha so'zlashuvni avvalroq tarzda mashq qildi.		/previously/	1418
primarily	B2	adv.	asosan, birinchi navbatda	She practiced speaking English primarily every morning.	U har tong inglizcha so'zlashuvni asosan tarzda mashq qildi.		/primarily/	1419
probably	A2	adv.	ehtimol, bo'lsa kerak	She practiced speaking English probably every morning.	U har tong inglizcha so'zlashuvni ehtimol tarzda mashq qildi.		/probably/	1420
promptly	B2	adv.	darhol, o'z vaqtida	She practiced speaking English promptly every morning.	U har tong inglizcha so'zlashuvni darhol tarzda mashq qildi.		/promptly/	1421
properly	A2	adv.	to'g'ri ravishda	She practiced speaking English properly every morning.	U har tong inglizcha so'zlashuvni to'g'ri ravishda tarzda mashq qildi.		/properly/	1422
purely	B2	adv.	sof tarzda	She practiced speaking English purely every morning.	U har tong inglizcha so'zlashuvni sof tarzda tarzda mashq qildi.		/purely/	1423
quickly	A1	adv.	tezda	She practiced speaking English quickly every morning.	U har tong inglizcha so'zlashuvni tezda tarzda mashq qildi.		/quickly/	1424
quietly	A2	adv.	sokin, jimgina	She practiced speaking English quietly every morning.	U har tong inglizcha so'zlashuvni sokin tarzda mashq qildi.		/quietly/	1425
quite	A1	adv.	ancha, ancha-muncha	She practiced speaking English quite every morning.	U har tong inglizcha so'zlashuvni ancha tarzda mashq qildi.		/quite/	1426
randomly	B2	adv.	tasodifiy tarzda	She practiced speaking English randomly every morning.	U har tong inglizcha so'zlashuvni tasodifiy tarzda tarzda mashq qildi.		/randomly/	1427
rapidly	B1	adv.	jadal tarzda	She practiced speaking English rapidly every morning.	U har tong inglizcha so'zlashuvni jadal tarzda tarzda mashq qildi.		/rapidly/	1428
rarely	A2	adv.	kamdan-kam	She practiced speaking English rarely every morning.	U har tong inglizcha so'zlashuvni kamdan-kam tarzda mashq qildi.		/rarely/	1429
rather	A2	adv.	ancha, aksincha	She practiced speaking English rather every morning.	U har tong inglizcha so'zlashuvni ancha tarzda mashq qildi.		/rather/	1430
readily	B2	adv.	osonlikcha, bajonidil	She practiced speaking English readily every morning.	U har tong inglizcha so'zlashuvni osonlikcha tarzda mashq qildi.		/readily/	1431
really	A1	adv.	haqiqatan ham	She practiced speaking English really every morning.	U har tong inglizcha so'zlashuvni haqiqatan ham tarzda mashq qildi.		/really/	1432
reasonably	B1	adv.	oqilona tarzda	She practiced speaking English reasonably every morning.	U har tong inglizcha so'zlashuvni oqilona tarzda tarzda mashq qildi.		/reasonably/	1433
recently	A2	adv.	yaqinda	She practiced speaking English recently every morning.	U har tong inglizcha so'zlashuvni yaqinda tarzda mashq qildi.		/recently/	1434
regularly	A2	adv.	muntazam ravishda	She practiced speaking English regularly every morning.	U har tong inglizcha so'zlashuvni muntazam ravishda tarzda mashq qildi.		/regularly/	1435
relatively	B1	adv.	nisbatan	She practiced speaking English relatively every morning.	U har tong inglizcha so'zlashuvni nisbatan tarzda mashq qildi.		/relatively/	1436
remarkably	B2	adv.	hayratlanarli tarzda	She practiced speaking English remarkably every morning.	U har tong inglizcha so'zlashuvni hayratlanarli tarzda tarzda mashq qildi.		/remarkably/	1437
repeatedly	B1	adv.	qayta-qayta	She practiced speaking English repeatedly every morning.	U har tong inglizcha so'zlashuvni qayta-qayta tarzda mashq qildi.		/repeatedly/	1438
rightly	B2	adv.	haqli ravishda	She practiced speaking English rightly every morning.	U har tong inglizcha so'zlashuvni haqli ravishda tarzda mashq qildi.		/rightly/	1439
roughly	B1	adv.	taxminan, qo'pol tarzda	She practiced speaking English roughly every morning.	U har tong inglizcha so'zlashuvni taxminan tarzda mashq qildi.		/roughly/	1440
safely	A2	adv.	xavfsiz holda	She practiced speaking English safely every morning.	U har tong inglizcha so'zlashuvni xavfsiz holda tarzda mashq qildi.		/safely/	1441
scarcely	B2	adv.	arang, qiyinchilik bilan	She practiced speaking English scarcely every morning.	U har tong inglizcha so'zlashuvni arang tarzda mashq qildi.		/scarcely/	1442
secondly	A2	adv.	ikkinchidan	She practiced speaking English secondly every morning.	U har tong inglizcha so'zlashuvni ikkinchidan tarzda mashq qildi.		/secondly/	1443
secretly	B1	adv.	yashirincha	She practiced speaking English secretly every morning.	U har tong inglizcha so'zlashuvni yashirincha tarzda mashq qildi.		/secretly/	1444
seemingly	B2	adv.	ko'rinishidan	She practiced speaking English seemingly every morning.	U har tong inglizcha so'zlashuvni ko'rinishidan tarzda mashq qildi.		/seemingly/	1445
seldom	B1	adv.	kamdan-kam hollarda	She practiced speaking English seldom every morning.	U har tong inglizcha so'zlashuvni kamdan-kam hollarda tarzda mashq qildi.		/seldom/	1446
seriously	A2	adv.	jiddiy ravishda	She practiced speaking English seriously every morning.	U har tong inglizcha so'zlashuvni jiddiy ravishda tarzda mashq qildi.		/seriously/	1447
severely	B2	adv.	og'ir, qattiq	She practiced speaking English severely every morning.	U har tong inglizcha so'zlashuvni og'ir tarzda mashq qildi.		/severely/	1448
shortly	B1	adv.	tez orada	She practiced speaking English shortly every morning.	U har tong inglizcha so'zlashuvni tez orada tarzda mashq qildi.		/shortly/	1449
significantly	B2	adv.	sezilarli darajada	She practiced speaking English significantly every morning.	U har tong inglizcha so'zlashuvni sezilarli darajada tarzda mashq qildi.		/significantly/	1450
silently	A2	adv.	jimjitlikda, ovozsiz	She practiced speaking English silently every morning.	U har tong inglizcha so'zlashuvni jimjitlikda tarzda mashq qildi.		/silently/	1451
simply	A2	adv.	shunchaki, oddiy qilib	She practiced speaking English simply every morning.	U har tong inglizcha so'zlashuvni shunchaki tarzda mashq qildi.		/simply/	1452
sincerely	A2	adv.	chin dildan, samimiy	She practiced speaking English sincerely every morning.	U har tong inglizcha so'zlashuvni chin dildan tarzda mashq qildi.		/sincerely/	1453
slightly	B1	adv.	ozgina, biroz	She practiced speaking English slightly every morning.	U har tong inglizcha so'zlashuvni ozgina tarzda mashq qildi.		/slightly/	1454
slowly	A1	adv.	sekin, ohista	She practiced speaking English slowly every morning.	U har tong inglizcha so'zlashuvni sekin tarzda mashq qildi.		/slowly/	1455
smoothly	B1	adv.	silliq, to'siqlarsiz	She practiced speaking English smoothly every morning.	U har tong inglizcha so'zlashuvni silliq tarzda mashq qildi.		/smoothly/	1456
softly	A2	adv.	ohista, muloyim qilib	She practiced speaking English softly every morning.	U har tong inglizcha so'zlashuvni ohista tarzda mashq qildi.		/softly/	1457
solely	B2	adv.	faqatgina	She practiced speaking English solely every morning.	U har tong inglizcha so'zlashuvni faqatgina tarzda mashq qildi.		/solely/	1458
somewhat	B1	adv.	bir oz, qaysidir ma'noda	She practiced speaking English somewhat every morning.	U har tong inglizcha so'zlashuvni bir oz tarzda mashq qildi.		/somewhat/	1459
soon	A1	adv.	tez orada	She practiced speaking English soon every morning.	U har tong inglizcha so'zlashuvni tez orada tarzda mashq qildi.		/soon/	1460
specifically	B1	adv.	xususan, aniq qilib	She practiced speaking English specifically every morning.	U har tong inglizcha so'zlashuvni xususan tarzda mashq qildi.		/specifically/	1461
steadily	B1	adv.	barqaror ravishda	She practiced speaking English steadily every morning.	U har tong inglizcha so'zlashuvni barqaror ravishda tarzda mashq qildi.		/steadily/	1462
still	A1	adv.	hali ham	She practiced speaking English still every morning.	U har tong inglizcha so'zlashuvni hali ham tarzda mashq qildi.		/still/	1463
strictly	B1	adv.	qat'iyan	She practiced speaking English strictly every morning.	U har tong inglizcha so'zlashuvni qat'iyan tarzda mashq qildi.		/strictly/	1464
strongly	A2	adv.	kuchli tarzda	She practiced speaking English strongly every morning.	U har tong inglizcha so'zlashuvni kuchli tarzda tarzda mashq qildi.		/strongly/	1465
suddenly	A2	adv.	to'satdan, birdaniga	She practiced speaking English suddenly every morning.	U har tong inglizcha so'zlashuvni to'satdan tarzda mashq qildi.		/suddenly/	1466
successfully	A2	adv.	muvaffaqiyatli tarzda	She practiced speaking English successfully every morning.	U har tong inglizcha so'zlashuvni muvaffaqiyatli tarzda tarzda mashq qildi.		/successfully/	1467
sufficiently	B2	adv.	yetarli darajada	She practiced speaking English sufficiently every morning.	U har tong inglizcha so'zlashuvni yetarli darajada tarzda mashq qildi.		/sufficiently/	1468
surely	A2	adv.	albatta, shubhasiz	She practiced speaking English surely every morning.	U har tong inglizcha so'zlashuvni albatta tarzda mashq qildi.		/surely/	1469
surprisingly	B1	adv.	kutilmaganda	She practiced speaking English surprisingly every morning.	U har tong inglizcha so'zlashuvni kutilmaganda tarzda mashq qildi.		/surprisingly/	1470
swiftly	B2	adv.	tezkorlik bilan	She practiced speaking English swiftly every morning.	U har tong inglizcha so'zlashuvni tezkorlik bilan tarzda mashq qildi.		/swiftly/	1471
systematically	B2	adv.	tizimli ravishda	She practiced speaking English systematically every morning.	U har tong inglizcha so'zlashuvni tizimli ravishda tarzda mashq qildi.		/systematically/	1472
temporarily	B1	adv.	vaqtincha	She practiced speaking English temporarily every morning.	U har tong inglizcha so'zlashuvni vaqtincha tarzda mashq qildi.		/temporarily/	1473
terribly	A2	adv.	daxshatli darajada	She practiced speaking English terribly every morning.	U har tong inglizcha so'zlashuvni daxshatli darajada tarzda mashq qildi.		/terribly/	1474
thereafter	B2	adv.	shundan keyin	She practiced speaking English thereafter every morning.	U har tong inglizcha so'zlashuvni shundan keyin tarzda mashq qildi.		/thereafter/	1475
thereby	B2	adv.	shu tariqa	She practiced speaking English thereby every morning.	U har tong inglizcha so'zlashuvni shu tariqa tarzda mashq qildi.		/thereby/	1476
therefore	A2	adv.	shuning uchun	She practiced speaking English therefore every morning.	U har tong inglizcha so'zlashuvni shuning uchun tarzda mashq qildi.		/therefore/	1477
thoroughly	B1	adv.	puxta, boshdan-oyoq	She practiced speaking English thoroughly every morning.	U har tong inglizcha so'zlashuvni puxta tarzda mashq qildi.		/thoroughly/	1478
thoughtfully	B2	adv.	o'ylab, mulohaza bilan	She practiced speaking English thoughtfully every morning.	U har tong inglizcha so'zlashuvni o'ylab tarzda mashq qildi.		/thoughtfully/	1479
thus	B2	adv.	demak, shunday qilib	She practiced speaking English thus every morning.	U har tong inglizcha so'zlashuvni demak tarzda mashq qildi.		/thus/	1480
tightly	A2	adv.	mahkam qilib	She practiced speaking English tightly every morning.	U har tong inglizcha so'zlashuvni mahkam qilib tarzda mashq qildi.		/tightly/	1481
together	A1	adv.	birgalikda	She practiced speaking English together every morning.	U har tong inglizcha so'zlashuvni birgalikda tarzda mashq qildi.		/together/	1482
too	A1	adv.	juda; ham	She practiced speaking English too every morning.	U har tong inglizcha so'zlashuvni juda; ham tarzda mashq qildi.		/too/	1483
totally	A2	adv.	butunlay	She practiced speaking English totally every morning.	U har tong inglizcha so'zlashuvni butunlay tarzda mashq qildi.		/totally/	1484
traditionally	B1	adv.	an'anaviy ravishda	She practiced speaking English traditionally every morning.	U har tong inglizcha so'zlashuvni an'anaviy ravishda tarzda mashq qildi.		/traditionally/	1485
tremendously	B2	adv.	ulkan darajada	She practiced speaking English tremendously every morning.	U har tong inglizcha so'zlashuvni ulkan darajada tarzda mashq qildi.		/tremendously/	1486
truly	A2	adv.	haqiqatan ham	She practiced speaking English truly every morning.	U har tong inglizcha so'zlashuvni haqiqatan ham tarzda mashq qildi.		/truly/	1487
twice	A1	adv.	ikki marta	She practiced speaking English twice every morning.	U har tong inglizcha so'zlashuvni ikki marta tarzda mashq qildi.		/twice/	1488
ultimately	B2	adv.	oxir-oqibat	She practiced speaking English ultimately every morning.	U har tong inglizcha so'zlashuvni oxir-oqibat tarzda mashq qildi.		/ultimately/	1489
unbelievably	B1	adv.	ishonib bo'lmas darajada	She practiced speaking English unbelievably every morning.	U har tong inglizcha so'zlashuvni ishonib bo'lmas darajada tarzda mashq qildi.		/unbelievably/	1490
unconsciously	B2	adv.	beixtiyor	She practiced speaking English unconsciously every morning.	U har tong inglizcha so'zlashuvni beixtiyor tarzda mashq qildi.		/unconsciously/	1491
undoubtedly	B2	adv.	shubhasiz	She practiced speaking English undoubtedly every morning.	U har tong inglizcha so'zlashuvni shubhasiz tarzda mashq qildi.		/undoubtedly/	1492
unexpectedly	B1	adv.	kutilmaganda	She practiced speaking English unexpectedly every morning.	U har tong inglizcha so'zlashuvni kutilmaganda tarzda mashq qildi.		/unexpectedly/	1493
unfortunately	A2	adv.	afsuski	She practiced speaking English unfortunately every morning.	U har tong inglizcha so'zlashuvni afsuski tarzda mashq qildi.		/unfortunately/	1494
uniformly	B2	adv.	bir xilda	She practiced speaking English uniformly every morning.	U har tong inglizcha so'zlashuvni bir xilda tarzda mashq qildi.		/uniformly/	1495
uniquely	B2	adv.	o'ziga xos tarzda	She practiced speaking English uniquely every morning.	U har tong inglizcha so'zlashuvni o'ziga xos tarzda tarzda mashq qildi.		/uniquely/	1496
universally	B2	adv.	umumjahon miqyosida	She practiced speaking English universally every morning.	U har tong inglizcha so'zlashuvni umumjahon miqyosida tarzda mashq qildi.		/universally/	1497
unusually	B1	adv.	g'ayritabiiy ravishda	She practiced speaking English unusually every morning.	U har tong inglizcha so'zlashuvni g'ayritabiiy ravishda tarzda mashq qildi.		/unusually/	1498
urgently	B1	adv.	shoshilinch tarzda	She practiced speaking English urgently every morning.	U har tong inglizcha so'zlashuvni shoshilinch tarzda tarzda mashq qildi.		/urgently/	1499
usually	A1	adv.	odatda	She practiced speaking English usually every morning.	U har tong inglizcha so'zlashuvni odatda tarzda mashq qildi.		/usually/	1500
utterly	C1	adv.	mutlaqo	She practiced speaking English utterly every morning.	U har tong inglizcha so'zlashuvni mutlaqo tarzda mashq qildi.		/utterly/	1501
vaguely	B2	adv.	noaniq tarzda	She practiced speaking English vaguely every morning.	U har tong inglizcha so'zlashuvni noaniq tarzda tarzda mashq qildi.		/vaguely/	1502
vastly	B2	adv.	katta darajada	She practiced speaking English vastly every morning.	U har tong inglizcha so'zlashuvni katta darajada tarzda mashq qildi.		/vastly/	1503
very	A1	adv.	juda	She practiced speaking English very every morning.	U har tong inglizcha so'zlashuvni juda tarzda mashq qildi.		/very/	1504
vigorously	B2	adv.	g'ayrat bilan	She practiced speaking English vigorously every morning.	U har tong inglizcha so'zlashuvni g'ayrat bilan tarzda mashq qildi.		/vigorously/	1505
virtually	B2	adv.	amalda, deyarli	She practiced speaking English virtually every morning.	U har tong inglizcha so'zlashuvni amalda tarzda mashq qildi.		/virtually/	1506
visibly	B2	adv.	ko'rinib turadigan tarzda	She practiced speaking English visibly every morning.	U har tong inglizcha so'zlashuvni ko'rinib turadigan tarzda tarzda mashq qildi.		/visibly/	1507
visually	B2	adv.	ko'rgazmali ravishda	She practiced speaking English visually every morning.	U har tong inglizcha so'zlashuvni ko'rgazmali ravishda tarzda mashq qildi.		/visually/	1508
warmly	A2	adv.	iliq kutib olib	She practiced speaking English warmly every morning.	U har tong inglizcha so'zlashuvni iliq kutib olib tarzda mashq qildi.		/warmly/	1509
widely	B1	adv.	keng miqyosda	She practiced speaking English widely every morning.	U har tong inglizcha so'zlashuvni keng miqyosda tarzda mashq qildi.		/widely/	1510
willingly	B1	adv.	bajonidil, o'z xohishi bilan	She practiced speaking English willingly every morning.	U har tong inglizcha so'zlashuvni bajonidil tarzda mashq qildi.		/willingly/	1511
wisely	B1	adv.	oqilona tarzda	She practiced speaking English wisely every morning.	U har tong inglizcha so'zlashuvni oqilona tarzda tarzda mashq qildi.		/wisely/	1512
wonderfully	A2	adv.	ajoyib tarzda	She practiced speaking English wonderfully every morning.	U har tong inglizcha so'zlashuvni ajoyib tarzda tarzda mashq qildi.		/wonderfully/	1513
worldwide	B1	adv.	butun dunyo bo'ylab	She practiced speaking English worldwide every morning.	U har tong inglizcha so'zlashuvni butun dunyo bo'ylab tarzda mashq qildi.		/worldwide/	1514
wrongly	B1	adv.	noto'g'ri tarzda	She practiced speaking English wrongly every morning.	U har tong inglizcha so'zlashuvni noto'g'ri tarzda tarzda mashq qildi.		/wrongly/	1515
yearly	B1	adv.	har yili	She practiced speaking English yearly every morning.	U har tong inglizcha so'zlashuvni har yili tarzda mashq qildi.		/yearly/	1516
yet	A2	adv.	hali, hanuz	She practiced speaking English yet every morning.	U har tong inglizcha so'zlashuvni hali tarzda mashq qildi.		/yet/	1517
abandon	B2	v.	tashlab ketmoq, voz kechmoq	Never abandon your high ideals.	Yuksak maqsadlaringizdan aslo voz kechmang.		/abandon/	1518
abstract	B2	adj.	mavhum, abstrakt	Think through abstract concepts patiently.	Mavhum tushunchalarni sabr bilan tahlil qiling.		/abstract/	1519
academy	B1	n.	akademiya, oliy dargoh	IBRAT Academy offers fantastic free lessons.	IBRAT Akademiyasi ajoyib bepul darslarni taqdim etadi.		/academy/	1520
accelerate	B2	v.	tezlashtirmoq	Daily reading will accelerate your progress.	Kunlik mutolaa o'sishingizni tezlashtiradi.		/accelerate/	1521
accommodate	B2	v.	joylashtirmoq, moslashmoq	Our schedule accommodates prayer and study.	Jadvalimiz namoz va o'qishni o'zida uyg'unlashtiradi.		/accommodate/	1522
accumulate	B2	v.	to'plamoq, jamlamoq	Accumulate knowledge day after day.	Kundan-kunga bilim to'plab boring.		/accumulate/	1523
acknowledge	B2	v.	tan olmoq, e'tirof etmoq	Acknowledge every small step forward.	Har bir kichik olg'a qadamni e'tirof eting.		/acknowledge/	1524
adjacent	B2	adj.	qo'shni, yondosh	The library is adjacent to our school.	Kutubxona maktabimizga yondosh joylashgan.		/adjacent/	1525
advocate	B2	v.	tarafdor bo'lmoq, yoqlamoq	We advocate deep learning over cramming.	Biz yuzaki yodlashdan ko'ra chuqur tushunish tarafdorimiz.		/advocate/	1526
aesthetic	C1	adj.	estetik, go'zal	Liquid Glass design has an aesthetic appeal.	Liquid Glass dizayni estetik jozibaga ega.		/aesthetic/	1527
aggregate	B2	adj.	umumiy, jamlangan	The aggregate score exceeded ninety percent.	Umumiy ball to'qson foizdan oshdi.		/aggregate/	1528
albeit	C1	conj.	garchi, shunday bo'lsa-da	He progressed steadily, albeit slowly.	U sekin bo'lsa-da, barqaror o'sib bordi.		/albeit/	1529
align	B2	v.	muvofiqlashtirmoq, bir chiziqqa keltirmoq	Align your daily habits with your grand dream.	Kunlik odatlaringizni buyuk orzungiz bilan muvofiqlashtiring.		/align/	1530
ambiguous	B2	adj.	noaniq, ikki xil ma'noli	Avoid ambiguous wording in your reports.	Hisobotlaringizda noaniq so'zlardan qoching.		/ambiguous/	1531
amend	B2	v.	o'zgartirish kiritmoq, tuzatmoq	Amend your schedule when priorities shift.	Ustuvorliklar o'zgarganda jadvalingizga tuzatish kiriting.		/amend/	1532
analogy	B2	n.	qiyoslash, o'xshatish	Use an analogy to explain the difficult concept.	Qiyin tushunchani tushuntirish uchun o'xshatishdan foydalaning.		/analogy/	1533
anomaly	C1	n.	anomaliya, noodatiy holat	Track any anomaly in your sleep metrics.	Uyqu ko'rsatkichlaridagi har qanday noodatiy holatni kuzating.		/anomaly/	1534
apparatus	B2	n.	uskuna, asbob, apparat	The laboratory possesses modern research apparatus.	Laboratoriya zamonaviy tadqiqot uskunalariga ega.		/apparatus/	1535
appendix	B2	n.	ilova, qo'shimcha qism	Check the vocabulary appendix at the back.	Kitob orqasidagi lug'at ilovasini ko'ring.		/appendix/	1536
arbitrary	B2	adj.	ixtiyoriy, tasodifiy	Never make arbitrary changes to your schedule.	Jadvalingizga tasodifiy o'zgartirishlar kiritmang.		/arbitrary/	1537
archive	B2	n.	arxiv	Review the saved journal archive regularly.	Saqlangan kundalik arxivini muntazam ko'rib chiqing.		/archive/	1538
authentic	B2	adj.	haqiqiy, asl	Listen to authentic English podcasts daily.	Har kuni asl ingliz tilidagi podkastlarni tinglang.		/authentic/	1539
autonomous	C1	adj.	mustaqil, avtonom	Become an autonomous lifelong learner.	Mustaqil, umrbod o'rganuvchi insonga aylaning.		/autonomous/	1540
benchmark	B2	n.	mezon, etalon	Use Oxford 3000 as your vocabulary benchmark.	Oxford 3000 ni lug'at mezoniz sifatida oling.		/benchmark/	1541
brevity	C1	n.	qisqalik, siqiqlik	Brevity is the soul of wit.	Qisqalik — zukkolikning belgisidir.		/brevity/	1542
capability	B2	n.	qobiliyat, imkoniyat	Expand your mental capability through study.	O'qish orqali aqliy imkoniyatingizni kengaytiring.		/capability/	1543
catalyst	B2	n.	katalizator, turtki	Discipline is the catalyst for massive achievement.	Intizom — ulkan yutuqlar uchun asosiy turtkidir.		/catalyst/	1544
chronological	B2	adj.	xronologik, vaqt tartibidagi	Arrange events in chronological sequence.	Voqealarni xronologik tartibda joylashtiring.		/chronological/	1545
clarity	B2	n.	tiniqlik, ravshanlik	Morning silence brings deep mental clarity.	Tonggi sukunat chuqur aqliy tiniqlik olib keladi.		/clarity/	1546
cognitive	B2	adj.	kognitiv, bilishga oid	Challenging tasks build cognitive strength.	Qiyin vazifalar aqliy quvvatni mustahkamlaydi.		/cognitive/	1547
coherent	B2	adj.	mantiqiy, bog'langan	Speak with coherent and fluid ideas.	Mantiqiy va ravon fikrlar bilan so'zlang.		/coherent/	1548
coincide	B2	v.	mos kelmoq, to'g'ri kelmoq	Our study session coincides with sunrise.	O'qish vaqtimiz quyosh chiqishi bilan to'g'ri keladi.		/coincide/	1549
commodity	B2	n.	tovar, mahsulot	Time is the most valuable commodity on earth.	Vaqt — yerdagi eng qimmatli boylikdir.		/commodity/	1550
compatible	B2	adj.	mos, mutanosib	Ensure all libraries are compatible.	Barcha kutubxonalar bir-biriga mos ekaniga ishonch hosil qiling.		/compatible/	1551
competence	B2	n.	malaka, mahorat	Develop deep competence in grammar and syntax.	Grammatika va sintaksisda chuqur malaka hosil qiling.		/competence/	1552
complement	B2	v.	to'ldirmoq, boyitmoq	Listening complements reading practice.	Eshitish mashqi o'qish amaliyotini to'ldiradi.		/complement/	1553
comprise	B2	v.	tashkil topmoq, o'z ichiga olmoq	The Oxford 3000 comprises core English words.	Oxford 3000 eng asosiy inglizcha so'zlardan tashkil topgan.		/comprise/	1554
compute	B2	v.	hisoblamoq	Compute your daily study hours accurately.	Kunlik o'qish soatlaringizni aniq hisoblang.		/compute/	1555
conceive	B2	v.	o'ylab topmoq, tasavvur qilmoq	Conceive creative solutions to problems.	Muammolarga ijodiy yechimlar o'ylab toping.		/conceive/	1556
concurrent	B2	adj.	bir vaqtda yuz beradigan	Manage concurrent tasks with calm focus.	Bir vaqtdagi vazifalarni xotirjam diqqat bilan bajaring.		/concurrent/	1557
conduct	B2	v.	o'tkazmoq, olib bormoq	Conduct a weekly self-assessment.	Haftalik o'z-o'zini baholashni o'tkazing.		/conduct/	1558
conform	B2	v.	mos kelmoq, rioya qilmoq	Conform to the proven laws of habit formation.	Odat shakllanishining isbotlangan qoidalariga rioya qiling.		/conform/	1559
consent	B2	n.	rozilik	Give your full consent to self-discipline.	O'z-o'zini tarbiyalashga chin dildan rozilik bering.		/consent/	1560
consequent	B2	adj.	oqibatda kelib chiqadigan	Hard work brings consequent success.	Tirishqoqlik o'z ortidan muvaffaqiyat keltiradi.		/consequent/	1561
considerable	B2	adj.	sezilarli, salmoqli	You will make considerable progress this month.	Bu oyda siz salmoqli o'sishga erishasiz.		/considerable/	1562
consist	A2	v.	iborat bo'lmoq	Success consists of small daily victories.	Muvaffaqiyat kichik kunlik g'alabalardan iboratdir.		/consist/	1563
constitute	B2	v.	tashkil etmoq	Daily habits constitute your future character.	Kunlik odatlar kelajakdagi xarakteringizni tashkil etadi.		/constitute/	1564
constrain	B2	v.	cheklamoq, to'smoq	Never feel constrained by past failures.	O'tgan muvaffaqiyatsizliklar sizni cheklashiga yo'l qo'ymang.		/constrain/	1565
consult	A2	v.	maslahatlashmoq, qaramoq	Consult your teacher on difficult Murphy units.	Qiyin Merfi darslarida ustozingiz bilan maslahatlashing.		/consult/	1566
contemporary	B2	adj.	zamonaviy	Listen to contemporary BBC discussions.	Zamonaviy BBC munozaralarini tinglang.		/contemporary/	1567
contradict	B2	v.	zid kelmoq, inkor qilmoq	Never contradict your own core ethics.	O'zingizning axloqiy tamoyillaringizga zid bormang.		/contradict/	1568
contrary	B2	adj.	teskari, zid	On the contrary, challenges make you stronger.	Aksincha, qiyinchiliklar sizni yanada kuchli qiladi.		/contrary/	1569
controversy	B2	n.	bahs-munozara	Avoid useless online controversy.	Foydasiz internet tortishuvlaridan uzoq turing.		/controversy/	1570
convene	B2	v.	chaqirmoq, yig'ilmoq	Students convene for speaking club at four.	Talabalar soat to'rtda so'zlashuv klubiga yig'ilishadi.		/convene/	1571
converse	B2	v.	suhbatlashmoq	Converse in English with confidence.	Ingliz tilida ishonch bilan suhbatlashing.		/converse/	1572
convince	B1	v.	ishontirmoq	Convince yourself that you can achieve fluency.	Ravon gapira olishingizga o'zingizni ishontiring.		/convince/	1573
cooperate	B1	v.	hamkorlik qilmoq	Cooperate with peers on coding assignments.	Dasturlash topshiriqlarida tengdoshlar bilan hamkorlik qiling.		/cooperate/	1574
core	B2	adj., n.	asosiy, o'zak	Focus on core English grammar patterns.	Ingliz tili grammatikasining asosiy o'zagiga e'tibor qarating.		/core/	1575
corporate	B2	adj.	korporativ, kompaniyaga oid	Learn corporate business vocabulary.	Korporativ biznes so'zlarini o'rganing.		/corporate/	1576
correspond	B2	v.	mos kelmoq, xat yozishmoq	Actions must correspond with words.	Amallar so'zlarga mos kelishi shart.		/correspond/	1577
deduce	B2	v.	xulosa chiqarmoq	Deduce the word meaning from sentence context.	So'z ma'nosini gap kontekstidan xulosa qilib oling.		/deduce/	1578
denote	B2	v.	anglatmoq, bildirmoq	This prefix denotes negative meaning.	Ushbu qo'shimcha inkor ma'nosini bildiradi.		/denote/	1579
deny	B1	v.	inkor qilmoq, rad etmoq	Never deny yourself the joy of learning.	O'zingizdan o'rganish quvonchini aslo qizg'anmang.		/deny/	1580
depict	B2	v.	tasvirlamoq	The author depicts life with vibrant colors.	Muallif hayotni yorqin ranglarda tasvirlaydi.		/depict/	1581
derive	B2	v.	olmoq, kelib chiqmoq	Derive profound satisfaction from hard work.	Tirishqoq mehnatdan chuqur mamnuniyat oling.		/derive/	1582
deviate	B2	v.	chetga chiqmoq, adashmoq	Do not deviate from your established timetable.	Belgilangan dars jadvalingizdan chetga chiqmang.		/deviate/	1583
differentiate	B2	v.	farqlamoq, ajratmoq	Differentiate between similar English words.	O'xshash inglizcha so'zlar orasidagi farqni ajrating.		/differentiate/	1584
dimension	B2	n.	o'lchov, jihat	Language learning adds a new dimension to life.	Til o'rganish hayotga yangi jihat bag'ishlaydi.		/dimension/	1585
diminish	B2	v.	kamaymoq, susaymoq	Doubts diminish when action begins.	Harakat boshlanganda shubhalar so'nadi.		/diminish/	1586
discrete	B2	adj.	alohida, bo'lingan	Break your study into discrete thirty-minute blocks.	O'qishingizni alohida o'ttiz daqiqalik bloklarga bo'ling.		/discrete/	1587
discriminate	B2	v.	ajratmoq; kamsitmoq	Learn to discriminate between good and great.	Yaxshi bilan a'lo o'rtasidagi farqni ajratishni o'rganing.		/discriminate/	1588
displace	B2	v.	o'rnini olmoq, siqib chiqarmoq	Good habits displace useless distractions.	Yaxshi odatlar foydasiz chalg'ishlarni siqib chiqaradi.		/displace/	1589
dispose	B2	v.	yo'q qilmoq, tartibga solmoq	Dispose of wasteful habits once and for all.	Vaqtni o'g'irlaydigan odatlardan butunlay xalos bo'ling.		/dispose/	1590
distort	B2	v.	buzmoq, noto'g'ri ko'rsatmoq	Never distort historical facts.	Tarixiy faktlarni aslo buzib ko'rsatmang.		/distort/	1591
draft	B1	n., v.	qoralama; qoralama qilmoq	Write a rough draft before polishing.	Tahrirlashdan oldin qoralama yozing.		/draft/	1592
duration	B2	n.	davomiylik	Gradually extend the duration of deep study.	Chuqur o'qish davomiyligini asta-sekin uzaytiring.		/duration/	1593
empirical	C1	adj.	tajribaviy, empirik	Base your habits on empirical evidence.	Odatlaringizni tajribada isbotlangan dalillarga asoslang.		/empirical/	1594
site	B1	n.	o'tirmoq	The site plays an important role in daily life.	Kundalik hayotda o'tirmoq muhim oʻrin tutadi.		/site/	1595
name	B1	v./n.	nomlamoq; ism	You should practice how to name properly in real conversation.	Siz haqiqiy suhbatda toʻgʻri nomlamoqni mashq qilishingiz kerak.		/name/	1596
state	B1	v./n.	bayon qilmoq; davlat	You should practice how to state properly in real conversation.	Siz haqiqiy suhbatda toʻgʻri bayon qilmoqni mashq qilishingiz kerak.		/state/	1597
health	B1	n.	tuzalmoq	The health plays an important role in daily life.	Kundalik hayotda tuzalmoq muhim oʻrin tutadi.		/health/	1598
used	B1	n.	foydalanmoq	The used plays an important role in daily life.	Kundalik hayotda foydalanmoq muhim oʻrin tutadi.		/used/	1599
buy	B1	v./n.	sotib olmoq	You should practice how to buy properly in real conversation.	Siz haqiqiy suhbatda toʻgʻri sotib olmoqni mashq qilishingiz kerak.		/buy/	1600
post	B1	v./n.	joylashtirmoq (post)	You should practice how to post properly in real conversation.	Siz haqiqiy suhbatda toʻgʻri joylashtirmoq (post)ni mashq qilishingiz kerak.		/post/	1601
links	B1	n.	bog'lamoq	The links plays an important role in daily life.	Kundalik hayotda bog'lamoq muhim oʻrin tutadi.		/links/	1602
need	B1	v./n.	muhtoj bo'lmoq	You should practice how to need properly in real conversation.	Siz haqiqiy suhbatda toʻgʻri muhtoj bo'lmoqni mashq qilishingiz kerak.		/need/	1603
user	B1	n.	foydalanmoq	The user plays an important role in daily life.	Kundalik hayotda foydalanmoq muhim oʻrin tutadi.		/user/	1604
does	B1	n.	bajarmoq	The does plays an important role in daily life.	Kundalik hayotda bajarmoq muhim oʻrin tutadi.		/does/	1605
reviews	B1	n.	takrorlamoq, ko'rib chiqmoq	The reviews plays an important role in daily life.	Kundalik hayotda takrorlamoq muhim oʻrin tutadi.		/reviews/	1606
management	B1	n.	boshqarmoq, uddalamoq holati / jarayoni	The management plays an important role in daily life.	Kundalik hayotda boshqarmoq muhim oʻrin tutadi.		/management/	1607
united	B1	n.	birlashmoq	The united plays an important role in daily life.	Kundalik hayotda birlashmoq muhim oʻrin tutadi.		/united/	1608
store	B1	v./n.	saqlamoq; do'kon	You should practice how to store properly in real conversation.	Siz haqiqiy suhbatda toʻgʻri saqlamoqni mashq qilishingiz kerak.		/store/	1609
posted	B1	n.	joylashtirmoq (post)	The posted plays an important role in daily life.	Kundalik hayotda joylashtirmoq (post) muhim oʻrin tutadi.		/posted/	1610
states	B1	n.	bayon qilmoq; davlat	The states plays an important role in daily life.	Kundalik hayotda bayon qilmoq muhim oʻrin tutadi.		/states/	1611
between	B1	n.	garov boylamoq	The between plays an important role in daily life.	Kundalik hayotda garov boylamoq muhim oʻrin tutadi.		/between/	1612
based	B1	n.	asoslamoq; asos	The based plays an important role in daily life.	Kundalik hayotda asoslamoq muhim oʻrin tutadi.		/based/	1613
link	B1	v./n.	bog'lamoq	You should practice how to link properly in real conversation.	Siz haqiqiy suhbatda toʻgʻri bog'lamoqni mashq qilishingiz kerak.		/link/	1614
own	B1	v./n.	egalik qilmoq	You should practice how to own properly in real conversation.	Siz haqiqiy suhbatda toʻgʻri egalik qilmoqni mashq qilishingiz kerak.		/own/	1615
found	B1	v./n.	asos solmoq	You should practice how to found properly in real conversation.	Siz haqiqiy suhbatda toʻgʻri asos solmoqni mashq qilishingiz kerak.		/found/	1616
related	B1	n.	aloqador bo'lmoq	The related plays an important role in daily life.	Kundalik hayotda aloqador bo'lmoq muhim oʻrin tutadi.		/related/	1617
county	B1	n.	sanamoq	The county plays an important role in daily life.	Kundalik hayotda sanamoq muhim oʻrin tutadi.		/county/	1618
down	B1	n.	bajarmoq	The down plays an important role in daily life.	Kundalik hayotda bajarmoq muhim oʻrin tutadi.		/down/	1619
place	B1	v./n.	joylashtirmoq; joy	You should practice how to place properly in real conversation.	Siz haqiqiy suhbatda toʻgʻri joylashtirmoqni mashq qilishingiz kerak.		/place/	1620
end	B1	v./n.	tugatmoq; oxir	You should practice how to end properly in real conversation.	Siz haqiqiy suhbatda toʻgʻri tugatmoqni mashq qilishingiz kerak.		/end/	1621
following	B1	n.	ergashmoq, kuzatmoq	The following plays an important role in daily life.	Kundalik hayotda ergashmoq muhim oʻrin tutadi.		/following/	1622
access	B1	v./n.	kirish huquqi, foydalanish	You should practice how to access properly in real conversation.	Siz haqiqiy suhbatda toʻgʻri kirish huquqini mashq qilishingiz kerak.		/access/	1623
posts	B1	n.	joylashtirmoq (post)	The posts plays an important role in daily life.	Kundalik hayotda joylashtirmoq (post) muhim oʻrin tutadi.		/posts/	1624
shop	B1	v./n.	xarid qilmoq; do'kon	You should practice how to shop properly in real conversation.	Siz haqiqiy suhbatda toʻgʻri xarid qilmoqni mashq qilishingiz kerak.		/shop/	1625
directory	B1	n.	yo'naltirmoq	The directory plays an important role in daily life.	Kundalik hayotda yo'naltirmoq muhim oʻrin tutadi.		/directory/	1626
government	B1	n.	boshqarmoq holati / jarayoni	The government plays an important role in daily life.	Kundalik hayotda boshqarmoq holati / jarayoni muhim oʻrin tutadi.		/government/	1627
return	B1	v./n.	qaytmoq, qaytarmoq	You should practice how to return properly in real conversation.	Siz haqiqiy suhbatda toʻgʻri qaytmoqni mashq qilishingiz kerak.		/return/	1628
shopping	B1	n.	xarid qilmoq; do'kon	The shopping plays an important role in daily life.	Kundalik hayotda xarid qilmoq muhim oʻrin tutadi.		/shopping/	1629
sites	B1	n.	o'tirmoq	The sites plays an important role in daily life.	Kundalik hayotda o'tirmoq muhim oʻrin tutadi.		/sites/	1630
love	B1	v./n.	sevmoq	You should practice how to love properly in real conversation.	Siz haqiqiy suhbatda toʻgʻri sevmoqni mashq qilishingiz kerak.		/love/	1631
call	B1	v./n.	qo'ng'iroq qilmoq, chaqirmoq	You should practice how to call properly in real conversation.	Siz haqiqiy suhbatda toʻgʻri qo'ng'iroq qilmoqni mashq qilishingiz kerak.		/call/	1632
press	B1	v./n.	bosmoq	You should practice how to press properly in real conversation.	Siz haqiqiy suhbatda toʻgʻri bosmoqni mashq qilishingiz kerak.		/press/	1633
print	B1	v./n.	chop etmoq	You should practice how to print properly in real conversation.	Siz haqiqiy suhbatda toʻgʻri chop etmoqni mashq qilishingiz kerak.		/print/	1634
training	B1	n.	mashq qilmoq; poyezd	The training plays an important role in daily life.	Kundalik hayotda mashq qilmoq muhim oʻrin tutadi.		/training/	1635
windows	B1	n.	g'alaba qozonmoq	The windows plays an important role in daily life.	Kundalik hayotda g'alaba qozonmoq muhim oʻrin tutadi.		/windows/	1636
note	B1	v./n.	qayd etmoq	You should practice how to note properly in real conversation.	Siz haqiqiy suhbatda toʻgʻri qayd etmoqni mashq qilishingiz kerak.		/note/	1637
market	B1	n.	belgilamoq	The market plays an important role in daily life.	Kundalik hayotda belgilamoq muhim oʻrin tutadi.		/market/	1638
provided	B1	n.	ta'minlamoq	The provided plays an important role in daily life.	Kundalik hayotda ta'minlamoq muhim oʻrin tutadi.		/provided/	1639
required	B1	n.	talab qilmoq	The required plays an important role in daily life.	Kundalik hayotda talab qilmoq muhim oʻrin tutadi.		/required/	1640
questions	B1	n.	so'roq qilmoq	The questions plays an important role in daily life.	Kundalik hayotda so'roq qilmoq muhim oʻrin tutadi.		/questions/	1641
going	B1	n.	bormoq	The going plays an important role in daily life.	Kundalik hayotda bormoq muhim oʻrin tutadi.		/going/	1642
server	B1	n.	xizmat qilmoq	The server plays an important role in daily life.	Kundalik hayotda xizmat qilmoq muhim oʻrin tutadi.		/server/	1643
feedback	B1	n.	ovqatlantirmoq	The feedback plays an important role in daily life.	Kundalik hayotda ovqatlantirmoq muhim oʻrin tutadi.		/feedback/	1644
looking	B1	n.	qaramoq	The looking plays an important role in daily life.	Kundalik hayotda qaramoq muhim oʻrin tutadi.		/looking/	1645
users	B1	n.	foydalanmoq	The users plays an important role in daily life.	Kundalik hayotda foydalanmoq muhim oʻrin tutadi.		/users/	1646
working	B1	n.	ishlamoq	The working plays an important role in daily life.	Kundalik hayotda ishlamoq muhim oʻrin tutadi.		/working/	1647
standard	B1	n.	turmoq (tik)	The standard plays an important role in daily life.	Kundalik hayotda turmoq (tik) muhim oʻrin tutadi.		/standard/	1648
got	B1	n.	bormoq	The got plays an important role in daily life.	Kundalik hayotda bormoq muhim oʻrin tutadi.		/got/	1649
payment	B1	n.	to'lamoq holati / jarayoni	The payment plays an important role in daily life.	Kundalik hayotda to'lamoq holati / jarayoni muhim oʻrin tutadi.		/payment/	1650
offers	B1	n.	taklif qilmoq	The offers plays an important role in daily life.	Kundalik hayotda taklif qilmoq muhim oʻrin tutadi.		/offers/	1651
park	B1	v./n.	to'xtatmoq (mashinani)	You should practice how to park properly in real conversation.	Siz haqiqiy suhbatda toʻgʻri to'xtatmoq (mashinani)ni mashq qilishingiz kerak.		/park/	1652
stores	B1	n.	saqlamoq; do'kon	The stores plays an important role in daily life.	Kundalik hayotda saqlamoq muhim oʻrin tutadi.		/stores/	1653
performance	B1	n.	ijro etmoq	The performance plays an important role in daily life.	Kundalik hayotda ijro etmoq muhim oʻrin tutadi.		/performance/	1654
sell	B1	v./n.	sotmoq	You should practice how to sell properly in real conversation.	Siz haqiqiy suhbatda toʻgʻri sotmoqni mashq qilishingiz kerak.		/sell/	1655
important	B1	n.	import qilmoq	The important plays an important role in daily life.	Kundalik hayotda import qilmoq muhim oʻrin tutadi.		/important/	1656
single	B1	n.	kuylamoq	The single plays an important role in daily life.	Kundalik hayotda kuylamoq muhim oʻrin tutadi.		/single/	1657
password	B1	n.	o'tmoq, topshirmoq	The password plays an important role in daily life.	Kundalik hayotda o'tmoq muhim oʻrin tutadi.		/password/	1658
changes	B1	n.	o'zgartirmoq	The changes plays an important role in daily life.	Kundalik hayotda o'zgartirmoq muhim oʻrin tutadi.		/changes/	1659
seller	B1	n.	sotmoq	The seller plays an important role in daily life.	Kundalik hayotda sotmoq muhim oʻrin tutadi.		/seller/	1660
light	B1	v./n.	yoqmoq; yorug'	You should practice how to light properly in real conversation.	Siz haqiqiy suhbatda toʻgʻri yoqmoqni mashq qilishingiz kerak.		/light/	1661
given	B1	n.	bermoq	The given plays an important role in daily life.	Kundalik hayotda bermoq muhim oʻrin tutadi.		/given/	1662
needs	B1	n.	muhtoj bo'lmoq	The needs plays an important role in daily life.	Kundalik hayotda muhtoj bo'lmoq muhim oʻrin tutadi.		/needs/	1663
meeting	B1	n.	uchrashmoq	The meeting plays an important role in daily life.	Kundalik hayotda uchrashmoq muhim oʻrin tutadi.		/meeting/	1664
interest	B1	v./n.	qiziqtirmoq	You should practice how to interest properly in real conversation.	Siz haqiqiy suhbatda toʻgʻri qiziqtirmoqni mashq qilishingiz kerak.		/interest/	1665
added	B1	n.	qo'shmoq	The added plays an important role in daily life.	Kundalik hayotda qo'shmoq muhim oʻrin tutadi.		/added/	1666
reference	B1	n.	havola qilmoq	The reference plays an important role in daily life.	Kundalik hayotda havola qilmoq muhim oʻrin tutadi.		/reference/	1667
learning	B1	n.	o'rganmoq	The learning plays an important role in daily life.	Kundalik hayotda o'rganmoq muhim oʻrin tutadi.		/learning/	1668
run	B1	v./n.	yugurmoq, boshqarmoq	You should practice how to run properly in real conversation.	Siz haqiqiy suhbatda toʻgʻri yugurmoqni mashq qilishingiz kerak.		/run/	1669
put	B1	v./n.	qo'ymoq	You should practice how to put properly in real conversation.	Siz haqiqiy suhbatda toʻgʻri qo'ymoqni mashq qilishingiz kerak.		/put/	1670
reports	B1	n.	hisobot bermoq	The reports plays an important role in daily life.	Kundalik hayotda hisobot bermoq muhim oʻrin tutadi.		/reports/	1671
includes	B1	n.	o'z ichiga olmoq	The includes plays an important role in daily life.	Kundalik hayotda o'z ichiga olmoq muhim oʻrin tutadi.		/includes/	1672
format	B1	n.	shakllantirmoq; shakl	The format plays an important role in daily life.	Kundalik hayotda shakllantirmoq muhim oʻrin tutadi.		/format/	1673
trade	B1	v./n.	savdo qilmoq	You should practice how to trade properly in real conversation.	Siz haqiqiy suhbatda toʻgʻri savdo qilmoqni mashq qilishingiz kerak.		/trade/	1674
tell	B1	v./n.	aytmoq	You should practice how to tell properly in real conversation.	Siz haqiqiy suhbatda toʻgʻri aytmoqni mashq qilishingiz kerak.		/tell/	1675
updated	B1	n.	yangilamoq	The updated plays an important role in daily life.	Kundalik hayotda yangilamoq muhim oʻrin tutadi.		/updated/	1676
provides	B1	n.	ta'minlamoq	The provides plays an important role in daily life.	Kundalik hayotda ta'minlamoq muhim oʻrin tutadi.		/provides/	1677
drive	B1	v./n.	haydamoq	You should practice how to drive properly in real conversation.	Siz haqiqiy suhbatda toʻgʻri haydamoqni mashq qilishingiz kerak.		/drive/	1678
gold	B1	n.	bormoq	The gold plays an important role in daily life.	Kundalik hayotda bormoq muhim oʻrin tutadi.		/gold/	1679
called	B1	n.	qo'ng'iroq qilmoq, chaqirmoq	The called plays an important role in daily life.	Kundalik hayotda qo'ng'iroq qilmoq muhim oʻrin tutadi.		/called/	1680
limited	B1	n.	cheklamoq	The limited plays an important role in daily life.	Kundalik hayotda cheklamoq muhim oʻrin tutadi.		/limited/	1681
means	B1	n.	anglatmoq	The means plays an important role in daily life.	Kundalik hayotda anglatmoq muhim oʻrin tutadi.		/means/	1682
planning	B1	n.	rejalashtirmoq	The planning plays an important role in daily life.	Kundalik hayotda rejalashtirmoq muhim oʻrin tutadi.		/planning/	1683
says	B1	n.	aytmoq	The says plays an important role in daily life.	Kundalik hayotda aytmoq muhim oʻrin tutadi.		/says/	1684
land	B1	v./n.	qo'nmoq; yer	You should practice how to land properly in real conversation.	Siz haqiqiy suhbatda toʻgʻri qo'nmoqni mashq qilishingiz kerak.		/land/	1685
done	B1	n.	bajarmoq	The done plays an important role in daily life.	Kundalik hayotda bajarmoq muhim oʻrin tutadi.		/done/	1686
window	B1	n.	g'alaba qozonmoq	The window plays an important role in daily life.	Kundalik hayotda g'alaba qozonmoq muhim oʻrin tutadi.		/window/	1687
records	B1	n.	yozib olmoq; rekord	The records plays an important role in daily life.	Kundalik hayotda yozib olmoq muhim oʻrin tutadi.		/records/	1688
costs	B1	n.	turmoq (narx)	The costs plays an important role in daily life.	Kundalik hayotda turmoq (narx) muhim oʻrin tutadi.		/costs/	1689
statement	B1	n.	bayon qilmoq; davlat holati / jarayoni	The statement plays an important role in daily life.	Kundalik hayotda bayon qilmoq muhim oʻrin tutadi.		/statement/	1690
sound	B1	v./n.	yangramoq; tovush	You should practice how to sound properly in real conversation.	Siz haqiqiy suhbatda toʻgʻri yangramoqni mashq qilishingiz kerak.		/sound/	1691
present	B1	v./n.	taqdim etmoq	You should practice how to present properly in real conversation.	Siz haqiqiy suhbatda toʻgʻri taqdim etmoqni mashq qilishingiz kerak.		/present/	1692
works	B1	n.	ishlamoq	The works plays an important role in daily life.	Kundalik hayotda ishlamoq muhim oʻrin tutadi.		/works/	1693
rules	B1	n.	boshqarmoq; qoida	The rules plays an important role in daily life.	Kundalik hayotda boshqarmoq muhim oʻrin tutadi.		/rules/	1694
reading	B1	n.	o'qimoq	The reading plays an important role in daily life.	Kundalik hayotda o'qimoq muhim oʻrin tutadi.		/reading/	1695
getting	B1	n.	olmoq, erishmoq	The getting plays an important role in daily life.	Kundalik hayotda olmoq muhim oʻrin tutadi.		/getting/	1696
player	B1	n.	o'ynamoq	The player plays an important role in daily life.	Kundalik hayotda o'ynamoq muhim oʻrin tutadi.		/player/	1697
included	B1	n.	o'z ichiga olmoq	The included plays an important role in daily life.	Kundalik hayotda o'z ichiga olmoq muhim oʻrin tutadi.		/included/	1698
thanks	B1	n.	minnatdorchilik bildirmoq	The thanks plays an important role in daily life.	Kundalik hayotda minnatdorchilik bildirmoq muhim oʻrin tutadi.		/thanks/	1699
deals	B1	n.	shug'ullanmoq, bitim tuzmoq	The deals plays an important role in daily life.	Kundalik hayotda shug'ullanmoq muhim oʻrin tutadi.		/deals/	1700
weight	B1	n.	tortmoq (vazn)	The weight plays an important role in daily life.	Kundalik hayotda tortmoq (vazn) muhim oʻrin tutadi.		/weight/	1701
heart	B1	n.	eshitmoq	The heart plays an important role in daily life.	Kundalik hayotda eshitmoq muhim oʻrin tutadi.		/heart/	1702
received	B1	n.	qabul qilib olmoq	The received plays an important role in daily life.	Kundalik hayotda qabul qilib olmoq muhim oʻrin tutadi.		/received/	1703
choose	B1	v./n.	tanlamoq	You should practice how to choose properly in real conversation.	Siz haqiqiy suhbatda toʻgʻri tanlamoqni mashq qilishingiz kerak.		/choose/	1704
treatment	B1	n.	muomala qilmoq, davolamoq holati / jarayoni	The treatment plays an important role in daily life.	Kundalik hayotda muomala qilmoq muhim oʻrin tutadi.		/treatment/	1705
points	B1	n.	ko'rsatmoq; nuqta	The points plays an important role in daily life.	Kundalik hayotda ko'rsatmoq muhim oʻrin tutadi.		/points/	1706
registered	B1	n.	ro'yxatdan o'tmoq	The registered plays an important role in daily life.	Kundalik hayotda ro'yxatdan o'tmoq muhim oʻrin tutadi.		/registered/	1707
golf	B1	n.	bormoq	The golf plays an important role in daily life.	Kundalik hayotda bormoq muhim oʻrin tutadi.		/golf/	1708
makes	B1	n.	qilmoq, yaratmoq	The makes plays an important role in daily life.	Kundalik hayotda qilmoq muhim oʻrin tutadi.		/makes/	1709
protection	B1	n.	himoya qilmoq holati / jarayoni	The protection plays an important role in daily life.	Kundalik hayotda himoya qilmoq holati / jarayoni muhim oʻrin tutadi.		/protection/	1710
manager	B1	n.	boshqarmoq, uddalamoq	The manager plays an important role in daily life.	Kundalik hayotda boshqarmoq muhim oʻrin tutadi.		/manager/	1711
taken	B1	n.	olmoq	The taken plays an important role in daily life.	Kundalik hayotda olmoq muhim oʻrin tutadi.		/taken/	1712
sort	B1	v./n.	saralamoq	You should practice how to sort properly in real conversation.	Siz haqiqiy suhbatda toʻgʻri saralamoqni mashq qilishingiz kerak.		/sort/	1713
known	B1	n.	bilmoq	The known plays an important role in daily life.	Kundalik hayotda bilmoq muhim oʻrin tutadi.		/known/	1714
published	B1	n.	nashr etmoq	The published plays an important role in daily life.	Kundalik hayotda nashr etmoq muhim oʻrin tutadi.		/published/	1715
shows	B1	n.	ko'rsatmoq	The shows plays an important role in daily life.	Kundalik hayotda ko'rsatmoq muhim oʻrin tutadi.		/shows/	1716
google	B1	n.	bormoq	The google plays an important role in daily life.	Kundalik hayotda bormoq muhim oʻrin tutadi.		/google/	1717
purchase	B1	v./n.	xarid qilmoq	You should practice how to purchase properly in real conversation.	Siz haqiqiy suhbatda toʻgʻri xarid qilmoqni mashq qilishingiz kerak.		/purchase/	1718
designed	B1	n.	loyihalashtirmoq	The designed plays an important role in daily life.	Kundalik hayotda loyihalashtirmoq muhim oʻrin tutadi.		/designed/	1719
countries	B1	n.	sanamoq	The countries plays an important role in daily life.	Kundalik hayotda sanamoq muhim oʻrin tutadi.		/countries/	1720
created	B1	n.	yaratmoq	The created plays an important role in daily life.	Kundalik hayotda yaratmoq muhim oʻrin tutadi.		/created/	1721
standards	B1	n.	turmoq (tik)	The standards plays an important role in daily life.	Kundalik hayotda turmoq (tik) muhim oʻrin tutadi.		/standards/	1722
yellow	B1	n.	baqirmoq	The yellow plays an important role in daily life.	Kundalik hayotda baqirmoq muhim oʻrin tutadi.		/yellow/	1723
doing	B1	n.	bajarmoq	The doing plays an important role in daily life.	Kundalik hayotda bajarmoq muhim oʻrin tutadi.		/doing/	1724
orders	B1	n.	buyurtma bermoq, buyurmoq	The orders plays an important role in daily life.	Kundalik hayotda buyurtma bermoq muhim oʻrin tutadi.		/orders/	1725
growth	B1	n.	o'smoq	The growth plays an important role in daily life.	Kundalik hayotda o'smoq muhim oʻrin tutadi.		/growth/	1726
notes	B1	n.	qayd etmoq	The notes plays an important role in daily life.	Kundalik hayotda qayd etmoq muhim oʻrin tutadi.		/notes/	1727
copy	B1	v./n.	nusxalash	You should practice how to copy properly in real conversation.	Siz haqiqiy suhbatda toʻgʻri nusxalashni mashq qilishingiz kerak.		/copy/	1728
package	B1	n.	joylamoq	The package plays an important role in daily life.	Kundalik hayotda joylamoq muhim oʻrin tutadi.		/package/	1729
seen	B1	n.	ko'rmoq	The seen plays an important role in daily life.	Kundalik hayotda ko'rmoq muhim oʻrin tutadi.		/seen/	1730
players	B1	n.	o'ynamoq	The players plays an important role in daily life.	Kundalik hayotda o'ynamoq muhim oʻrin tutadi.		/players/	1731
stop	B1	v./n.	to'xtamoq	You should practice how to stop properly in real conversation.	Siz haqiqiy suhbatda toʻgʻri to'xtamoqni mashq qilishingiz kerak.		/stop/	1732
started	B1	n.	boshlamoq	The started plays an important role in daily life.	Kundalik hayotda boshlamoq muhim oʻrin tutadi.		/started/	1733
views	B1	n.	qaramoq; ko'rinish	The views plays an important role in daily life.	Kundalik hayotda qaramoq muhim oʻrin tutadi.		/views/	1734
plans	B1	n.	rejalashtirmoq	The plans plays an important role in daily life.	Kundalik hayotda rejalashtirmoq muhim oʻrin tutadi.		/plans/	1735
benefits	B1	n.	foyda ko'rmoq; foyda	The benefits plays an important role in daily life.	Kundalik hayotda foyda ko'rmoq muhim oʻrin tutadi.		/benefits/	1736
needed	B1	n.	muhtoj bo'lmoq	The needed plays an important role in daily life.	Kundalik hayotda muhtoj bo'lmoq muhim oʻrin tutadi.		/needed/	1737
printer	B1	n.	chop etmoq	The printer plays an important role in daily life.	Kundalik hayotda chop etmoq muhim oʻrin tutadi.		/printer/	1738
asked	B1	n.	so'ramoq	The asked plays an important role in daily life.	Kundalik hayotda so'ramoq muhim oʻrin tutadi.		/asked/	1739
selection	B1	n.	tanlamoq holati / jarayoni	The selection plays an important role in daily life.	Kundalik hayotda tanlamoq holati / jarayoni muhim oʻrin tutadi.		/selection/	1740
running	B1	n.	yugurmoq, boshqarmoq	The running plays an important role in daily life.	Kundalik hayotda yugurmoq muhim oʻrin tutadi.		/running/	1741
names	B1	n.	nomlamoq; ism	The names plays an important role in daily life.	Kundalik hayotda nomlamoq muhim oʻrin tutadi.		/names/	1742
sellers	B1	n.	sotmoq	The sellers plays an important role in daily life.	Kundalik hayotda sotmoq muhim oʻrin tutadi.		/sellers/	1743
values	B1	n.	qadrlamoq; qiymat	The values plays an important role in daily life.	Kundalik hayotda qadrlamoq muhim oʻrin tutadi.		/values/	1744
returns	B1	n.	qaytmoq, qaytarmoq	The returns plays an important role in daily life.	Kundalik hayotda qaytmoq muhim oʻrin tutadi.		/returns/	1745
investment	B1	n.	sarmoya kiritmoq holati / jarayoni	The investment plays an important role in daily life.	Kundalik hayotda sarmoya kiritmoq holati / jarayoni muhim oʻrin tutadi.		/investment/	1746
shown	B1	n.	ko'rsatmoq	The shown plays an important role in daily life.	Kundalik hayotda ko'rsatmoq muhim oʻrin tutadi.		/shown/	1747
starting	B1	n.	boshlamoq	The starting plays an important role in daily life.	Kundalik hayotda boshlamoq muhim oʻrin tutadi.		/starting/	1748
letter	B1	n.	ruxsat bermoq	The letter plays an important role in daily life.	Kundalik hayotda ruxsat bermoq muhim oʻrin tutadi.		/letter/	1749
releases	B1	n.	ozod qilmoq, chiqarmoq	The releases plays an important role in daily life.	Kundalik hayotda ozod qilmoq muhim oʻrin tutadi.		/releases/	1750
located	B1	n.	joylashtirmoq, topmoq	The located plays an important role in daily life.	Kundalik hayotda joylashtirmoq muhim oʻrin tutadi.		/located/	1751
comes	B1	n.	kelmoq	The comes plays an important role in daily life.	Kundalik hayotda kelmoq muhim oʻrin tutadi.		/comes/	1752
forms	B1	n.	shakllantirmoq; shakl	The forms plays an important role in daily life.	Kundalik hayotda shakllantirmoq muhim oʻrin tutadi.		/forms/	1753
wanted	B1	n.	xohlamoq	The wanted plays an important role in daily life.	Kundalik hayotda xohlamoq muhim oʻrin tutadi.		/wanted/	1754
developed	B1	n.	rivojlantirmoq	The developed plays an important role in daily life.	Kundalik hayotda rivojlantirmoq muhim oʻrin tutadi.		/developed/	1755
ready	B1	n.	o'qimoq	The ready plays an important role in daily life.	Kundalik hayotda o'qimoq muhim oʻrin tutadi.		/ready/	1756
paypal	B1	n.	to'lamoq	The paypal plays an important role in daily life.	Kundalik hayotda to'lamoq muhim oʻrin tutadi.		/paypal/	1757
cut	B1	v./n.	kesmoq	You should practice how to cut properly in real conversation.	Siz haqiqiy suhbatda toʻgʻri kesmoqni mashq qilishingiz kerak.		/cut/	1758
publisher	B1	n.	nashr etmoq	The publisher plays an important role in daily life.	Kundalik hayotda nashr etmoq muhim oʻrin tutadi.		/publisher/	1759
impact	B1	v./n.	ta'sir ko'rsatmoq	You should practice how to impact properly in real conversation.	Siz haqiqiy suhbatda toʻgʻri ta'sir ko'rsatmoqni mashq qilishingiz kerak.		/impact/	1760
owners	B1	n.	egalik qilmoq	The owners plays an important role in daily life.	Kundalik hayotda egalik qilmoq muhim oʻrin tutadi.		/owners/	1761
involved	B1	n.	jalb qilmoq	The involved plays an important role in daily life.	Kundalik hayotda jalb qilmoq muhim oʻrin tutadi.		/involved/	1762
guides	B1	n.	yo'l ko'rsatmoq	The guides plays an important role in daily life.	Kundalik hayotda yo'l ko'rsatmoq muhim oʻrin tutadi.		/guides/	1763
selected	B1	n.	tanlamoq	The selected plays an important role in daily life.	Kundalik hayotda tanlamoq muhim oʻrin tutadi.		/selected/	1764
warning	B1	n.	ogohlantirmoq	The warning plays an important role in daily life.	Kundalik hayotda ogohlantirmoq muhim oʻrin tutadi.		/warning/	1765
wine	B1	n.	g'alaba qozonmoq	The wine plays an important role in daily life.	Kundalik hayotda g'alaba qozonmoq muhim oʻrin tutadi.		/wine/	1766
flowers	B1	n.	oqmoq	The flowers plays an important role in daily life.	Kundalik hayotda oqmoq muhim oʻrin tutadi.		/flowers/	1767
owner	B1	n.	egalik qilmoq	The owner plays an important role in daily life.	Kundalik hayotda egalik qilmoq muhim oʻrin tutadi.		/owner/	1768
useful	B1	adj.	foydalanmoq xususiyatiga ega	Her explanation was very useful and easy to understand.	Uning tushuntirishi juda foydalanmoq xususiyatiga ega va tushunish oson edi.		/useful/	1769
manufacturer	B1	n.	ishlab chiqarmoq	The manufacturer plays an important role in daily life.	Kundalik hayotda ishlab chiqarmoq muhim oʻrin tutadi.		/manufacturer/	1770
takes	B1	n.	olmoq	The takes plays an important role in daily life.	Kundalik hayotda olmoq muhim oʻrin tutadi.		/takes/	1771
bring	B1	v./n.	olib kelmoq	You should practice how to bring properly in real conversation.	Siz haqiqiy suhbatda toʻgʻri olib kelmoqni mashq qilishingiz kerak.		/bring/	1772
searches	B1	n.	qidirmoq	The searches plays an important role in daily life.	Kundalik hayotda qidirmoq muhim oʻrin tutadi.		/searches/	1773
trying	B1	n.	harakat qilmoq, urinmoq	The trying plays an important role in daily life.	Kundalik hayotda harakat qilmoq muhim oʻrin tutadi.		/trying/	1774
considered	B1	n.	ko'rib chiqmoq, deb hisoblamoq	The considered plays an important role in daily life.	Kundalik hayotda ko'rib chiqmoq muhim oʻrin tutadi.		/considered/	1775
joined	B1	n.	qo'shilmoq	The joined plays an important role in daily life.	Kundalik hayotda qo'shilmoq muhim oʻrin tutadi.		/joined/	1776
teaching	B1	n.	o'rgatmoq, dars bermoq	The teaching plays an important role in daily life.	Kundalik hayotda o'rgatmoq muhim oʻrin tutadi.		/teaching/	1777
testing	B1	n.	sinamoq; sinov	The testing plays an important role in daily life.	Kundalik hayotda sinamoq muhim oʻrin tutadi.		/testing/	1778
leading	B1	n.	yetaklamoq	The leading plays an important role in daily life.	Kundalik hayotda yetaklamoq muhim oʻrin tutadi.		/leading/	1779
fitness	B1	n.	mos kelmoq holati / jarayoni	The fitness plays an important role in daily life.	Kundalik hayotda mos kelmoq holati / jarayoni muhim oʻrin tutadi.		/fitness/	1780
uses	B1	n.	foydalanmoq	The uses plays an important role in daily life.	Kundalik hayotda foydalanmoq muhim oʻrin tutadi.		/uses/	1781
employees	B1	n.	ishga olmoq	The employees plays an important role in daily life.	Kundalik hayotda ishga olmoq muhim oʻrin tutadi.		/employees/	1782
seems	B1	n.	ko'rmoq	The seems plays an important role in daily life.	Kundalik hayotda ko'rmoq muhim oʻrin tutadi.		/seems/	1783
contains	B1	n.	o'z ichiga olmoq	The contains plays an important role in daily life.	Kundalik hayotda o'z ichiga olmoq muhim oʻrin tutadi.		/contains/	1784
completed	B1	n.	tugatmoq, to'ldirmoq	The completed plays an important role in daily life.	Kundalik hayotda tugatmoq muhim oʻrin tutadi.		/completed/	1785
expected	B1	n.	kutmoq, umid qilmoq	The expected plays an important role in daily life.	Kundalik hayotda kutmoq muhim oʻrin tutadi.		/expected/	1786
ring	B1	v./n.	jiringlamoq; uzuk	You should practice how to ring properly in real conversation.	Siz haqiqiy suhbatda toʻgʻri jiringlamoqni mashq qilishingiz kerak.		/ring/	1787
mountain	B1	n.	o'rnatmoq, minmoq	The mountain plays an important role in daily life.	Kundalik hayotda o'rnatmoq muhim oʻrin tutadi.		/mountain/	1788
consider	B1	v./n.	ko'rib chiqmoq, deb hisoblamoq	You should practice how to consider properly in real conversation.	Siz haqiqiy suhbatda toʻgʻri ko'rib chiqmoqni mashq qilishingiz kerak.		/consider/	1789
buying	B1	n.	sotib olmoq	The buying plays an important role in daily life.	Kundalik hayotda sotib olmoq muhim oʻrin tutadi.		/buying/	1790
allows	B1	n.	ruxsat bermoq	The allows plays an important role in daily life.	Kundalik hayotda ruxsat bermoq muhim oʻrin tutadi.		/allows/	1791
rest	B1	v./n.	dam olmoq	You should practice how to rest properly in real conversation.	Siz haqiqiy suhbatda toʻgʻri dam olmoqni mashq qilishingiz kerak.		/rest/	1792
plant	B1	n.	rejalashtirmoq	The plant plays an important role in daily life.	Kundalik hayotda rejalashtirmoq muhim oʻrin tutadi.		/plant/	1793
reported	B1	n.	hisobot bermoq	The reported plays an important role in daily life.	Kundalik hayotda hisobot bermoq muhim oʻrin tutadi.		/reported/	1794
hit	B1	v./n.	urmoq	You should practice how to hit properly in real conversation.	Siz haqiqiy suhbatda toʻgʻri urmoqni mashq qilishingiz kerak.		/hit/	1795
mission	B1	n.	sog'inmoq; o'tkazib yubormoq	The mission plays an important role in daily life.	Kundalik hayotda sog'inmoq muhim oʻrin tutadi.		/mission/	1796
pack	B1	v./n.	joylamoq	You should practice how to pack properly in real conversation.	Siz haqiqiy suhbatda toʻgʻri joylamoqni mashq qilishingiz kerak.		/pack/	1797
released	B1	n.	ozod qilmoq, chiqarmoq	The released plays an important role in daily life.	Kundalik hayotda ozod qilmoq muhim oʻrin tutadi.		/released/	1798
goods	B1	n.	bormoq	The goods plays an important role in daily life.	Kundalik hayotda bormoq muhim oʻrin tutadi.		/goods/	1799
recommended	B1	n.	tavsiya qilmoq	The recommended plays an important role in daily life.	Kundalik hayotda tavsiya qilmoq muhim oʻrin tutadi.		/recommended/	1800
race	B1	v./n.	poyga qilmoq; irq	You should practice how to race properly in real conversation.	Siz haqiqiy suhbatda toʻgʻri poyga qilmoqni mashq qilishingiz kerak.		/race/	1801
approved	B1	n.	ma'qullamoq	The approved plays an important role in daily life.	Kundalik hayotda ma'qullamoq muhim oʻrin tutadi.		/approved/	1802
places	B1	n.	joylashtirmoq; joy	The places plays an important role in daily life.	Kundalik hayotda joylashtirmoq muhim oʻrin tutadi.		/places/	1803
winter	B1	n.	g'alaba qozonmoq	The winter plays an important role in daily life.	Kundalik hayotda g'alaba qozonmoq muhim oʻrin tutadi.		/winter/	1804
pressure	B1	n.	bosmoq	The pressure plays an important role in daily life.	Kundalik hayotda bosmoq muhim oʻrin tutadi.		/pressure/	1805
submitted	B1	n.	topshirmoq	The submitted plays an important role in daily life.	Kundalik hayotda topshirmoq muhim oʻrin tutadi.		/submitted/	1806
interested	B1	n.	qiziqtirmoq	The interested plays an important role in daily life.	Kundalik hayotda qiziqtirmoq muhim oʻrin tutadi.		/interested/	1807
dance	B1	v./n.	raqsqa tushmoq	You should practice how to dance properly in real conversation.	Siz haqiqiy suhbatda toʻgʻri raqsqa tushmoqni mashq qilishingiz kerak.		/dance/	1808
defined	B1	n.	ta'riflamoq	The defined plays an important role in daily life.	Kundalik hayotda ta'riflamoq muhim oʻrin tutadi.		/defined/	1809
playing	B1	n.	o'ynamoq	The playing plays an important role in daily life.	Kundalik hayotda o'ynamoq muhim oʻrin tutadi.		/playing/	1810
reader	B1	n.	o'qimoq	The reader plays an important role in daily life.	Kundalik hayotda o'qimoq muhim oʻrin tutadi.		/reader/	1811
established	B1	n.	asos solmoq, o'rnatmoq	The established plays an important role in daily life.	Kundalik hayotda asos solmoq muhim oʻrin tutadi.		/established/	1812
answers	B1	n.	javob bermoq	The answers plays an important role in daily life.	Kundalik hayotda javob bermoq muhim oʻrin tutadi.		/answers/	1813
regarding	B1	n.	deb hisoblamoq	The regarding plays an important role in daily life.	Kundalik hayotda deb hisoblamoq muhim oʻrin tutadi.		/regarding/	1814
instructions	B1	n.	ko'rsatma bermoq	The instructions plays an important role in daily life.	Kundalik hayotda ko'rsatma bermoq muhim oʻrin tutadi.		/instructions/	1815
offered	B1	n.	taklif qilmoq	The offered plays an important role in daily life.	Kundalik hayotda taklif qilmoq muhim oʻrin tutadi.		/offered/	1816
teachers	B1	n.	o'rgatmoq, dars bermoq	The teachers plays an important role in daily life.	Kundalik hayotda o'rgatmoq muhim oʻrin tutadi.		/teachers/	1817
increased	B1	n.	oshirmoq, ko'paymoq	The increased plays an important role in daily life.	Kundalik hayotda oshirmoq muhim oʻrin tutadi.		/increased/	1818
understanding	B1	n.	tushunmoq	The understanding plays an important role in daily life.	Kundalik hayotda tushunmoq muhim oʻrin tutadi.		/understanding/	1819
fixed	B1	n.	tuzatmoq, o'rnatmoq	The fixed plays an important role in daily life.	Kundalik hayotda tuzatmoq muhim oʻrin tutadi.		/fixed/	1820
updates	B1	n.	yangilamoq	The updates plays an important role in daily life.	Kundalik hayotda yangilamoq muhim oʻrin tutadi.		/updates/	1821
gets	B1	n.	olmoq, erishmoq	The gets plays an important role in daily life.	Kundalik hayotda olmoq muhim oʻrin tutadi.		/gets/	1822
requires	B1	n.	talab qilmoq	The requires plays an important role in daily life.	Kundalik hayotda talab qilmoq muhim oʻrin tutadi.		/requires/	1823
electric	B1	n.	saylamoq	The electric plays an important role in daily life.	Kundalik hayotda saylamoq muhim oʻrin tutadi.		/electric/	1824
quotes	B1	n.	iqtibos keltirmoq	The quotes plays an important role in daily life.	Kundalik hayotda iqtibos keltirmoq muhim oʻrin tutadi.		/quotes/	1825
respect	B1	v./n.	hurmat qilmoq	You should practice how to respect properly in real conversation.	Siz haqiqiy suhbatda toʻgʻri hurmat qilmoqni mashq qilishingiz kerak.		/respect/	1826
workers	B1	n.	ishlamoq	The workers plays an important role in daily life.	Kundalik hayotda ishlamoq muhim oʻrin tutadi.		/workers/	1827
showing	B1	n.	ko'rsatmoq	The showing plays an important role in daily life.	Kundalik hayotda ko'rsatmoq muhim oʻrin tutadi.		/showing/	1828
watches	B1	n.	tomosha qilmoq, kuzatmoq	The watches plays an important role in daily life.	Kundalik hayotda tomosha qilmoq muhim oʻrin tutadi.		/watches/	1829
careers	B1	n.	g'amxo'rlik qilmoq	The careers plays an important role in daily life.	Kundalik hayotda g'amxo'rlik qilmoq muhim oʻrin tutadi.		/careers/	1830
goes	B1	n.	bormoq	The goes plays an important role in daily life.	Kundalik hayotda bormoq muhim oʻrin tutadi.		/goes/	1831
transport	B1	v./n.	tashimoq	You should practice how to transport properly in real conversation.	Siz haqiqiy suhbatda toʻgʻri tashimoqni mashq qilishingiz kerak.		/transport/	1832
interesting	B1	n.	qiziqtirmoq	The interesting plays an important role in daily life.	Kundalik hayotda qiziqtirmoq muhim oʻrin tutadi.		/interesting/	1833
accepted	B1	n.	qabul qilmoq	The accepted plays an important role in daily life.	Kundalik hayotda qabul qilmoq muhim oʻrin tutadi.		/accepted/	1834
former	B1	n.	shakllantirmoq; shakl	The former plays an important role in daily life.	Kundalik hayotda shakllantirmoq muhim oʻrin tutadi.		/former/	1835
hits	B1	n.	urmoq	The hits plays an important role in daily life.	Kundalik hayotda urmoq muhim oʻrin tutadi.		/hits/	1836
presented	B1	n.	taqdim etmoq	The presented plays an important role in daily life.	Kundalik hayotda taqdim etmoq muhim oʻrin tutadi.		/presented/	1837
flow	B1	v./n.	oqmoq	You should practice how to flow properly in real conversation.	Siz haqiqiy suhbatda toʻgʻri oqmoqni mashq qilishingiz kerak.		/flow/	1838
respective	B1	adj.	hurmat qilmoq xususiyatiga ega	Her explanation was very respective and easy to understand.	Uning tushuntirishi juda hurmat qilmoq xususiyatiga ega va tushunish oson edi.		/respective/	1839
helpful	B1	adj.	yordam bermoq xususiyatiga ega	Her explanation was very helpful and easy to understand.	Uning tushuntirishi juda yordam bermoq xususiyatiga ega va tushunish oson edi.		/helpful/	1840
gives	B1	n.	bermoq	The gives plays an important role in daily life.	Kundalik hayotda bermoq muhim oʻrin tutadi.		/gives/	1841
packages	B1	n.	joylamoq	The packages plays an important role in daily life.	Kundalik hayotda joylamoq muhim oʻrin tutadi.		/packages/	1842
changed	B1	n.	o'zgartirmoq	The changed plays an important role in daily life.	Kundalik hayotda o'zgartirmoq muhim oʻrin tutadi.		/changed/	1843
heard	B1	n.	eshitmoq	The heard plays an important role in daily life.	Kundalik hayotda eshitmoq muhim oʻrin tutadi.		/heard/	1844
connect	B1	v./n.	ulamoq, bog'lamoq	You should practice how to connect properly in real conversation.	Siz haqiqiy suhbatda toʻgʻri ulamoqni mashq qilishingiz kerak.		/connect/	1845
described	B1	n.	tasvirlamoq	The described plays an important role in daily life.	Kundalik hayotda tasvirlamoq muhim oʻrin tutadi.		/described/	1846
suite	B1	n.	mos tushmoq; kostyum	The suite plays an important role in daily life.	Kundalik hayotda mos tushmoq muhim oʻrin tutadi.		/suite/	1847
allowed	B1	n.	ruxsat bermoq	The allowed plays an important role in daily life.	Kundalik hayotda ruxsat bermoq muhim oʻrin tutadi.		/allowed/	1848
selling	B1	n.	sotmoq	The selling plays an important role in daily life.	Kundalik hayotda sotmoq muhim oʻrin tutadi.		/selling/	1849
looks	B1	n.	qaramoq	The looks plays an important role in daily life.	Kundalik hayotda qaramoq muhim oʻrin tutadi.		/looks/	1850
directions	B1	n.	yo'naltirmoq	The directions plays an important role in daily life.	Kundalik hayotda yo'naltirmoq muhim oʻrin tutadi.		/directions/	1851
visitors	B1	n.	tashrif buyurmoq	The visitors plays an important role in daily life.	Kundalik hayotda tashrif buyurmoq muhim oʻrin tutadi.		/visitors/	1852
calls	B1	n.	qo'ng'iroq qilmoq, chaqirmoq	The calls plays an important role in daily life.	Kundalik hayotda qo'ng'iroq qilmoq muhim oʻrin tutadi.		/calls/	1853
coverage	B1	n.	qoplamoq	The coverage plays an important role in daily life.	Kundalik hayotda qoplamoq muhim oʻrin tutadi.		/coverage/	1854
ending	B1	n.	tugatmoq; oxir	The ending plays an important role in daily life.	Kundalik hayotda tugatmoq muhim oʻrin tutadi.		/ending/	1855
actions	B1	n.	harakat qilmoq	The actions plays an important role in daily life.	Kundalik hayotda harakat qilmoq muhim oʻrin tutadi.		/actions/	1856
goal	B1	n.	bormoq	The goal plays an important role in daily life.	Kundalik hayotda bormoq muhim oʻrin tutadi.		/goal/	1857
wind	B1	v./n.	shamol; buramoq	You should practice how to wind properly in real conversation.	Siz haqiqiy suhbatda toʻgʻri shamolni mashq qilishingiz kerak.		/wind/	1858
markets	B1	n.	belgilamoq	The markets plays an important role in daily life.	Kundalik hayotda belgilamoq muhim oʻrin tutadi.		/markets/	1859
publishing	B1	n.	nashr etmoq	The publishing plays an important role in daily life.	Kundalik hayotda nashr etmoq muhim oʻrin tutadi.		/publishing/	1860
developing	B1	n.	rivojlantirmoq	The developing plays an important role in daily life.	Kundalik hayotda rivojlantirmoq muhim oʻrin tutadi.		/developing/	1861
lives	B1	n.	yashamoq	The lives plays an important role in daily life.	Kundalik hayotda yashamoq muhim oʻrin tutadi.		/lives/	1862
tests	B1	n.	sinamoq; sinov	The tests plays an important role in daily life.	Kundalik hayotda sinamoq muhim oʻrin tutadi.		/tests/	1863
accounts	B1	n.	hisob, hisobot	The accounts plays an important role in daily life.	Kundalik hayotda hisob muhim oʻrin tutadi.		/accounts/	1864
poster	B1	n.	joylashtirmoq (post)	The poster plays an important role in daily life.	Kundalik hayotda joylashtirmoq (post) muhim oʻrin tutadi.		/poster/	1865
closed	B1	n.	yopmoq	The closed plays an important role in daily life.	Kundalik hayotda yopmoq muhim oʻrin tutadi.		/closed/	1866
monitoring	B1	n.	kuzatib bormoq	The monitoring plays an important role in daily life.	Kundalik hayotda kuzatib bormoq muhim oʻrin tutadi.		/monitoring/	1867
graduate	B1	v./n.	tamomlamoq (o'qishni)	You should practice how to graduate properly in real conversation.	Siz haqiqiy suhbatda toʻgʻri tamomlamoq (o'qishni)ni mashq qilishingiz kerak.		/graduate/	1868
label	B1	v./n.	yorliq yopishtirmoq	You should practice how to label properly in real conversation.	Siz haqiqiy suhbatda toʻgʻri yorliq yopishtirmoqni mashq qilishingiz kerak.		/label/	1869
thinking	B1	n.	o'ylamoq	The thinking plays an important role in daily life.	Kundalik hayotda o'ylamoq muhim oʻrin tutadi.		/thinking/	1870
provider	B1	n.	ta'minlamoq	The provider plays an important role in daily life.	Kundalik hayotda ta'minlamoq muhim oʻrin tutadi.		/provider/	1871
accounting	B1	n.	hisob, hisobot	The accounting plays an important role in daily life.	Kundalik hayotda hisob muhim oʻrin tutadi.		/accounting/	1872
letters	B1	n.	ruxsat bermoq	The letters plays an important role in daily life.	Kundalik hayotda ruxsat bermoq muhim oʻrin tutadi.		/letters/	1873
continued	B1	n.	davom ettirmoq	The continued plays an important role in daily life.	Kundalik hayotda davom ettirmoq muhim oʻrin tutadi.		/continued/	1874
count	B1	v./n.	sanamoq	You should practice how to count properly in real conversation.	Siz haqiqiy suhbatda toʻgʻri sanamoqni mashq qilishingiz kerak.		/count/	1875
heat	B1	v./n.	isitmoq; issiqlik	You should practice how to heat properly in real conversation.	Siz haqiqiy suhbatda toʻgʻri isitmoqni mashq qilishingiz kerak.		/heat/	1876
measures	B1	n.	o'lchamoq	The measures plays an important role in daily life.	Kundalik hayotda o'lchamoq muhim oʻrin tutadi.		/measures/	1877
leader	B1	n.	yetaklamoq	The leader plays an important role in daily life.	Kundalik hayotda yetaklamoq muhim oʻrin tutadi.		/leader/	1878
servers	B1	n.	xizmat qilmoq	The servers plays an important role in daily life.	Kundalik hayotda xizmat qilmoq muhim oʻrin tutadi.		/servers/	1879
meetings	B1	n.	uchrashmoq	The meetings plays an important role in daily life.	Kundalik hayotda uchrashmoq muhim oʻrin tutadi.		/meetings/	1880
interests	B1	n.	qiziqtirmoq	The interests plays an important role in daily life.	Kundalik hayotda qiziqtirmoq muhim oʻrin tutadi.		/interests/	1881
produced	B1	n.	ishlab chiqarmoq	The produced plays an important role in daily life.	Kundalik hayotda ishlab chiqarmoq muhim oʻrin tutadi.		/produced/	1882
supported	B1	n.	qo'llab-quvvatlamoq	The supported plays an important role in daily life.	Kundalik hayotda qo'llab-quvvatlamoq muhim oʻrin tutadi.		/supported/	1883
joint	B1	n.	qo'shilmoq	The joint plays an important role in daily life.	Kundalik hayotda qo'shilmoq muhim oʻrin tutadi.		/joint/	1884
providers	B1	n.	ta'minlamoq	The providers plays an important role in daily life.	Kundalik hayotda ta'minlamoq muhim oʻrin tutadi.		/providers/	1885
growing	B1	n.	o'smoq	The growing plays an important role in daily life.	Kundalik hayotda o'smoq muhim oʻrin tutadi.		/growing/	1886
pick	B1	v./n.	termoq, tanlamoq	You should practice how to pick properly in real conversation.	Siz haqiqiy suhbatda toʻgʻri termoqni mashq qilishingiz kerak.		/pick/	1887
hearing	B1	n.	eshitmoq	The hearing plays an important role in daily life.	Kundalik hayotda eshitmoq muhim oʻrin tutadi.		/hearing/	1888
generated	B1	n.	ishlab chiqarmoq, yaratmoq	The generated plays an important role in daily life.	Kundalik hayotda ishlab chiqarmoq muhim oʻrin tutadi.		/generated/	1889
signed	B1	n.	imzolamoq; belgi	The signed plays an important role in daily life.	Kundalik hayotda imzolamoq muhim oʻrin tutadi.		/signed/	1890
shops	B1	n.	xarid qilmoq; do'kon	The shops plays an important role in daily life.	Kundalik hayotda xarid qilmoq muhim oʻrin tutadi.		/shops/	1891
informed	B1	n.	xabardor qilmoq	The informed plays an important role in daily life.	Kundalik hayotda xabardor qilmoq muhim oʻrin tutadi.		/informed/	1892
worked	B1	n.	ishlamoq	The worked plays an important role in daily life.	Kundalik hayotda ishlamoq muhim oʻrin tutadi.		/worked/	1893
practices	B1	n.	mashq qilmoq	The practices plays an important role in daily life.	Kundalik hayotda mashq qilmoq muhim oʻrin tutadi.		/practices/	1894
sorted	B1	n.	saralamoq	The sorted plays an important role in daily life.	Kundalik hayotda saralamoq muhim oʻrin tutadi.		/sorted/	1895
reporting	B1	n.	hisobot bermoq	The reporting plays an important role in daily life.	Kundalik hayotda hisobot bermoq muhim oʻrin tutadi.		/reporting/	1896
load	B1	v./n.	yuklamoq	You should practice how to load properly in real conversation.	Siz haqiqiy suhbatda toʻgʻri yuklamoqni mashq qilishingiz kerak.		/load/	1897
designated	B1	n.	loyihalashtirmoq	The designated plays an important role in daily life.	Kundalik hayotda loyihalashtirmoq muhim oʻrin tutadi.		/designated/	1898
covered	B1	n.	qoplamoq	The covered plays an important role in daily life.	Kundalik hayotda qoplamoq muhim oʻrin tutadi.		/covered/	1899
recovery	B1	n.	sog'aymoq, tiklanmoq	The recovery plays an important role in daily life.	Kundalik hayotda sog'aymoq muhim oʻrin tutadi.		/recovery/	1900
drop	B1	v./n.	tushirib yubormoq	You should practice how to drop properly in real conversation.	Siz haqiqiy suhbatda toʻgʻri tushirib yubormoqni mashq qilishingiz kerak.		/drop/	1901
improvement	B1	n.	yaxshilamoq holati / jarayoni	The improvement plays an important role in daily life.	Kundalik hayotda yaxshilamoq holati / jarayoni muhim oʻrin tutadi.		/improvement/	1902
finding	B1	n.	topmoq	The finding plays an important role in daily life.	Kundalik hayotda topmoq muhim oʻrin tutadi.		/finding/	1903
saying	B1	n.	aytmoq	The saying plays an important role in daily life.	Kundalik hayotda aytmoq muhim oʻrin tutadi.		/saying/	1904
claims	B1	n.	da'vo qilmoq	The claims plays an important role in daily life.	Kundalik hayotda da'vo qilmoq muhim oʻrin tutadi.		/claims/	1905
acceptance	B1	n.	qabul qilmoq	The acceptance plays an important role in daily life.	Kundalik hayotda qabul qilmoq muhim oʻrin tutadi.		/acceptance/	1906
seem	B1	v./n.	tuyulmoq	You should practice how to seem properly in real conversation.	Siz haqiqiy suhbatda toʻgʻri tuyulmoqni mashq qilishingiz kerak.		/seem/	1907
touch	B1	v./n.	tegmoq	You should practice how to touch properly in real conversation.	Siz haqiqiy suhbatda toʻgʻri tegmoqni mashq qilishingiz kerak.		/touch/	1908
intended	B1	n.	mo'ljallamoq	The intended plays an important role in daily life.	Kundalik hayotda mo'ljallamoq muhim oʻrin tutadi.		/intended/	1909
goals	B1	n.	bormoq	The goals plays an important role in daily life.	Kundalik hayotda bormoq muhim oʻrin tutadi.		/goals/	1910
hire	B1	v./n.	yollamoq	You should practice how to hire properly in real conversation.	Siz haqiqiy suhbatda toʻgʻri yollamoqni mashq qilishingiz kerak.		/hire/	1911
charges	B1	n.	haq olmoq; quvvatlamoq	The charges plays an important role in daily life.	Kundalik hayotda haq olmoq muhim oʻrin tutadi.		/charges/	1912
mount	B1	v./n.	o'rnatmoq, minmoq	You should practice how to mount properly in real conversation.	Siz haqiqiy suhbatda toʻgʻri o'rnatmoqni mashq qilishingiz kerak.		/mount/	1913
talking	B1	n.	gaplashmoq	The talking plays an important role in daily life.	Kundalik hayotda gaplashmoq muhim oʻrin tutadi.		/talking/	1914
requests	B1	n.	iltimos qilmoq	The requests plays an important role in daily life.	Kundalik hayotda iltimos qilmoq muhim oʻrin tutadi.		/requests/	1915
plants	B1	n.	rejalashtirmoq	The plants plays an important role in daily life.	Kundalik hayotda rejalashtirmoq muhim oʻrin tutadi.		/plants/	1916
developer	B1	n.	rivojlantirmoq	The developer plays an important role in daily life.	Kundalik hayotda rivojlantirmoq muhim oʻrin tutadi.		/developer/	1917
missing	B1	n.	sog'inmoq; o'tkazib yubormoq	The missing plays an important role in daily life.	Kundalik hayotda sog'inmoq muhim oʻrin tutadi.		/missing/	1918
sitemap	B1	n.	o'tirmoq	The sitemap plays an important role in daily life.	Kundalik hayotda o'tirmoq muhim oʻrin tutadi.		/sitemap/	1919
moved	B1	n.	harakatlanmoq	The moved plays an important role in daily life.	Kundalik hayotda harakatlanmoq muhim oʻrin tutadi.		/moved/	1920
viewed	B1	n.	qaramoq; ko'rinish	The viewed plays an important role in daily life.	Kundalik hayotda qaramoq muhim oʻrin tutadi.		/viewed/	1921
extended	B1	n.	uzaytirmoq	The extended plays an important role in daily life.	Kundalik hayotda uzaytirmoq muhim oʻrin tutadi.		/extended/	1922
attack	B1	v./n.	hujum qilmoq	You should practice how to attack properly in real conversation.	Siz haqiqiy suhbatda toʻgʻri hujum qilmoqni mashq qilishingiz kerak.		/attack/	1923
opening	B1	n.	ochmoq	The opening plays an important role in daily life.	Kundalik hayotda ochmoq muhim oʻrin tutadi.		/opening/	1924
placed	B1	n.	joylashtirmoq; joy	The placed plays an important role in daily life.	Kundalik hayotda joylashtirmoq muhim oʻrin tutadi.		/placed/	1925
counter	B1	n.	sanamoq	The counter plays an important role in daily life.	Kundalik hayotda sanamoq muhim oʻrin tutadi.		/counter/	1926
failure	B1	n.	mag'lub bo'lmoq, uddalay olmaslik	The failure plays an important role in daily life.	Kundalik hayotda mag'lub bo'lmoq muhim oʻrin tutadi.		/failure/	1927
follows	B1	n.	ergashmoq, kuzatmoq	The follows plays an important role in daily life.	Kundalik hayotda ergashmoq muhim oʻrin tutadi.		/follows/	1928
movement	B1	n.	harakatlanmoq holati / jarayoni	The movement plays an important role in daily life.	Kundalik hayotda harakatlanmoq holati / jarayoni muhim oʻrin tutadi.		/movement/	1929
printing	B1	n.	chop etmoq	The printing plays an important role in daily life.	Kundalik hayotda chop etmoq muhim oʻrin tutadi.		/printing/	1930
baseball	B1	n.	asoslamoq; asos	The baseball plays an important role in daily life.	Kundalik hayotda asoslamoq muhim oʻrin tutadi.		/baseball/	1931
owned	B1	n.	egalik qilmoq	The owned plays an important role in daily life.	Kundalik hayotda egalik qilmoq muhim oʻrin tutadi.		/owned/	1932
played	B1	n.	o'ynamoq	The played plays an important role in daily life.	Kundalik hayotda o'ynamoq muhim oʻrin tutadi.		/played/	1933
readers	B1	n.	o'qimoq	The readers plays an important role in daily life.	Kundalik hayotda o'qimoq muhim oʻrin tutadi.		/readers/	1934
matching	B1	n.	mos kelmoq	The matching plays an important role in daily life.	Kundalik hayotda mos kelmoq muhim oʻrin tutadi.		/matching/	1935
offering	B1	n.	taklif qilmoq	The offering plays an important role in daily life.	Kundalik hayotda taklif qilmoq muhim oʻrin tutadi.		/offering/	1936
leaders	B1	n.	yetaklamoq	The leaders plays an important role in daily life.	Kundalik hayotda yetaklamoq muhim oʻrin tutadi.		/leaders/	1937
posters	B1	n.	joylashtirmoq (post)	The posters plays an important role in daily life.	Kundalik hayotda joylashtirmoq (post) muhim oʻrin tutadi.		/posters/	1938
parking	B1	n.	to'xtatmoq (mashinani)	The parking plays an important role in daily life.	Kundalik hayotda to'xtatmoq (mashinani) muhim oʻrin tutadi.		/parking/	1939
compared	B1	n.	taqqoslamoq	The compared plays an important role in daily life.	Kundalik hayotda taqqoslamoq muhim oʻrin tutadi.		/compared/	1940
workshop	B1	n.	ishlamoq	The workshop plays an important role in daily life.	Kundalik hayotda ishlamoq muhim oʻrin tutadi.		/workshop/	1941
gone	B1	n.	bormoq	The gone plays an important role in daily life.	Kundalik hayotda bormoq muhim oʻrin tutadi.		/gone/	1942
seattle	B1	n.	o'tqazmoq; o'rindiq	The seattle plays an important role in daily life.	Kundalik hayotda o'tqazmoq muhim oʻrin tutadi.		/seattle/	1943
golden	B1	n.	bormoq	The golden plays an important role in daily life.	Kundalik hayotda bormoq muhim oʻrin tutadi.		/golden/	1944
lighting	B1	n.	yoqmoq; yorug'	The lighting plays an important role in daily life.	Kundalik hayotda yoqmoq muhim oʻrin tutadi.		/lighting/	1945
forces	B1	n.	majburlamoq; kuch	The forces plays an important role in daily life.	Kundalik hayotda majburlamoq muhim oʻrin tutadi.		/forces/	1946
turned	B1	n.	burilmoq; navbat	The turned plays an important role in daily life.	Kundalik hayotda burilmoq muhim oʻrin tutadi.		/turned/	1947
returned	B1	n.	qaytmoq, qaytarmoq	The returned plays an important role in daily life.	Kundalik hayotda qaytmoq muhim oʻrin tutadi.		/returned/	1948
named	B1	n.	nomlamoq; ism	The named plays an important role in daily life.	Kundalik hayotda nomlamoq muhim oʻrin tutadi.		/named/	1949
manufacturers	B1	n.	ishlab chiqarmoq	The manufacturers plays an important role in daily life.	Kundalik hayotda ishlab chiqarmoq muhim oʻrin tutadi.		/manufacturers/	1950
ends	B1	n.	tugatmoq; oxir	The ends plays an important role in daily life.	Kundalik hayotda tugatmoq muhim oʻrin tutadi.		/ends/	1951
signal	B1	n.	imzolamoq; belgi	The signal plays an important role in daily life.	Kundalik hayotda imzolamoq muhim oʻrin tutadi.		/signal/	1952
obtained	B1	n.	qo'lga kiritmoq	The obtained plays an important role in daily life.	Kundalik hayotda qo'lga kiritmoq muhim oʻrin tutadi.		/obtained/	1953
flower	B1	n.	oqmoq	The flower plays an important role in daily life.	Kundalik hayotda oqmoq muhim oʻrin tutadi.		/flower/	1954
passed	B1	n.	o'tmoq, topshirmoq	The passed plays an important role in daily life.	Kundalik hayotda o'tmoq muhim oʻrin tutadi.		/passed/	1955
falls	B1	n.	yiqilmoq	The falls plays an important role in daily life.	Kundalik hayotda yiqilmoq muhim oʻrin tutadi.		/falls/	1956
stated	B1	n.	bayon qilmoq; davlat	The stated plays an important role in daily life.	Kundalik hayotda bayon qilmoq muhim oʻrin tutadi.		/stated/	1957
appears	B1	n.	ko'rinmoq, paydo bo'lmoq	The appears plays an important role in daily life.	Kundalik hayotda ko'rinmoq muhim oʻrin tutadi.		/appears/	1958
carry	B1	v./n.	ko'tarib yurmoq	You should practice how to carry properly in real conversation.	Siz haqiqiy suhbatda toʻgʻri ko'tarib yurmoqni mashq qilishingiz kerak.		/carry/	1959
decided	B1	n.	qaror qilmoq	The decided plays an important role in daily life.	Kundalik hayotda qaror qilmoq muhim oʻrin tutadi.		/decided/	1960
covers	B1	n.	qoplamoq	The covers plays an important role in daily life.	Kundalik hayotda qoplamoq muhim oʻrin tutadi.		/covers/	1961
designs	B1	n.	loyihalashtirmoq	The designs plays an important role in daily life.	Kundalik hayotda loyihalashtirmoq muhim oʻrin tutadi.		/designs/	1962
estimated	B1	n.	baholamoq, chamalamoq	The estimated plays an important role in daily life.	Kundalik hayotda baholamoq muhim oʻrin tutadi.		/estimated/	1963
binding	B1	n.	bog'lamoq	The binding plays an important role in daily life.	Kundalik hayotda bog'lamoq muhim oʻrin tutadi.		/binding/	1964
ended	B1	n.	tugatmoq; oxir	The ended plays an important role in daily life.	Kundalik hayotda tugatmoq muhim oʻrin tutadi.		/ended/	1965
winning	B1	n.	g'alaba qozonmoq	The winning plays an important role in daily life.	Kundalik hayotda g'alaba qozonmoq muhim oʻrin tutadi.		/winning/	1966
served	B1	n.	xizmat qilmoq	The served plays an important role in daily life.	Kundalik hayotda xizmat qilmoq muhim oʻrin tutadi.		/served/	1967
wants	B1	n.	xohlamoq	The wants plays an important role in daily life.	Kundalik hayotda xohlamoq muhim oʻrin tutadi.		/wants/	1968
prepared	B1	n.	tayyorlanmoq	The prepared plays an important role in daily life.	Kundalik hayotda tayyorlanmoq muhim oʻrin tutadi.		/prepared/	1969
installed	B1	n.	o'rnatmoq	The installed plays an important role in daily life.	Kundalik hayotda o'rnatmoq muhim oʻrin tutadi.		/installed/	1970
votes	B1	n.	ovoz bermoq	The votes plays an important role in daily life.	Kundalik hayotda ovoz bermoq muhim oʻrin tutadi.		/votes/	1971
looked	B1	n.	qaramoq	The looked plays an important role in daily life.	Kundalik hayotda qaramoq muhim oʻrin tutadi.		/looked/	1972
discussions	B1	n.	muhokama qilmoq	The discussions plays an important role in daily life.	Kundalik hayotda muhokama qilmoq muhim oʻrin tutadi.		/discussions/	1973
signs	B1	n.	imzolamoq; belgi	The signs plays an important role in daily life.	Kundalik hayotda imzolamoq muhim oʻrin tutadi.		/signs/	1974
lack	B1	v./n.	yetishmaslik	You should practice how to lack properly in real conversation.	Siz haqiqiy suhbatda toʻgʻri yetishmaslikni mashq qilishingiz kerak.		/lack/	1975
checkout	B1	n.	tekshirmoq	The checkout plays an important role in daily life.	Kundalik hayotda tekshirmoq muhim oʻrin tutadi.		/checkout/	1976
feeds	B1	n.	ovqatlantirmoq	The feeds plays an important role in daily life.	Kundalik hayotda ovqatlantirmoq muhim oʻrin tutadi.		/feeds/	1977
followed	B1	n.	ergashmoq, kuzatmoq	The followed plays an important role in daily life.	Kundalik hayotda ergashmoq muhim oʻrin tutadi.		/followed/	1978
blow	B1	v./n.	esmoq, puflamoq	You should practice how to blow properly in real conversation.	Siz haqiqiy suhbatda toʻgʻri esmoqni mashq qilishingiz kerak.		/blow/	1979
suggestions	B1	n.	taklif qilmoq	The suggestions plays an important role in daily life.	Kundalik hayotda taklif qilmoq muhim oʻrin tutadi.		/suggestions/	1980
shared	B1	n.	ulashmoq	The shared plays an important role in daily life.	Kundalik hayotda ulashmoq muhim oʻrin tutadi.		/shared/	1981
sounds	B1	n.	yangramoq; tovush	The sounds plays an important role in daily life.	Kundalik hayotda yangramoq muhim oʻrin tutadi.		/sounds/	1982
replacement	B1	n.	almashtirmoq holati / jarayoni	The replacement plays an important role in daily life.	Kundalik hayotda almashtirmoq holati / jarayoni muhim oʻrin tutadi.		/replacement/	1983
forced	B1	n.	majburlamoq; kuch	The forced plays an important role in daily life.	Kundalik hayotda majburlamoq muhim oʻrin tutadi.		/forced/	1984
speaker	B1	n.	gapirmoq	The speaker plays an important role in daily life.	Kundalik hayotda gapirmoq muhim oʻrin tutadi.		/speaker/	1985
managed	B1	n.	boshqarmoq, uddalamoq	The managed plays an important role in daily life.	Kundalik hayotda boshqarmoq muhim oʻrin tutadi.		/managed/	1986
failed	B1	n.	mag'lub bo'lmoq, uddalay olmaslik	The failed plays an important role in daily life.	Kundalik hayotda mag'lub bo'lmoq muhim oʻrin tutadi.		/failed/	1987
roll	B1	v./n.	dumalatmoq	You should practice how to roll properly in real conversation.	Siz haqiqiy suhbatda toʻgʻri dumalatmoqni mashq qilishingiz kerak.		/roll/	1988
leads	B1	n.	yetaklamoq	The leads plays an important role in daily life.	Kundalik hayotda yetaklamoq muhim oʻrin tutadi.		/leads/	1989
missouri	B1	n.	sog'inmoq; o'tkazib yubormoq	The missouri plays an important role in daily life.	Kundalik hayotda sog'inmoq muhim oʻrin tutadi.		/missouri/	1990
healthy	B1	n.	tuzalmoq	The healthy plays an important role in daily life.	Kundalik hayotda tuzalmoq muhim oʻrin tutadi.		/healthy/	1991
estimates	B1	n.	baholamoq, chamalamoq	The estimates plays an important role in daily life.	Kundalik hayotda baholamoq muhim oʻrin tutadi.		/estimates/	1992
drivers	B1	n.	haydamoq	The drivers plays an important role in daily life.	Kundalik hayotda haydamoq muhim oʻrin tutadi.		/drivers/	1993
figures	B1	n.	anglamoq; raqam	The figures plays an important role in daily life.	Kundalik hayotda anglamoq muhim oʻrin tutadi.		/figures/	1994
protected	B1	n.	himoya qilmoq	The protected plays an important role in daily life.	Kundalik hayotda himoya qilmoq muhim oʻrin tutadi.		/protected/	1995
waiting	B1	n.	kutmoq	The waiting plays an important role in daily life.	Kundalik hayotda kutmoq muhim oʻrin tutadi.		/waiting/	1996
beta	B1	n.	garov boylamoq	The beta plays an important role in daily life.	Kundalik hayotda garov boylamoq muhim oʻrin tutadi.		/beta/	1997
contained	B1	n.	o'z ichiga olmoq	The contained plays an important role in daily life.	Kundalik hayotda o'z ichiga olmoq muhim oʻrin tutadi.		/contained/	1998
calling	B1	n.	qo'ng'iroq qilmoq, chaqirmoq	The calling plays an important role in daily life.	Kundalik hayotda qo'ng'iroq qilmoq muhim oʻrin tutadi.		/calling/	1999
matters	B1	n.	ahamiyatga ega bo'lmoq	The matters plays an important role in daily life.	Kundalik hayotda ahamiyatga ega bo'lmoq muhim oʻrin tutadi.		/matters/	2000
doc	B1	n.	bajarmoq	The doc plays an important role in daily life.	Kundalik hayotda bajarmoq muhim oʻrin tutadi.		/doc/	2001
postal	B1	n.	joylashtirmoq (post)	The postal plays an important role in daily life.	Kundalik hayotda joylashtirmoq (post) muhim oʻrin tutadi.		/postal/	2002
controls	B1	n.	boshqarmoq, nazorat qilmoq	The controls plays an important role in daily life.	Kundalik hayotda boshqarmoq muhim oʻrin tutadi.		/controls/	2003
breaking	B1	n.	sindirmoq, buzmoq	The breaking plays an important role in daily life.	Kundalik hayotda sindirmoq muhim oʻrin tutadi.		/breaking/	2004
combined	B1	n.	birlashtirmoq	The combined plays an important role in daily life.	Kundalik hayotda birlashtirmoq muhim oʻrin tutadi.		/combined/	2005
introduced	B1	n.	tanishtirmoq	The introduced plays an important role in daily life.	Kundalik hayotda tanishtirmoq muhim oʻrin tutadi.		/introduced/	2006
noted	B1	n.	qayd etmoq	The noted plays an important role in daily life.	Kundalik hayotda qayd etmoq muhim oʻrin tutadi.		/noted/	2007
reduced	B1	n.	kamaytirmoq	The reduced plays an important role in daily life.	Kundalik hayotda kamaytirmoq muhim oʻrin tutadi.		/reduced/	2008
performed	B1	n.	ijro etmoq	The performed plays an important role in daily life.	Kundalik hayotda ijro etmoq muhim oʻrin tutadi.		/performed/	2009
reviewed	B1	n.	takrorlamoq, ko'rib chiqmoq	The reviewed plays an important role in daily life.	Kundalik hayotda takrorlamoq muhim oʻrin tutadi.		/reviewed/	2010
removed	B1	n.	olib tashlamoq	The removed plays an important role in daily life.	Kundalik hayotda olib tashlamoq muhim oʻrin tutadi.		/removed/	2011
helps	B1	n.	yordam bermoq	The helps plays an important role in daily life.	Kundalik hayotda yordam bermoq muhim oʻrin tutadi.		/helps/	2012
singles	B1	n.	kuylamoq	The singles plays an important role in daily life.	Kundalik hayotda kuylamoq muhim oʻrin tutadi.		/singles/	2013
rise	B1	v./n.	ko'tarilmoq	You should practice how to rise properly in real conversation.	Siz haqiqiy suhbatda toʻgʻri ko'tarilmoqni mashq qilishingiz kerak.		/rise/	2014
addresses	B1	n.	manzil; hal qilmoq	The addresses plays an important role in daily life.	Kundalik hayotda manzil muhim oʻrin tutadi.		/addresses/	2015
crystal	B1	n.	yig'lamoq, baqirmoq	The crystal plays an important role in daily life.	Kundalik hayotda yig'lamoq muhim oʻrin tutadi.		/crystal/	2016
writer	B1	n.	yozmoq	The writer plays an important role in daily life.	Kundalik hayotda yozmoq muhim oʻrin tutadi.		/writer/	2017
speakers	B1	n.	gapirmoq	The speakers plays an important role in daily life.	Kundalik hayotda gapirmoq muhim oʻrin tutadi.		/speakers/	2018
cleaning	B1	n.	tozalamoq	The cleaning plays an important role in daily life.	Kundalik hayotda tozalamoq muhim oʻrin tutadi.		/cleaning/	2019
delivered	B1	n.	yetkazib bermoq	The delivered plays an important role in daily life.	Kundalik hayotda yetkazib bermoq muhim oʻrin tutadi.		/delivered/	2020
seat	B1	v./n.	o'tqazmoq; o'rindiq	You should practice how to seat properly in real conversation.	Siz haqiqiy suhbatda toʻgʻri o'tqazmoqni mashq qilishingiz kerak.		/seat/	2021
concerns	B1	n.	tashvishlantirmoq	The concerns plays an important role in daily life.	Kundalik hayotda tashvishlantirmoq muhim oʻrin tutadi.		/concerns/	2022
referred	B1	n.	havola qilmoq	The referred plays an important role in daily life.	Kundalik hayotda havola qilmoq muhim oʻrin tutadi.		/referred/	2023
supports	B1	n.	qo'llab-quvvatlamoq	The supports plays an important role in daily life.	Kundalik hayotda qo'llab-quvvatlamoq muhim oʻrin tutadi.		/supports/	2024
recording	B1	n.	yozib olmoq; rekord	The recording plays an important role in daily life.	Kundalik hayotda yozib olmoq muhim oʻrin tutadi.		/recording/	2025
rings	B1	n.	jiringlamoq; uzuk	The rings plays an important role in daily life.	Kundalik hayotda jiringlamoq muhim oʻrin tutadi.		/rings/	2026
wonderful	B1	adj.	qiziqmoq, hayron bo'lmoq xususiyatiga ega	Her explanation was very wonderful and easy to understand.	Uning tushuntirishi juda qiziqmoq va tushunish oson edi.		/wonderful/	2027
guess	B1	v./n.	taxmin qilmoq	You should practice how to guess properly in real conversation.	Siz haqiqiy suhbatda toʻgʻri taxmin qilmoqni mashq qilishingiz kerak.		/guess/	2028
agreed	B1	n.	rozi bo'lmoq	The agreed plays an important role in daily life.	Kundalik hayotda rozi bo'lmoq muhim oʻrin tutadi.		/agreed/	2029
prevention	B1	n.	oldini olmoq holati / jarayoni	The prevention plays an important role in daily life.	Kundalik hayotda oldini olmoq holati / jarayoni muhim oʻrin tutadi.		/prevention/	2030
import	B1	v./n.	import qilmoq	You should practice how to import properly in real conversation.	Siz haqiqiy suhbatda toʻgʻri import qilmoqni mashq qilishingiz kerak.		/import/	2031
posting	B1	n.	joylashtirmoq (post)	The posting plays an important role in daily life.	Kundalik hayotda joylashtirmoq (post) muhim oʻrin tutadi.		/posting/	2032
mentioned	B1	n.	eslatib o'tmoq	The mentioned plays an important role in daily life.	Kundalik hayotda eslatib o'tmoq muhim oʻrin tutadi.		/mentioned/	2033
viewing	B1	n.	qaramoq; ko'rinish	The viewing plays an important role in daily life.	Kundalik hayotda qaramoq muhim oʻrin tutadi.		/viewing/	2034
maintained	B1	n.	saqlab turmoq	The maintained plays an important role in daily life.	Kundalik hayotda saqlab turmoq muhim oʻrin tutadi.		/maintained/	2035
connected	B1	n.	ulamoq, bog'lamoq	The connected plays an important role in daily life.	Kundalik hayotda ulamoq muhim oʻrin tutadi.		/connected/	2036
dogs	B1	n.	bajarmoq	The dogs plays an important role in daily life.	Kundalik hayotda bajarmoq muhim oʻrin tutadi.		/dogs/	2037
directors	B1	n.	yo'naltirmoq	The directors plays an important role in daily life.	Kundalik hayotda yo'naltirmoq muhim oʻrin tutadi.		/directors/	2038
fly	B1	v./n.	uchmoq	You should practice how to fly properly in real conversation.	Siz haqiqiy suhbatda toʻgʻri uchmoqni mashq qilishingiz kerak.		/fly/	2039
containing	B1	n.	o'z ichiga olmoq	The containing plays an important role in daily life.	Kundalik hayotda o'z ichiga olmoq muhim oʻrin tutadi.		/containing/	2040
guaranteed	B1	n.	kafolatlamoq	The guaranteed plays an important role in daily life.	Kundalik hayotda kafolatlamoq muhim oʻrin tutadi.		/guaranteed/	2041
fear	B1	v./n.	qo'rqmoq	You should practice how to fear properly in real conversation.	Siz haqiqiy suhbatda toʻgʻri qo'rqmoqni mashq qilishingiz kerak.		/fear/	2042
seeking	B1	n.	ko'rmoq	The seeking plays an important role in daily life.	Kundalik hayotda ko'rmoq muhim oʻrin tutadi.		/seeking/	2043
shares	B1	n.	ulashmoq	The shares plays an important role in daily life.	Kundalik hayotda ulashmoq muhim oʻrin tutadi.		/shares/	2044
standing	B1	n.	turmoq (tik)	The standing plays an important role in daily life.	Kundalik hayotda turmoq (tik) muhim oʻrin tutadi.		/standing/	2045
ordering	B1	n.	buyurtma bermoq, buyurmoq	The ordering plays an important role in daily life.	Kundalik hayotda buyurtma bermoq muhim oʻrin tutadi.		/ordering/	2046
buildings	B1	n.	qurmoq	The buildings plays an important role in daily life.	Kundalik hayotda qurmoq muhim oʻrin tutadi.		/buildings/	2047
becomes	B1	n.	aylanmoq, bo'lmoq	The becomes plays an important role in daily life.	Kundalik hayotda aylanmoq muhim oʻrin tutadi.		/becomes/	2048
drives	B1	n.	haydamoq	The drives plays an important role in daily life.	Kundalik hayotda haydamoq muhim oʻrin tutadi.		/drives/	2049
improved	B1	n.	yaxshilamoq	The improved plays an important role in daily life.	Kundalik hayotda yaxshilamoq muhim oʻrin tutadi.		/improved/	2050
caused	B1	n.	sabab bo'lmoq	The caused plays an important role in daily life.	Kundalik hayotda sabab bo'lmoq muhim oʻrin tutadi.		/caused/	2051
layer	B1	n.	qo'ymoq	The layer plays an important role in daily life.	Kundalik hayotda qo'ymoq muhim oʻrin tutadi.		/layer/	2052
printed	B1	n.	chop etmoq	The printed plays an important role in daily life.	Kundalik hayotda chop etmoq muhim oʻrin tutadi.		/printed/	2053
trademark	B1	n.	savdo qilmoq	The trademark plays an important role in daily life.	Kundalik hayotda savdo qilmoq muhim oʻrin tutadi.		/trademark/	2054
printers	B1	n.	chop etmoq	The printers plays an important role in daily life.	Kundalik hayotda chop etmoq muhim oʻrin tutadi.		/printers/	2055
adding	B1	n.	qo'shmoq	The adding plays an important role in daily life.	Kundalik hayotda qo'shmoq muhim oʻrin tutadi.		/adding/	2056
trackback	B1	n.	kuzatib bormoq; yo'l	The trackback plays an important role in daily life.	Kundalik hayotda kuzatib bormoq muhim oʻrin tutadi.		/trackback/	2057
prints	B1	n.	chop etmoq	The prints plays an important role in daily life.	Kundalik hayotda chop etmoq muhim oʻrin tutadi.		/prints/	2058
dot	B1	n.	bajarmoq	The dot plays an important role in daily life.	Kundalik hayotda bajarmoq muhim oʻrin tutadi.		/dot/	2059
suites	B1	n.	mos tushmoq; kostyum	The suites plays an important role in daily life.	Kundalik hayotda mos tushmoq muhim oʻrin tutadi.		/suites/	2060
feeling	B1	n.	his qilmoq	The feeling plays an important role in daily life.	Kundalik hayotda his qilmoq muhim oʻrin tutadi.		/feeling/	2061
importance	B1	n.	import qilmoq	The importance plays an important role in daily life.	Kundalik hayotda import qilmoq muhim oʻrin tutadi.		/importance/	2062
planet	B1	n.	rejalashtirmoq	The planet plays an important role in daily life.	Kundalik hayotda rejalashtirmoq muhim oʻrin tutadi.		/planet/	2063
seeing	B1	n.	ko'rmoq	The seeing plays an important role in daily life.	Kundalik hayotda ko'rmoq muhim oʻrin tutadi.		/seeing/	2064
ride	B1	v./n.	minmoq (velosiped, ot)	You should practice how to ride properly in real conversation.	Siz haqiqiy suhbatda toʻgʻri minmoq (velosipedni mashq qilishingiz kerak.		/ride/	2065
recorded	B1	n.	yozib olmoq; rekord	The recorded plays an important role in daily life.	Kundalik hayotda yozib olmoq muhim oʻrin tutadi.		/recorded/	2066
don	B1	n.	bajarmoq	The don plays an important role in daily life.	Kundalik hayotda bajarmoq muhim oʻrin tutadi.		/don/	2067
finished	B1	n.	tugatmoq	The finished plays an important role in daily life.	Kundalik hayotda tugatmoq muhim oʻrin tutadi.		/finished/	2068
parks	B1	n.	to'xtatmoq (mashinani)	The parks plays an important role in daily life.	Kundalik hayotda to'xtatmoq (mashinani) muhim oʻrin tutadi.		/parks/	2069
stress	B1	v./n.	ta'kidlamoq; zo'riqish	You should practice how to stress properly in real conversation.	Siz haqiqiy suhbatda toʻgʻri ta'kidlamoqni mashq qilishingiz kerak.		/stress/	2070
runs	B1	n.	yugurmoq, boshqarmoq	The runs plays an important role in daily life.	Kundalik hayotda yugurmoq muhim oʻrin tutadi.		/runs/	2071
suggested	B1	n.	taklif qilmoq	The suggested plays an important role in daily life.	Kundalik hayotda taklif qilmoq muhim oʻrin tutadi.		/suggested/	2072
remains	B1	n.	qolmoq	The remains plays an important role in daily life.	Kundalik hayotda qolmoq muhim oʻrin tutadi.		/remains/	2073
concerned	B1	n.	tashvishlantirmoq	The concerned plays an important role in daily life.	Kundalik hayotda tashvishlantirmoq muhim oʻrin tutadi.		/concerned/	2074
mixed	B1	n.	aralashtirmoq	The mixed plays an important role in daily life.	Kundalik hayotda aralashtirmoq muhim oʻrin tutadi.		/mixed/	2075
lights	B1	n.	yoqmoq; yorug'	The lights plays an important role in daily life.	Kundalik hayotda yoqmoq muhim oʻrin tutadi.		/lights/	2076
tracking	B1	n.	kuzatib bormoq; yo'l	The tracking plays an important role in daily life.	Kundalik hayotda kuzatib bormoq muhim oʻrin tutadi.		/tracking/	2077
keeping	B1	n.	saqlamoq	The keeping plays an important role in daily life.	Kundalik hayotda saqlamoq muhim oʻrin tutadi.		/keeping/	2078
matches	B1	n.	mos kelmoq	The matches plays an important role in daily life.	Kundalik hayotda mos kelmoq muhim oʻrin tutadi.		/matches/	2079
discussed	B1	n.	muhokama qilmoq	The discussed plays an important role in daily life.	Kundalik hayotda muhokama qilmoq muhim oʻrin tutadi.		/discussed/	2080
instruction	B1	n.	ko'rsatma bermoq holati / jarayoni	The instruction plays an important role in daily life.	Kundalik hayotda ko'rsatma bermoq holati / jarayoni muhim oʻrin tutadi.		/instruction/	2081
walking	B1	n.	piyoda yurmoq	The walking plays an important role in daily life.	Kundalik hayotda piyoda yurmoq muhim oʻrin tutadi.		/walking/	2082
happened	B1	n.	sodir bo'lmoq	The happened plays an important role in daily life.	Kundalik hayotda sodir bo'lmoq muhim oʻrin tutadi.		/happened/	2083
expressed	B1	n.	ifodalamoq	The expressed plays an important role in daily life.	Kundalik hayotda ifodalamoq muhim oʻrin tutadi.		/expressed/	2084
kill	B1	v./n.	o'ldirmoq	You should practice how to kill properly in real conversation.	Siz haqiqiy suhbatda toʻgʻri o'ldirmoqni mashq qilishingiz kerak.		/kill/	2085
managers	B1	n.	boshqarmoq, uddalamoq	The managers plays an important role in daily life.	Kundalik hayotda boshqarmoq muhim oʻrin tutadi.		/managers/	2086
conducted	B1	n.	o'tkazmoq, boshqarmoq	The conducted plays an important role in daily life.	Kundalik hayotda o'tkazmoq muhim oʻrin tutadi.		/conducted/	2087
knows	B1	n.	bilmoq	The knows plays an important role in daily life.	Kundalik hayotda bilmoq muhim oʻrin tutadi.		/knows/	2088
requested	B1	n.	iltimos qilmoq	The requested plays an important role in daily life.	Kundalik hayotda iltimos qilmoq muhim oʻrin tutadi.		/requested/	2089
connecticut	B1	n.	ulamoq, bog'lamoq	The connecticut plays an important role in daily life.	Kundalik hayotda ulamoq muhim oʻrin tutadi.		/connecticut/	2090
holding	B1	n.	ushlab turmoq	The holding plays an important role in daily life.	Kundalik hayotda ushlab turmoq muhim oʻrin tutadi.		/holding/	2091
spread	B1	v./n.	tarqalmoq	You should practice how to spread properly in real conversation.	Siz haqiqiy suhbatda toʻgʻri tarqalmoqni mashq qilishingiz kerak.		/spread/	2092
supporting	B1	n.	qo'llab-quvvatlamoq	The supporting plays an important role in daily life.	Kundalik hayotda qo'llab-quvvatlamoq muhim oʻrin tutadi.		/supporting/	2093
collections	B1	n.	to'plamoq	The collections plays an important role in daily life.	Kundalik hayotda to'plamoq muhim oʻrin tutadi.		/collections/	2094
directed	B1	n.	yo'naltirmoq	The directed plays an important role in daily life.	Kundalik hayotda yo'naltirmoq muhim oʻrin tutadi.		/directed/	2095
dealers	B1	n.	shug'ullanmoq, bitim tuzmoq	The dealers plays an important role in daily life.	Kundalik hayotda shug'ullanmoq muhim oʻrin tutadi.		/dealers/	2096
searching	B1	n.	qidirmoq	The searching plays an important role in daily life.	Kundalik hayotda qidirmoq muhim oʻrin tutadi.		/searching/	2097
helping	B1	n.	yordam bermoq	The helping plays an important role in daily life.	Kundalik hayotda yordam bermoq muhim oʻrin tutadi.		/helping/	2098
affected	B1	n.	ta'sir qilmoq	The affected plays an important role in daily life.	Kundalik hayotda ta'sir qilmoq muhim oʻrin tutadi.		/affected/	2099
proceedings	B1	n.	davom etmoq	The proceedings plays an important role in daily life.	Kundalik hayotda davom etmoq muhim oʻrin tutadi.		/proceedings/	2100
experiences	B1	n.	boshdan kechirmoq; tajriba	The experiences plays an important role in daily life.	Kundalik hayotda boshdan kechirmoq muhim oʻrin tutadi.		/experiences/	2101
concerning	B1	n.	tashvishlantirmoq	The concerning plays an important role in daily life.	Kundalik hayotda tashvishlantirmoq muhim oʻrin tutadi.		/concerning/	2102
developers	B1	n.	rivojlantirmoq	The developers plays an important role in daily life.	Kundalik hayotda rivojlantirmoq muhim oʻrin tutadi.		/developers/	2103
continues	B1	n.	davom ettirmoq	The continues plays an important role in daily life.	Kundalik hayotda davom ettirmoq muhim oʻrin tutadi.		/continues/	2104
tracks	B1	n.	kuzatib bormoq; yo'l	The tracks plays an important role in daily life.	Kundalik hayotda kuzatib bormoq muhim oʻrin tutadi.		/tracks/	2105
grants	B1	n.	ajratmoq, bermoq	The grants plays an important role in daily life.	Kundalik hayotda ajratmoq muhim oʻrin tutadi.		/grants/	2106
cooking	B1	n.	ovqat pishirmoq	The cooking plays an important role in daily life.	Kundalik hayotda ovqat pishirmoq muhim oʻrin tutadi.		/cooking/	2107
speaking	B1	n.	gapirmoq	The speaking plays an important role in daily life.	Kundalik hayotda gapirmoq muhim oʻrin tutadi.		/speaking/	2108
entered	B1	n.	kirmoq	The entered plays an important role in daily life.	Kundalik hayotda kirmoq muhim oʻrin tutadi.		/entered/	2109
launch	B1	v./n.	ishga tushirmoq, uchirmoq	You should practice how to launch properly in real conversation.	Siz haqiqiy suhbatda toʻgʻri ishga tushirmoqni mashq qilishingiz kerak.		/launch/	2110
wave	B1	v./n.	qo'l siltamoq; to'lqin	You should practice how to wave properly in real conversation.	Siz haqiqiy suhbatda toʻgʻri qo'l siltamoqni mashq qilishingiz kerak.		/wave/	2111
checking	B1	n.	tekshirmoq	The checking plays an important role in daily life.	Kundalik hayotda tekshirmoq muhim oʻrin tutadi.		/checking/	2112
costa	B1	n.	turmoq (narx)	The costa plays an important role in daily life.	Kundalik hayotda turmoq (narx) muhim oʻrin tutadi.		/costa/	2113
printable	B1	adj.	chop etmoq xususiyatiga ega	Her explanation was very printable and easy to understand.	Uning tushuntirishi juda chop etmoq xususiyatiga ega va tushunish oson edi.		/printable/	2114
acts	B1	n.	harakat qilmoq	The acts plays an important role in daily life.	Kundalik hayotda harakat qilmoq muhim oʻrin tutadi.		/acts/	2115
filled	B1	n.	to'ldirmoq	The filled plays an important role in daily life.	Kundalik hayotda to'ldirmoq muhim oʻrin tutadi.		/filled/	2116
controlled	B1	n.	boshqarmoq, nazorat qilmoq	The controlled plays an important role in daily life.	Kundalik hayotda boshqarmoq muhim oʻrin tutadi.		/controlled/	2117
requirement	B1	n.	talab qilmoq holati / jarayoni	The requirement plays an important role in daily life.	Kundalik hayotda talab qilmoq holati / jarayoni muhim oʻrin tutadi.		/requirement/	2118
killed	B1	n.	o'ldirmoq	The killed plays an important role in daily life.	Kundalik hayotda o'ldirmoq muhim oʻrin tutadi.		/killed/	2119
starts	B1	n.	boshlamoq	The starts plays an important role in daily life.	Kundalik hayotda boshlamoq muhim oʻrin tutadi.		/starts/	2120
causes	B1	n.	sabab bo'lmoq	The causes plays an important role in daily life.	Kundalik hayotda sabab bo'lmoq muhim oʻrin tutadi.		/causes/	2121
attractions	B1	n.	jalb qilmoq	The attractions plays an important role in daily life.	Kundalik hayotda jalb qilmoq muhim oʻrin tutadi.		/attractions/	2122
learned	B1	n.	o'rganmoq	The learned plays an important role in daily life.	Kundalik hayotda o'rganmoq muhim oʻrin tutadi.		/learned/	2123
explorer	B1	n.	tadqiq qilmoq	The explorer plays an important role in daily life.	Kundalik hayotda tadqiq qilmoq muhim oʻrin tutadi.		/explorer/	2124
opened	B1	n.	ochmoq	The opened plays an important role in daily life.	Kundalik hayotda ochmoq muhim oʻrin tutadi.		/opened/	2125
retirement	B1	n.	nafaqaga chiqmoq holati / jarayoni	The retirement plays an important role in daily life.	Kundalik hayotda nafaqaga chiqmoq holati / jarayoni muhim oʻrin tutadi.		/retirement/	2126
comedy	B1	n.	kelmoq	The comedy plays an important role in daily life.	Kundalik hayotda kelmoq muhim oʻrin tutadi.		/comedy/	2127
adopted	B1	n.	qabul qilmoq	The adopted plays an important role in daily life.	Kundalik hayotda qabul qilmoq muhim oʻrin tutadi.		/adopted/	2128
bears	B1	n.	chida moq, ko'tarmoq	The bears plays an important role in daily life.	Kundalik hayotda chida moq muhim oʻrin tutadi.		/bears/	2129
linked	B1	n.	bog'lamoq	The linked plays an important role in daily life.	Kundalik hayotda bog'lamoq muhim oʻrin tutadi.		/linked/	2130
begins	B1	n.	boshlamoq	The begins plays an important role in daily life.	Kundalik hayotda boshlamoq muhim oʻrin tutadi.		/begins/	2131
treated	B1	n.	muomala qilmoq, davolamoq	The treated plays an important role in daily life.	Kundalik hayotda muomala qilmoq muhim oʻrin tutadi.		/treated/	2132
leaves	B1	n.	tark etmoq, qoldirmoq	The leaves plays an important role in daily life.	Kundalik hayotda tark etmoq muhim oʻrin tutadi.		/leaves/	2133
clearance	B1	n.	aniqlashtirmoq	The clearance plays an important role in daily life.	Kundalik hayotda aniqlashtirmoq muhim oʻrin tutadi.		/clearance/	2134
connections	B1	n.	ulamoq, bog'lamoq	The connections plays an important role in daily life.	Kundalik hayotda ulamoq muhim oʻrin tutadi.		/connections/	2135
inventory	B1	n.	ixtiro qilmoq	The inventory plays an important role in daily life.	Kundalik hayotda ixtiro qilmoq muhim oʻrin tutadi.		/inventory/	2136
converter	B1	n.	aylantirmoq	The converter plays an important role in daily life.	Kundalik hayotda aylantirmoq muhim oʻrin tutadi.		/converter/	2137
checks	B1	n.	tekshirmoq	The checks plays an important role in daily life.	Kundalik hayotda tekshirmoq muhim oʻrin tutadi.		/checks/	2138
reached	B1	n.	yetib bormoq	The reached plays an important role in daily life.	Kundalik hayotda yetib bormoq muhim oʻrin tutadi.		/reached/	2139
indicated	B1	n.	ko'rsatmoq	The indicated plays an important role in daily life.	Kundalik hayotda ko'rsatmoq muhim oʻrin tutadi.		/indicated/	2140
stick	B1	v./n.	yopishmoq; tayoq	You should practice how to stick properly in real conversation.	Siz haqiqiy suhbatda toʻgʻri yopishmoqni mashq qilishingiz kerak.		/stick/	2141
enabled	B1	n.	imkon bermoq	The enabled plays an important role in daily life.	Kundalik hayotda imkon bermoq muhim oʻrin tutadi.		/enabled/	2142
slide	B1	v./n.	sirg'almoq	You should practice how to slide properly in real conversation.	Siz haqiqiy suhbatda toʻgʻri sirg'almoqni mashq qilishingiz kerak.		/slide/	2143
tested	B1	n.	sinamoq; sinov	The tested plays an important role in daily life.	Kundalik hayotda sinamoq muhim oʻrin tutadi.		/tested/	2144
adapter	B1	n.	moslashmoq	The adapter plays an important role in daily life.	Kundalik hayotda moslashmoq muhim oʻrin tutadi.		/adapter/	2145
formal	B1	n.	shakllantirmoq; shakl	The formal plays an important role in daily life.	Kundalik hayotda shakllantirmoq muhim oʻrin tutadi.		/formal/	2146
showed	B1	n.	ko'rsatmoq	The showed plays an important role in daily life.	Kundalik hayotda ko'rsatmoq muhim oʻrin tutadi.		/showed/	2147
presents	B1	n.	taqdim etmoq	The presents plays an important role in daily life.	Kundalik hayotda taqdim etmoq muhim oʻrin tutadi.		/presents/	2148
dolls	B1	n.	bajarmoq	The dolls plays an important role in daily life.	Kundalik hayotda bajarmoq muhim oʻrin tutadi.		/dolls/	2149
inspection	B1	n.	tekshirmoq holati / jarayoni	The inspection plays an important role in daily life.	Kundalik hayotda tekshirmoq holati / jarayoni muhim oʻrin tutadi.		/inspection/	2150
limits	B1	n.	cheklamoq	The limits plays an important role in daily life.	Kundalik hayotda cheklamoq muhim oʻrin tutadi.		/limits/	2151
paint	B1	v./n.	bo'yamoq	You should practice how to paint properly in real conversation.	Siz haqiqiy suhbatda toʻgʻri bo'yamoqni mashq qilishingiz kerak.		/paint/	2152
increases	B1	n.	oshirmoq, ko'paymoq	The increases plays an important role in daily life.	Kundalik hayotda oshirmoq muhim oʻrin tutadi.		/increases/	2153
winner	B1	n.	g'alaba qozonmoq	The winner plays an important role in daily life.	Kundalik hayotda g'alaba qozonmoq muhim oʻrin tutadi.		/winner/	2154
plays	B1	n.	o'ynamoq	The plays plays an important role in daily life.	Kundalik hayotda o'ynamoq muhim oʻrin tutadi.		/plays/	2155
indicates	B1	n.	ko'rsatmoq	The indicates plays an important role in daily life.	Kundalik hayotda ko'rsatmoq muhim oʻrin tutadi.		/indicates/	2156
painting	B1	n.	bo'yamoq	The painting plays an important role in daily life.	Kundalik hayotda bo'yamoq muhim oʻrin tutadi.		/painting/	2157
committed	B1	n.	majburiyat olmoq, sodir etmoq	The committed plays an important role in daily life.	Kundalik hayotda majburiyat olmoq muhim oʻrin tutadi.		/committed/	2158
affordable	B1	adj.	qurbi yetmoq xususiyatiga ega	Her explanation was very affordable and easy to understand.	Uning tushuntirishi juda qurbi yetmoq xususiyatiga ega va tushunish oson edi.		/affordable/	2159
eating	B1	n.	yemoq	The eating plays an important role in daily life.	Kundalik hayotda yemoq muhim oʻrin tutadi.		/eating/	2160
planned	B1	n.	rejalashtirmoq	The planned plays an important role in daily life.	Kundalik hayotda rejalashtirmoq muhim oʻrin tutadi.		/planned/	2161
watching	B1	n.	tomosha qilmoq, kuzatmoq	The watching plays an important role in daily life.	Kundalik hayotda tomosha qilmoq muhim oʻrin tutadi.		/watching/	2162
buyers	B1	n.	sotib olmoq	The buyers plays an important role in daily life.	Kundalik hayotda sotib olmoq muhim oʻrin tutadi.		/buyers/	2163
charged	B1	n.	haq olmoq; quvvatlamoq	The charged plays an important role in daily life.	Kundalik hayotda haq olmoq muhim oʻrin tutadi.		/charged/	2164
publishers	B1	n.	nashr etmoq	The publishers plays an important role in daily life.	Kundalik hayotda nashr etmoq muhim oʻrin tutadi.		/publishers/	2165
remaining	B1	n.	qolmoq	The remaining plays an important role in daily life.	Kundalik hayotda qolmoq muhim oʻrin tutadi.		/remaining/	2166
depending	B1	n.	bog'liq bo'lmoq	The depending plays an important role in daily life.	Kundalik hayotda bog'liq bo'lmoq muhim oʻrin tutadi.		/depending/	2167
helped	B1	n.	yordam bermoq	The helped plays an important role in daily life.	Kundalik hayotda yordam bermoq muhim oʻrin tutadi.		/helped/	2168
purchased	B1	n.	xarid qilmoq	The purchased plays an important role in daily life.	Kundalik hayotda xarid qilmoq muhim oʻrin tutadi.		/purchased/	2169
visiting	B1	n.	tashrif buyurmoq	The visiting plays an important role in daily life.	Kundalik hayotda tashrif buyurmoq muhim oʻrin tutadi.		/visiting/	2170
performing	B1	n.	ijro etmoq	The performing plays an important role in daily life.	Kundalik hayotda ijro etmoq muhim oʻrin tutadi.		/performing/	2171
collected	B1	n.	to'plamoq	The collected plays an important role in daily life.	Kundalik hayotda to'plamoq muhim oʻrin tutadi.		/collected/	2172
suitable	B1	adj.	mos tushmoq; kostyum xususiyatiga ega	Her explanation was very suitable and easy to understand.	Uning tushuntirishi juda mos tushmoq va tushunish oson edi.		/suitable/	2173
push	B1	v./n.	itarmoq	You should practice how to push properly in real conversation.	Siz haqiqiy suhbatda toʻgʻri itarmoqni mashq qilishingiz kerak.		/push/	2174
findings	B1	n.	topmoq	The findings plays an important role in daily life.	Kundalik hayotda topmoq muhim oʻrin tutadi.		/findings/	2175
scheduled	B1	n.	rejalashtirmoq; jadval	The scheduled plays an important role in daily life.	Kundalik hayotda rejalashtirmoq muhim oʻrin tutadi.		/scheduled/	2176
shower	B1	n.	ko'rsatmoq	The shower plays an important role in daily life.	Kundalik hayotda ko'rsatmoq muhim oʻrin tutadi.		/shower/	2177
sending	B1	n.	yubormoq	The sending plays an important role in daily life.	Kundalik hayotda yubormoq muhim oʻrin tutadi.		/sending/	2178
holdem	B1	n.	ushlab turmoq	The holdem plays an important role in daily life.	Kundalik hayotda ushlab turmoq muhim oʻrin tutadi.		/holdem/	2179
governor	B1	n.	boshqarmoq	The governor plays an important role in daily life.	Kundalik hayotda boshqarmoq muhim oʻrin tutadi.		/governor/	2180
seemed	B1	n.	ko'rmoq	The seemed plays an important role in daily life.	Kundalik hayotda ko'rmoq muhim oʻrin tutadi.		/seemed/	2181
measurement	B1	n.	o'lchamoq holati / jarayoni	The measurement plays an important role in daily life.	Kundalik hayotda o'lchamoq holati / jarayoni muhim oʻrin tutadi.		/measurement/	2182
swimming	B1	n.	suzmoq	The swimming plays an important role in daily life.	Kundalik hayotda suzmoq muhim oʻrin tutadi.		/swimming/	2183
formula	B1	n.	shakllantirmoq; shakl	The formula plays an important role in daily life.	Kundalik hayotda shakllantirmoq muhim oʻrin tutadi.		/formula/	2184
catch	B1	v./n.	tutib olmoq	You should practice how to catch properly in real conversation.	Siz haqiqiy suhbatda toʻgʻri tutib olmoqni mashq qilishingiz kerak.		/catch/	2185
finder	B1	n.	topmoq	The finder plays an important role in daily life.	Kundalik hayotda topmoq muhim oʻrin tutadi.		/finder/	2186
attacks	B1	n.	hujum qilmoq	The attacks plays an important role in daily life.	Kundalik hayotda hujum qilmoq muhim oʻrin tutadi.		/attacks/	2187
resistance	B1	n.	qarshilik ko'rsatmoq	The resistance plays an important role in daily life.	Kundalik hayotda qarshilik ko'rsatmoq muhim oʻrin tutadi.		/resistance/	2188
doors	B1	n.	bajarmoq	The doors plays an important role in daily life.	Kundalik hayotda bajarmoq muhim oʻrin tutadi.		/doors/	2189
visitor	B1	n.	tashrif buyurmoq	The visitor plays an important role in daily life.	Kundalik hayotda tashrif buyurmoq muhim oʻrin tutadi.		/visitor/	2190
dont	B1	n.	bajarmoq	The dont plays an important role in daily life.	Kundalik hayotda bajarmoq muhim oʻrin tutadi.		/dont/	2191
drawing	B1	n.	chizmoq; tortmoq	The drawing plays an important role in daily life.	Kundalik hayotda chizmoq muhim oʻrin tutadi.		/drawing/	2192
ordered	B1	n.	buyurtma bermoq, buyurmoq	The ordered plays an important role in daily life.	Kundalik hayotda buyurtma bermoq muhim oʻrin tutadi.		/ordered/	2193
fighting	B1	n.	kurashmoq	The fighting plays an important role in daily life.	Kundalik hayotda kurashmoq muhim oʻrin tutadi.		/fighting/	2194
happens	B1	n.	sodir bo'lmoq	The happens plays an important role in daily life.	Kundalik hayotda sodir bo'lmoq muhim oʻrin tutadi.		/happens/	2195
focused	B1	n.	diqqatni qaratmoq	The focused plays an important role in daily life.	Kundalik hayotda diqqatni qaratmoq muhim oʻrin tutadi.		/focused/	2196
asking	B1	n.	so'ramoq	The asking plays an important role in daily life.	Kundalik hayotda so'ramoq muhim oʻrin tutadi.		/asking/	2197
suit	B1	v./n.	mos tushmoq; kostyum	You should practice how to suit properly in real conversation.	Siz haqiqiy suhbatda toʻgʻri mos tushmoqni mashq qilishingiz kerak.		/suit/	2198
cutting	B1	n.	kesmoq	The cutting plays an important role in daily life.	Kundalik hayotda kesmoq muhim oʻrin tutadi.		/cutting/	2199
writers	B1	n.	yozmoq	The writers plays an important role in daily life.	Kundalik hayotda yozmoq muhim oʻrin tutadi.		/writers/	2200
marks	B1	n.	belgilamoq	The marks plays an important role in daily life.	Kundalik hayotda belgilamoq muhim oʻrin tutadi.		/marks/	2201
loved	B1	n.	sevmoq	The loved plays an important role in daily life.	Kundalik hayotda sevmoq muhim oʻrin tutadi.		/loved/	2202
represents	B1	n.	vakillik qilmoq	The represents plays an important role in daily life.	Kundalik hayotda vakillik qilmoq muhim oʻrin tutadi.		/represents/	2203
preferred	B1	n.	afzal ko'rmoq	The preferred plays an important role in daily life.	Kundalik hayotda afzal ko'rmoq muhim oʻrin tutadi.		/preferred/	2204
saved	B1	n.	saqlamoq, asramoq	The saved plays an important role in daily life.	Kundalik hayotda saqlamoq muhim oʻrin tutadi.		/saved/	2205
paying	B1	n.	to'lamoq	The paying plays an important role in daily life.	Kundalik hayotda to'lamoq muhim oʻrin tutadi.		/paying/	2206
granted	B1	n.	ajratmoq, bermoq	The granted plays an important role in daily life.	Kundalik hayotda ajratmoq muhim oʻrin tutadi.		/granted/	2207
spending	B1	n.	sarflamoq	The spending plays an important role in daily life.	Kundalik hayotda sarflamoq muhim oʻrin tutadi.		/spending/	2208
listening	B1	n.	tinglamoq	The listening plays an important role in daily life.	Kundalik hayotda tinglamoq muhim oʻrin tutadi.		/listening/	2209
employed	B1	n.	ishga olmoq	The employed plays an important role in daily life.	Kundalik hayotda ishga olmoq muhim oʻrin tutadi.		/employed/	2210
formed	B1	n.	shakllantirmoq; shakl	The formed plays an important role in daily life.	Kundalik hayotda shakllantirmoq muhim oʻrin tutadi.		/formed/	2211
allowing	B1	n.	ruxsat bermoq	The allowing plays an important role in daily life.	Kundalik hayotda ruxsat bermoq muhim oʻrin tutadi.		/allowing/	2212
earnings	B1	n.	pul ishlab topmoq	The earnings plays an important role in daily life.	Kundalik hayotda pul ishlab topmoq muhim oʻrin tutadi.		/earnings/	2213
risks	B1	n.	tavakkal qilmoq	The risks plays an important role in daily life.	Kundalik hayotda tavakkal qilmoq muhim oʻrin tutadi.		/risks/	2214
counties	B1	n.	sanamoq	The counties plays an important role in daily life.	Kundalik hayotda sanamoq muhim oʻrin tutadi.		/counties/	2215
implemented	B1	n.	joriy etmoq, amalga oshirmoq	The implemented plays an important role in daily life.	Kundalik hayotda joriy etmoq muhim oʻrin tutadi.		/implemented/	2216
recognized	B1	n.	tanimoq	The recognized plays an important role in daily life.	Kundalik hayotda tanimoq muhim oʻrin tutadi.		/recognized/	2217
dreams	B1	n.	orzu qilmoq	The dreams plays an important role in daily life.	Kundalik hayotda orzu qilmoq muhim oʻrin tutadi.		/dreams/	2218
stands	B1	n.	turmoq (tik)	The stands plays an important role in daily life.	Kundalik hayotda turmoq (tik) muhim oʻrin tutadi.		/stands/	2219
occurred	B1	n.	yuz bermoq	The occurred plays an important role in daily life.	Kundalik hayotda yuz bermoq muhim oʻrin tutadi.		/occurred/	2220
pull	B1	v./n.	tortmoq	You should practice how to pull properly in real conversation.	Siz haqiqiy suhbatda toʻgʻri tortmoqni mashq qilishingiz kerak.		/pull/	2221
formats	B1	n.	shakllantirmoq; shakl	The formats plays an important role in daily life.	Kundalik hayotda shakllantirmoq muhim oʻrin tutadi.		/formats/	2222
depends	B1	n.	bog'liq bo'lmoq	The depends plays an important role in daily life.	Kundalik hayotda bog'liq bo'lmoq muhim oʻrin tutadi.		/depends/	2223
holds	B1	n.	ushlab turmoq	The holds plays an important role in daily life.	Kundalik hayotda ushlab turmoq muhim oʻrin tutadi.		/holds/	2224
folder	B1	n.	buklamoq	The folder plays an important role in daily life.	Kundalik hayotda buklamoq muhim oʻrin tutadi.		/folder/	2225
notices	B1	n.	payqamoq	The notices plays an important role in daily life.	Kundalik hayotda payqamoq muhim oʻrin tutadi.		/notices/	2226
converted	B1	n.	aylantirmoq	The converted plays an important role in daily life.	Kundalik hayotda aylantirmoq muhim oʻrin tutadi.		/converted/	2227
accessible	B1	n.	kirish huquqi, foydalanish	The accessible plays an important role in daily life.	Kundalik hayotda kirish huquqi muhim oʻrin tutadi.		/accessible/	2228
accessory	B1	n.	kirish huquqi, foydalanish	The accessory plays an important role in daily life.	Kundalik hayotda kirish huquqi muhim oʻrin tutadi.		/accessory/	2229
exists	B1	n.	mavjud bo'lmoq	The exists plays an important role in daily life.	Kundalik hayotda mavjud bo'lmoq muhim oʻrin tutadi.		/exists/	2230
strike	B1	v./n.	zarba bermoq	You should practice how to strike properly in real conversation.	Siz haqiqiy suhbatda toʻgʻri zarba bermoqni mashq qilishingiz kerak.		/strike/	2231
sitting	B1	n.	o'tirmoq	The sitting plays an important role in daily life.	Kundalik hayotda o'tirmoq muhim oʻrin tutadi.		/sitting/	2232
putting	B1	n.	qo'ymoq	The putting plays an important role in daily life.	Kundalik hayotda qo'ymoq muhim oʻrin tutadi.		/putting/	2233
controller	B1	n.	boshqarmoq, nazorat qilmoq	The controller plays an important role in daily life.	Kundalik hayotda boshqarmoq muhim oʻrin tutadi.		/controller/	2234
committees	B1	n.	majburiyat olmoq, sodir etmoq	The committees plays an important role in daily life.	Kundalik hayotda majburiyat olmoq muhim oʻrin tutadi.		/committees/	2235
researchers	B1	n.	tadqiq qilmoq	The researchers plays an important role in daily life.	Kundalik hayotda tadqiq qilmoq muhim oʻrin tutadi.		/researchers/	2236
missed	B1	n.	sog'inmoq; o'tkazib yubormoq	The missed plays an important role in daily life.	Kundalik hayotda sog'inmoq muhim oʻrin tutadi.		/missed/	2237
labels	B1	n.	yorliq yopishtirmoq	The labels plays an important role in daily life.	Kundalik hayotda yorliq yopishtirmoq muhim oʻrin tutadi.		/labels/	2238
acting	B1	n.	harakat qilmoq	The acting plays an important role in daily life.	Kundalik hayotda harakat qilmoq muhim oʻrin tutadi.		/acting/	2239
stored	B1	n.	saqlamoq; do'kon	The stored plays an important role in daily life.	Kundalik hayotda saqlamoq muhim oʻrin tutadi.		/stored/	2240
sustainable	B1	adj.	saqlab turmoq xususiyatiga ega	Her explanation was very sustainable and easy to understand.	Uning tushuntirishi juda saqlab turmoq xususiyatiga ega va tushunish oson edi.		/sustainable/	2241
employers	B1	n.	ishga olmoq	The employers plays an important role in daily life.	Kundalik hayotda ishga olmoq muhim oʻrin tutadi.		/employers/	2242
scan	B1	v./n.	skanerlamoq, ko'z yugurtirmoq	You should practice how to scan properly in real conversation.	Siz haqiqiy suhbatda toʻgʻri skanerlamoqni mashq qilishingiz kerak.		/scan/	2243
elections	B1	n.	saylamoq	The elections plays an important role in daily life.	Kundalik hayotda saylamoq muhim oʻrin tutadi.		/elections/	2244
drinking	B1	n.	ichmoq	The drinking plays an important role in daily life.	Kundalik hayotda ichmoq muhim oʻrin tutadi.		/drinking/	2245
reaction	B1	n.	reaksiya bildirmoq holati / jarayoni	The reaction plays an important role in daily life.	Kundalik hayotda reaksiya bildirmoq holati / jarayoni muhim oʻrin tutadi.		/reaction/	2246
enhanced	B1	n.	yaxshilamoq, oshirmoq	The enhanced plays an important role in daily life.	Kundalik hayotda yaxshilamoq muhim oʻrin tutadi.		/enhanced/	2247
monitors	B1	n.	kuzatib bormoq	The monitors plays an important role in daily life.	Kundalik hayotda kuzatib bormoq muhim oʻrin tutadi.		/monitors/	2248
lived	B1	n.	yashamoq	The lived plays an important role in daily life.	Kundalik hayotda yashamoq muhim oʻrin tutadi.		/lived/	2249
visits	B1	n.	tashrif buyurmoq	The visits plays an important role in daily life.	Kundalik hayotda tashrif buyurmoq muhim oʻrin tutadi.		/visits/	2250
flying	B1	n.	uchmoq	The flying plays an important role in daily life.	Kundalik hayotda uchmoq muhim oʻrin tutadi.		/flying/	2251
cute	B1	n.	kesmoq	The cute plays an important role in daily life.	Kundalik hayotda kesmoq muhim oʻrin tutadi.		/cute/	2252
organized	B1	n.	tashkillashtirmoq	The organized plays an important role in daily life.	Kundalik hayotda tashkillashtirmoq muhim oʻrin tutadi.		/organized/	2253
adoption	B1	n.	qabul qilmoq holati / jarayoni	The adoption plays an important role in daily life.	Kundalik hayotda qabul qilmoq holati / jarayoni muhim oʻrin tutadi.		/adoption/	2254
meant	B1	n.	anglatmoq	The meant plays an important role in daily life.	Kundalik hayotda anglatmoq muhim oʻrin tutadi.		/meant/	2255
plane	B1	n.	rejalashtirmoq	The plane plays an important role in daily life.	Kundalik hayotda rejalashtirmoq muhim oʻrin tutadi.		/plane/	2256
explained	B1	n.	tushuntirmoq	The explained plays an important role in daily life.	Kundalik hayotda tushuntirmoq muhim oʻrin tutadi.		/explained/	2257
seed	B1	n.	ko'rmoq	The seed plays an important role in daily life.	Kundalik hayotda ko'rmoq muhim oʻrin tutadi.		/seed/	2258
meets	B1	n.	uchrashmoq	The meets plays an important role in daily life.	Kundalik hayotda uchrashmoq muhim oʻrin tutadi.		/meets/	2259
marked	B1	n.	belgilamoq	The marked plays an important role in daily life.	Kundalik hayotda belgilamoq muhim oʻrin tutadi.		/marked/	2260
driven	B1	n.	haydamoq	The driven plays an important role in daily life.	Kundalik hayotda haydamoq muhim oʻrin tutadi.		/driven/	2261
measured	B1	n.	o'lchamoq	The measured plays an important role in daily life.	Kundalik hayotda o'lchamoq muhim oʻrin tutadi.		/measured/	2262
considering	B1	n.	ko'rib chiqmoq, deb hisoblamoq	The considering plays an important role in daily life.	Kundalik hayotda ko'rib chiqmoq muhim oʻrin tutadi.		/considering/	2263
detection	B1	n.	aniqlamoq holati / jarayoni	The detection plays an important role in daily life.	Kundalik hayotda aniqlamoq holati / jarayoni muhim oʻrin tutadi.		/detection/	2264
cookies	B1	n.	ovqat pishirmoq	The cookies plays an important role in daily life.	Kundalik hayotda ovqat pishirmoq muhim oʻrin tutadi.		/cookies/	2265
holder	B1	n.	ushlab turmoq	The holder plays an important role in daily life.	Kundalik hayotda ushlab turmoq muhim oʻrin tutadi.		/holder/	2266
settlement	B1	n.	hal qilmoq, o'rnashmoq holati / jarayoni	The settlement plays an important role in daily life.	Kundalik hayotda hal qilmoq muhim oʻrin tutadi.		/settlement/	2267
brings	B1	n.	olib kelmoq	The brings plays an important role in daily life.	Kundalik hayotda olib kelmoq muhim oʻrin tutadi.		/brings/	2268
heating	B1	n.	isitmoq; issiqlik	The heating plays an important role in daily life.	Kundalik hayotda isitmoq muhim oʻrin tutadi.		/heating/	2269
wing	B1	n.	g'alaba qozonmoq	The wing plays an important role in daily life.	Kundalik hayotda g'alaba qozonmoq muhim oʻrin tutadi.		/wing/	2270
taste	B1	v./n.	tatib ko'rmoq; ta'm	You should practice how to taste properly in real conversation.	Siz haqiqiy suhbatda toʻgʻri tatib ko'rmoqni mashq qilishingiz kerak.		/taste/	2271
dealing	B1	n.	shug'ullanmoq, bitim tuzmoq	The dealing plays an important role in daily life.	Kundalik hayotda shug'ullanmoq muhim oʻrin tutadi.		/dealing/	2272
livecam	B1	n.	yashamoq	The livecam plays an important role in daily life.	Kundalik hayotda yashamoq muhim oʻrin tutadi.		/livecam/	2273
turns	B1	n.	burilmoq; navbat	The turns plays an important role in daily life.	Kundalik hayotda burilmoq muhim oʻrin tutadi.		/turns/	2274
commands	B1	n.	buyruq bermoq	The commands plays an important role in daily life.	Kundalik hayotda buyruq bermoq muhim oʻrin tutadi.		/commands/	2275
instructor	B1	n.	ko'rsatma bermoq	The instructor plays an important role in daily life.	Kundalik hayotda ko'rsatma bermoq muhim oʻrin tutadi.		/instructor/	2276
achieved	B1	n.	erishmoq	The achieved plays an important role in daily life.	Kundalik hayotda erishmoq muhim oʻrin tutadi.		/achieved/	2277
seats	B1	n.	o'tqazmoq; o'rindiq	The seats plays an important role in daily life.	Kundalik hayotda o'tqazmoq muhim oʻrin tutadi.		/seats/	2278
approaches	B1	n.	yondashmoq	The approaches plays an important role in daily life.	Kundalik hayotda yondashmoq muhim oʻrin tutadi.		/approaches/	2279
loading	B1	n.	yuklamoq	The loading plays an important role in daily life.	Kundalik hayotda yuklamoq muhim oʻrin tutadi.		/loading/	2280
appeared	B1	n.	ko'rinmoq, paydo bo'lmoq	The appeared plays an important role in daily life.	Kundalik hayotda ko'rinmoq muhim oʻrin tutadi.		/appeared/	2281
designers	B1	n.	loyihalashtirmoq	The designers plays an important role in daily life.	Kundalik hayotda loyihalashtirmoq muhim oʻrin tutadi.		/designers/	2282
betting	B1	n.	garov boylamoq	The betting plays an important role in daily life.	Kundalik hayotda garov boylamoq muhim oʻrin tutadi.		/betting/	2283
volunteers	B1	n.	ko'ngilli bo'lmoq	The volunteers plays an important role in daily life.	Kundalik hayotda ko'ngilli bo'lmoq muhim oʻrin tutadi.		/volunteers/	2284
ringtone	B1	n.	jiringlamoq; uzuk	The ringtone plays an important role in daily life.	Kundalik hayotda jiringlamoq muhim oʻrin tutadi.		/ringtone/	2285
prayer	B1	n.	ibodat qilmoq	The prayer plays an important role in daily life.	Kundalik hayotda ibodat qilmoq muhim oʻrin tutadi.		/prayer/	2286
postage	B1	n.	joylashtirmoq (post)	The postage plays an important role in daily life.	Kundalik hayotda joylashtirmoq (post) muhim oʻrin tutadi.		/postage/	2287
producer	B1	n.	ishlab chiqarmoq	The producer plays an important role in daily life.	Kundalik hayotda ishlab chiqarmoq muhim oʻrin tutadi.		/producer/	2288
represented	B1	n.	vakillik qilmoq	The represented plays an important role in daily life.	Kundalik hayotda vakillik qilmoq muhim oʻrin tutadi.		/represented/	2289
investors	B1	n.	sarmoya kiritmoq	The investors plays an important role in daily life.	Kundalik hayotda sarmoya kiritmoq muhim oʻrin tutadi.		/investors/	2290
maker	B1	n.	qilmoq, yaratmoq	The maker plays an important role in daily life.	Kundalik hayotda qilmoq muhim oʻrin tutadi.		/maker/	2291
picks	B1	n.	termoq, tanlamoq	The picks plays an important role in daily life.	Kundalik hayotda termoq muhim oʻrin tutadi.		/picks/	2292
calculated	B1	n.	hisoblamoq	The calculated plays an important role in daily life.	Kundalik hayotda hisoblamoq muhim oʻrin tutadi.		/calculated/	2293
smoke	B1	v./n.	chekish; tutun	You should practice how to smoke properly in real conversation.	Siz haqiqiy suhbatda toʻgʻri chekishni mashq qilishingiz kerak.		/smoke/	2294
investing	B1	n.	sarmoya kiritmoq	The investing plays an important role in daily life.	Kundalik hayotda sarmoya kiritmoq muhim oʻrin tutadi.		/investing/	2295
elected	B1	n.	saylamoq	The elected plays an important role in daily life.	Kundalik hayotda saylamoq muhim oʻrin tutadi.		/elected/	2296
carrying	B1	n.	ko'tarib yurmoq	The carrying plays an important role in daily life.	Kundalik hayotda ko'tarib yurmoq muhim oʻrin tutadi.		/carrying/	2297
finds	B1	n.	topmoq	The finds plays an important role in daily life.	Kundalik hayotda topmoq muhim oʻrin tutadi.		/finds/	2298
corrections	B1	n.	tuzatmoq	The corrections plays an important role in daily life.	Kundalik hayotda tuzatmoq muhim oʻrin tutadi.		/corrections/	2299
describes	B1	n.	tasvirlamoq	The describes plays an important role in daily life.	Kundalik hayotda tasvirlamoq muhim oʻrin tutadi.		/describes/	2300
occurs	B1	n.	yuz bermoq	The occurs plays an important role in daily life.	Kundalik hayotda yuz bermoq muhim oʻrin tutadi.		/occurs/	2301
consists	B1	n.	iborat bo'lmoq	The consists plays an important role in daily life.	Kundalik hayotda iborat bo'lmoq muhim oʻrin tutadi.		/consists/	2302
addressed	B1	n.	manzil; hal qilmoq	The addressed plays an important role in daily life.	Kundalik hayotda manzil muhim oʻrin tutadi.		/addressed/	2303
lies	B1	n.	yotmoq; aldamoq	The lies plays an important role in daily life.	Kundalik hayotda yotmoq muhim oʻrin tutadi.		/lies/	2304
guardian	B1	n.	qo'riqlamoq	The guardian plays an important role in daily life.	Kundalik hayotda qo'riqlamoq muhim oʻrin tutadi.		/guardian/	2305
layout	B1	n.	qo'ymoq	The layout plays an important role in daily life.	Kundalik hayotda qo'ymoq muhim oʻrin tutadi.		/layout/	2306
lay	B1	v./n.	qo'ymoq	You should practice how to lay properly in real conversation.	Siz haqiqiy suhbatda toʻgʻri qo'ymoqni mashq qilishingiz kerak.		/lay/	2307
donate	B1	n.	bajarmoq	The donate plays an important role in daily life.	Kundalik hayotda bajarmoq muhim oʻrin tutadi.		/donate/	2308
worker	B1	n.	ishlamoq	The worker plays an important role in daily life.	Kundalik hayotda ishlamoq muhim oʻrin tutadi.		/worker/	2309
discovered	B1	n.	kashf etmoq	The discovered plays an important role in daily life.	Kundalik hayotda kashf etmoq muhim oʻrin tutadi.		/discovered/	2310
wings	B1	n.	g'alaba qozonmoq	The wings plays an important role in daily life.	Kundalik hayotda g'alaba qozonmoq muhim oʻrin tutadi.		/wings/	2311
breaks	B1	n.	sindirmoq, buzmoq	The breaks plays an important role in daily life.	Kundalik hayotda sindirmoq muhim oʻrin tutadi.		/breaks/	2312
restrictions	B1	n.	cheklamoq	The restrictions plays an important role in daily life.	Kundalik hayotda cheklamoq muhim oʻrin tutadi.		/restrictions/	2313
bringing	B1	n.	olib kelmoq	The bringing plays an important role in daily life.	Kundalik hayotda olib kelmoq muhim oʻrin tutadi.		/bringing/	2314
dose	B1	n.	bajarmoq	The dose plays an important role in daily life.	Kundalik hayotda bajarmoq muhim oʻrin tutadi.		/dose/	2315
collect	B1	v./n.	to'plamoq	You should practice how to collect properly in real conversation.	Siz haqiqiy suhbatda toʻgʻri to'plamoqni mashq qilishingiz kerak.		/collect/	2316
bet	B1	v./n.	garov boylamoq	You should practice how to bet properly in real conversation.	Siz haqiqiy suhbatda toʻgʻri garov boylamoqni mashq qilishingiz kerak.		/bet/	2317
turning	B1	n.	burilmoq; navbat	The turning plays an important role in daily life.	Kundalik hayotda burilmoq muhim oʻrin tutadi.		/turning/	2318
lets	B1	n.	ruxsat bermoq	The lets plays an important role in daily life.	Kundalik hayotda ruxsat bermoq muhim oʻrin tutadi.		/lets/	2319
surrounding	B1	n.	o'rab olmoq	The surrounding plays an important role in daily life.	Kundalik hayotda o'rab olmoq muhim oʻrin tutadi.		/surrounding/	2320
mountains	B1	n.	o'rnatmoq, minmoq	The mountains plays an important role in daily life.	Kundalik hayotda o'rnatmoq muhim oʻrin tutadi.		/mountains/	2321
moves	B1	n.	harakatlanmoq	The moves plays an important role in daily life.	Kundalik hayotda harakatlanmoq muhim oʻrin tutadi.		/moves/	2322
checked	B1	n.	tekshirmoq	The checked plays an important role in daily life.	Kundalik hayotda tekshirmoq muhim oʻrin tutadi.		/checked/	2323
throw	B1	v./n.	otmoq, irg'itmoq	You should practice how to throw properly in real conversation.	Siz haqiqiy suhbatda toʻgʻri otmoqni mashq qilishingiz kerak.		/throw/	2324
burning	B1	n.	yonmoq, kuymoq	The burning plays an important role in daily life.	Kundalik hayotda yonmoq muhim oʻrin tutadi.		/burning/	2325
receiver	B1	n.	qabul qilib olmoq	The receiver plays an important role in daily life.	Kundalik hayotda qabul qilib olmoq muhim oʻrin tutadi.		/receiver/	2326
tells	B1	n.	aytmoq	The tells plays an important role in daily life.	Kundalik hayotda aytmoq muhim oʻrin tutadi.		/tells/	2327
covering	B1	n.	qoplamoq	The covering plays an important role in daily life.	Kundalik hayotda qoplamoq muhim oʻrin tutadi.		/covering/	2328
talks	B1	n.	gaplashmoq	The talks plays an important role in daily life.	Kundalik hayotda gaplashmoq muhim oʻrin tutadi.		/talks/	2329
passing	B1	n.	o'tmoq, topshirmoq	The passing plays an important role in daily life.	Kundalik hayotda o'tmoq muhim oʻrin tutadi.		/passing/	2330
permitted	B1	n.	ruxsat bermoq	The permitted plays an important role in daily life.	Kundalik hayotda ruxsat bermoq muhim oʻrin tutadi.		/permitted/	2331
confirmed	B1	n.	tasdiqlamoq	The confirmed plays an important role in daily life.	Kundalik hayotda tasdiqlamoq muhim oʻrin tutadi.		/confirmed/	2332
counts	B1	n.	sanamoq	The counts plays an important role in daily life.	Kundalik hayotda sanamoq muhim oʻrin tutadi.		/counts/	2333
closer	B1	n.	yopmoq	The closer plays an important role in daily life.	Kundalik hayotda yopmoq muhim oʻrin tutadi.		/closer/	2334
assumes	B1	n.	faraz qilmoq	The assumes plays an important role in daily life.	Kundalik hayotda faraz qilmoq muhim oʻrin tutadi.		/assumes/	2335
healing	B1	n.	tuzalmoq	The healing plays an important role in daily life.	Kundalik hayotda tuzalmoq muhim oʻrin tutadi.		/healing/	2336
entering	B1	n.	kirmoq	The entering plays an important role in daily life.	Kundalik hayotda kirmoq muhim oʻrin tutadi.		/entering/	2337
packet	B1	n.	joylamoq	The packet plays an important role in daily life.	Kundalik hayotda joylamoq muhim oʻrin tutadi.		/packet/	2338
involvement	B1	n.	jalb qilmoq holati / jarayoni	The involvement plays an important role in daily life.	Kundalik hayotda jalb qilmoq holati / jarayoni muhim oʻrin tutadi.		/involvement/	2339
placement	B1	n.	joylashtirmoq; joy holati / jarayoni	The placement plays an important role in daily life.	Kundalik hayotda joylashtirmoq muhim oʻrin tutadi.		/placement/	2340
winners	B1	n.	g'alaba qozonmoq	The winners plays an important role in daily life.	Kundalik hayotda g'alaba qozonmoq muhim oʻrin tutadi.		/winners/	2341
rolling	B1	n.	dumalatmoq	The rolling plays an important role in daily life.	Kundalik hayotda dumalatmoq muhim oʻrin tutadi.		/rolling/	2342
establishment	B1	n.	asos solmoq, o'rnatmoq holati / jarayoni	The establishment plays an important role in daily life.	Kundalik hayotda asos solmoq muhim oʻrin tutadi.		/establishment/	2343
arrived	B1	n.	yetib kelmoq	The arrived plays an important role in daily life.	Kundalik hayotda yetib kelmoq muhim oʻrin tutadi.		/arrived/	2344
creates	B1	n.	yaratmoq	The creates plays an important role in daily life.	Kundalik hayotda yaratmoq muhim oʻrin tutadi.		/creates/	2345
faces	B1	n.	duch kelmoq; yuz	The faces plays an important role in daily life.	Kundalik hayotda duch kelmoq muhim oʻrin tutadi.		/faces/	2346
pour	B1	v./n.	quymoq	You should practice how to pour properly in real conversation.	Siz haqiqiy suhbatda toʻgʻri quymoqni mashq qilishingiz kerak.		/pour/	2347
replaced	B1	n.	almashtirmoq	The replaced plays an important role in daily life.	Kundalik hayotda almashtirmoq muhim oʻrin tutadi.		/replaced/	2348
stopped	B1	n.	to'xtamoq	The stopped plays an important role in daily life.	Kundalik hayotda to'xtamoq muhim oʻrin tutadi.		/stopped/	2349
shooting	B1	n.	otmoq	The shooting plays an important role in daily life.	Kundalik hayotda otmoq muhim oʻrin tutadi.		/shooting/	2350
adds	B1	n.	qo'shmoq	The adds plays an important role in daily life.	Kundalik hayotda qo'shmoq muhim oʻrin tutadi.		/adds/	2351
launched	B1	n.	ishga tushirmoq, uchirmoq	The launched plays an important role in daily life.	Kundalik hayotda ishga tushirmoq muhim oʻrin tutadi.		/launched/	2352
tie	B1	v./n.	bog'lamoq; galstuk	You should practice how to tie properly in real conversation.	Siz haqiqiy suhbatda toʻgʻri bog'lamoqni mashq qilishingiz kerak.		/tie/	2353
drawn	B1	n.	chizmoq; tortmoq	The drawn plays an important role in daily life.	Kundalik hayotda chizmoq muhim oʻrin tutadi.		/drawn/	2354
visited	B1	n.	tashrif buyurmoq	The visited plays an important role in daily life.	Kundalik hayotda tashrif buyurmoq muhim oʻrin tutadi.		/visited/	2355
walker	B1	n.	piyoda yurmoq	The walker plays an important role in daily life.	Kundalik hayotda piyoda yurmoq muhim oʻrin tutadi.		/walker/	2356
suggests	B1	n.	taklif qilmoq	The suggests plays an important role in daily life.	Kundalik hayotda taklif qilmoq muhim oʻrin tutadi.		/suggests/	2357
kiss	B1	v./n.	o'pmoq	You should practice how to kiss properly in real conversation.	Siz haqiqiy suhbatda toʻgʻri o'pmoqni mashq qilishingiz kerak.		/kiss/	2358
operated	B1	n.	ishlatmoq, operatsiya qilmoq	The operated plays an important role in daily life.	Kundalik hayotda ishlatmoq muhim oʻrin tutadi.		/operated/	2359
purchases	B1	n.	xarid qilmoq	The purchases plays an important role in daily life.	Kundalik hayotda xarid qilmoq muhim oʻrin tutadi.		/purchases/	2360
dodge	B1	n.	bajarmoq	The dodge plays an important role in daily life.	Kundalik hayotda bajarmoq muhim oʻrin tutadi.		/dodge/	2361
invited	B1	n.	taklif qilmoq	The invited plays an important role in daily life.	Kundalik hayotda taklif qilmoq muhim oʻrin tutadi.		/invited/	2362
gordon	B1	n.	bormoq	The gordon plays an important role in daily life.	Kundalik hayotda bormoq muhim oʻrin tutadi.		/gordon/	2363
rush	B1	v./n.	shoshilmoq	You should practice how to rush properly in real conversation.	Siz haqiqiy suhbatda toʻgʻri shoshilmoqni mashq qilishingiz kerak.		/rush/	2364
serves	B1	n.	xizmat qilmoq	The serves plays an important role in daily life.	Kundalik hayotda xizmat qilmoq muhim oʻrin tutadi.		/serves/	2365
shoppers	B1	n.	xarid qilmoq; do'kon	The shoppers plays an important role in daily life.	Kundalik hayotda xarid qilmoq muhim oʻrin tutadi.		/shoppers/	2366
acceptable	B1	adj.	qabul qilmoq xususiyatiga ega	Her explanation was very acceptable and easy to understand.	Uning tushuntirishi juda qabul qilmoq xususiyatiga ega va tushunish oson edi.		/acceptable/	2367
wins	B1	n.	g'alaba qozonmoq	The wins plays an important role in daily life.	Kundalik hayotda g'alaba qozonmoq muhim oʻrin tutadi.		/wins/	2368
trusted	B1	n.	ishonmoq; ishonch	The trusted plays an important role in daily life.	Kundalik hayotda ishonmoq muhim oʻrin tutadi.		/trusted/	2369
shareware	B1	n.	ulashmoq	The shareware plays an important role in daily life.	Kundalik hayotda ulashmoq muhim oʻrin tutadi.		/shareware/	2370
supposed	B1	n.	taxmin qilmoq	The supposed plays an important role in daily life.	Kundalik hayotda taxmin qilmoq muhim oʻrin tutadi.		/supposed/	2371
applying	B1	n.	qo'llamoq, ariza bermoq	The applying plays an important role in daily life.	Kundalik hayotda qo'llamoq muhim oʻrin tutadi.		/applying/	2372
knowing	B1	n.	bilmoq	The knowing plays an important role in daily life.	Kundalik hayotda bilmoq muhim oʻrin tutadi.		/knowing/	2373
reporter	B1	n.	hisobot bermoq	The reporter plays an important role in daily life.	Kundalik hayotda hisobot bermoq muhim oʻrin tutadi.		/reporter/	2374
writes	B1	n.	yozmoq	The writes plays an important role in daily life.	Kundalik hayotda yozmoq muhim oʻrin tutadi.		/writes/	2375
telling	B1	n.	aytmoq	The telling plays an important role in daily life.	Kundalik hayotda aytmoq muhim oʻrin tutadi.		/telling/	2376
traveler	B1	n.	sayohat qilmoq	The traveler plays an important role in daily life.	Kundalik hayotda sayohat qilmoq muhim oʻrin tutadi.		/traveler/	2377
regardless	B1	n.	deb hisoblamoq	The regardless plays an important role in daily life.	Kundalik hayotda deb hisoblamoq muhim oʻrin tutadi.		/regardless/	2378
wishlist	B1	n.	tilamoq; tilak	The wishlist plays an important role in daily life.	Kundalik hayotda tilamoq muhim oʻrin tutadi.		/wishlist/	2379
opens	B1	n.	ochmoq	The opens plays an important role in daily life.	Kundalik hayotda ochmoq muhim oʻrin tutadi.		/opens/	2380
restricted	B1	n.	cheklamoq	The restricted plays an important role in daily life.	Kundalik hayotda cheklamoq muhim oʻrin tutadi.		/restricted/	2381
attendance	B1	n.	qatnashmoq	The attendance plays an important role in daily life.	Kundalik hayotda qatnashmoq muhim oʻrin tutadi.		/attendance/	2382
enables	B1	n.	imkon bermoq	The enables plays an important role in daily life.	Kundalik hayotda imkon bermoq muhim oʻrin tutadi.		/enables/	2383
builder	B1	n.	qurmoq	The builder plays an important role in daily life.	Kundalik hayotda qurmoq muhim oʻrin tutadi.		/builder/	2384
expanded	B1	n.	kengaytirmoq	The expanded plays an important role in daily life.	Kundalik hayotda kengaytirmoq muhim oʻrin tutadi.		/expanded/	2385
grown	B1	n.	o'smoq	The grown plays an important role in daily life.	Kundalik hayotda o'smoq muhim oʻrin tutadi.		/grown/	2386
lovely	B1	adv.	sevmoq tarzda	You should practice how to lovely properly in real conversation.	Siz haqiqiy suhbatda toʻgʻri sevmoq tarzdani mashq qilishingiz kerak.		/lovely/	2387
smile	B1	v./n.	jilmaymoq	You should practice how to smile properly in real conversation.	Siz haqiqiy suhbatda toʻgʻri jilmaymoqni mashq qilishingiz kerak.		/smile/	2388
lands	B1	n.	qo'nmoq; yer	The lands plays an important role in daily life.	Kundalik hayotda qo'nmoq muhim oʻrin tutadi.		/lands/	2389
charger	B1	n.	haq olmoq; quvvatlamoq	The charger plays an important role in daily life.	Kundalik hayotda haq olmoq muhim oʻrin tutadi.		/charger/	2390
believed	B1	n.	ishonmoq	The believed plays an important role in daily life.	Kundalik hayotda ishonmoq muhim oʻrin tutadi.		/believed/	2391
tend	B1	v./n.	moyil bo'lmoq	You should practice how to tend properly in real conversation.	Siz haqiqiy suhbatda toʻgʻri moyil bo'lmoqni mashq qilishingiz kerak.		/tend/	2392
shopper	B1	n.	xarid qilmoq; do'kon	The shopper plays an important role in daily life.	Kundalik hayotda xarid qilmoq muhim oʻrin tutadi.		/shopper/	2393
donald	B1	n.	bajarmoq	The donald plays an important role in daily life.	Kundalik hayotda bajarmoq muhim oʻrin tutadi.		/donald/	2394
exposed	B1	n.	fosh qilmoq	The exposed plays an important role in daily life.	Kundalik hayotda fosh qilmoq muhim oʻrin tutadi.		/exposed/	2395
loaded	B1	n.	yuklamoq	The loaded plays an important role in daily life.	Kundalik hayotda yuklamoq muhim oʻrin tutadi.		/loaded/	2396
governance	B1	n.	boshqarmoq	The governance plays an important role in daily life.	Kundalik hayotda boshqarmoq muhim oʻrin tutadi.		/governance/	2397
founded	B1	n.	asos solmoq	The founded plays an important role in daily life.	Kundalik hayotda asos solmoq muhim oʻrin tutadi.		/founded/	2398
keeps	B1	n.	saqlamoq	The keeps plays an important role in daily life.	Kundalik hayotda saqlamoq muhim oʻrin tutadi.		/keeps/	2399
trained	B1	n.	mashq qilmoq; poyezd	The trained plays an important role in daily life.	Kundalik hayotda mashq qilmoq muhim oʻrin tutadi.		/trained/	2400
burn	B1	v./n.	yonmoq, kuymoq	You should practice how to burn properly in real conversation.	Siz haqiqiy suhbatda toʻgʻri yonmoqni mashq qilishingiz kerak.		/burn/	2401
implementing	B1	n.	joriy etmoq, amalga oshirmoq	The implementing plays an important role in daily life.	Kundalik hayotda joriy etmoq muhim oʻrin tutadi.		/implementing/	2402
gonna	B1	n.	bormoq	The gonna plays an important role in daily life.	Kundalik hayotda bormoq muhim oʻrin tutadi.		/gonna/	2403
lie	B1	v./n.	yotmoq; aldamoq	You should practice how to lie properly in real conversation.	Siz haqiqiy suhbatda toʻgʻri yotmoqni mashq qilishingiz kerak.		/lie/	2404
damages	B1	n.	zarar yetkazmoq	The damages plays an important role in daily life.	Kundalik hayotda zarar yetkazmoq muhim oʻrin tutadi.		/damages/	2405
recorder	B1	n.	yozib olmoq; rekord	The recorder plays an important role in daily life.	Kundalik hayotda yozib olmoq muhim oʻrin tutadi.		/recorder/	2406
complaints	B1	n.	shikoyat qilmoq	The complaints plays an important role in daily life.	Kundalik hayotda shikoyat qilmoq muhim oʻrin tutadi.		/complaints/	2407
passion	B1	n.	o'tmoq, topshirmoq	The passion plays an important role in daily life.	Kundalik hayotda o'tmoq muhim oʻrin tutadi.		/passion/	2408
maintaining	B1	n.	saqlab turmoq	The maintaining plays an important role in daily life.	Kundalik hayotda saqlab turmoq muhim oʻrin tutadi.		/maintaining/	2409
divided	B1	n.	bo'lmoq	The divided plays an important role in daily life.	Kundalik hayotda bo'lmoq muhim oʻrin tutadi.		/divided/	2410
makers	B1	n.	qilmoq, yaratmoq	The makers plays an important role in daily life.	Kundalik hayotda qilmoq muhim oʻrin tutadi.		/makers/	2411
hearts	B1	n.	eshitmoq	The hearts plays an important role in daily life.	Kundalik hayotda eshitmoq muhim oʻrin tutadi.		/hearts/	2412
appearing	B1	n.	ko'rinmoq, paydo bo'lmoq	The appearing plays an important role in daily life.	Kundalik hayotda ko'rinmoq muhim oʻrin tutadi.		/appearing/	2413
reads	B1	n.	o'qimoq	The reads plays an important role in daily life.	Kundalik hayotda o'qimoq muhim oʻrin tutadi.		/reads/	2414
combine	B1	v./n.	birlashtirmoq	You should practice how to combine properly in real conversation.	Siz haqiqiy suhbatda toʻgʻri birlashtirmoqni mashq qilishingiz kerak.		/combine/	2415
revealed	B1	n.	oshkor qilmoq	The revealed plays an important role in daily life.	Kundalik hayotda oshkor qilmoq muhim oʻrin tutadi.		/revealed/	2416
correction	B1	n.	tuzatmoq holati / jarayoni	The correction plays an important role in daily life.	Kundalik hayotda tuzatmoq holati / jarayoni muhim oʻrin tutadi.		/correction/	2417
fits	B1	n.	mos kelmoq	The fits plays an important role in daily life.	Kundalik hayotda mos kelmoq muhim oʻrin tutadi.		/fits/	2418
kick	B1	v./n.	tepmoq	You should practice how to kick properly in real conversation.	Siz haqiqiy suhbatda toʻgʻri tepmoqni mashq qilishingiz kerak.		/kick/	2419
regards	B1	n.	deb hisoblamoq	The regards plays an important role in daily life.	Kundalik hayotda deb hisoblamoq muhim oʻrin tutadi.		/regards/	2420
hurt	B1	v./n.	og'rimoq, jarohatlamoq	You should practice how to hurt properly in real conversation.	Siz haqiqiy suhbatda toʻgʻri og'rimoqni mashq qilishingiz kerak.		/hurt/	2421
proven	B1	n.	isbotlamoq	The proven plays an important role in daily life.	Kundalik hayotda isbotlamoq muhim oʻrin tutadi.		/proven/	2422
schedules	B1	n.	rejalashtirmoq; jadval	The schedules plays an important role in daily life.	Kundalik hayotda rejalashtirmoq muhim oʻrin tutadi.		/schedules/	2423
slip	B1	v./n.	toyib ketmoq	You should practice how to slip properly in real conversation.	Siz haqiqiy suhbatda toʻgʻri toyib ketmoqni mashq qilishingiz kerak.		/slip/	2424
reviewer	B1	n.	takrorlamoq, ko'rib chiqmoq	The reviewer plays an important role in daily life.	Kundalik hayotda takrorlamoq muhim oʻrin tutadi.		/reviewer/	2425
involves	B1	n.	jalb qilmoq	The involves plays an important role in daily life.	Kundalik hayotda jalb qilmoq muhim oʻrin tutadi.		/involves/	2426
illustrated	B1	n.	yoritib bermoq	The illustrated plays an important role in daily life.	Kundalik hayotda yoritib bermoq muhim oʻrin tutadi.		/illustrated/	2427
alternate	B1	n.	o'zgartirmoq	The alternate plays an important role in daily life.	Kundalik hayotda o'zgartirmoq muhim oʻrin tutadi.		/alternate/	2428
achievement	B1	n.	erishmoq holati / jarayoni	The achievement plays an important role in daily life.	Kundalik hayotda erishmoq holati / jarayoni muhim oʻrin tutadi.		/achievement/	2429
cuts	B1	n.	kesmoq	The cuts plays an important role in daily life.	Kundalik hayotda kesmoq muhim oʻrin tutadi.		/cuts/	2430
enjoyed	B1	n.	zavqlanmoq	The enjoyed plays an important role in daily life.	Kundalik hayotda zavqlanmoq muhim oʻrin tutadi.		/enjoyed/	2431
noticed	B1	n.	payqamoq	The noticed plays an important role in daily life.	Kundalik hayotda payqamoq muhim oʻrin tutadi.		/noticed/	2432
signals	B1	n.	imzolamoq; belgi	The signals plays an important role in daily life.	Kundalik hayotda imzolamoq muhim oʻrin tutadi.		/signals/	2433
seeker	B1	n.	ko'rmoq	The seeker plays an important role in daily life.	Kundalik hayotda ko'rmoq muhim oʻrin tutadi.		/seeker/	2434
packard	B1	n.	joylamoq	The packard plays an important role in daily life.	Kundalik hayotda joylamoq muhim oʻrin tutadi.		/packard/	2435
payday	B1	n.	to'lamoq	The payday plays an important role in daily life.	Kundalik hayotda to'lamoq muhim oʻrin tutadi.		/payday/	2436
spin	B1	v./n.	aylanmoq	You should practice how to spin properly in real conversation.	Siz haqiqiy suhbatda toʻgʻri aylanmoqni mashq qilishingiz kerak.		/spin/	2437
holders	B1	n.	ushlab turmoq	The holders plays an important role in daily life.	Kundalik hayotda ushlab turmoq muhim oʻrin tutadi.		/holders/	2438
believes	B1	n.	ishonmoq	The believes plays an important role in daily life.	Kundalik hayotda ishonmoq muhim oʻrin tutadi.		/believes/	2439
witness	B1	v./n.	guvoh bo'lmoq	You should practice how to witness properly in real conversation.	Siz haqiqiy suhbatda toʻgʻri guvoh bo'lmoqni mashq qilishingiz kerak.		/witness/	2440
equipped	B1	n.	jihozlamoq	The equipped plays an important role in daily life.	Kundalik hayotda jihozlamoq muhim oʻrin tutadi.		/equipped/	2441
encouraged	B1	n.	ruhlandirmoq	The encouraged plays an important role in daily life.	Kundalik hayotda ruhlandirmoq muhim oʻrin tutadi.		/encouraged/	2442
winds	B1	n.	g'alaba qozonmoq	The winds plays an important role in daily life.	Kundalik hayotda g'alaba qozonmoq muhim oʻrin tutadi.		/winds/	2443
attempts	B1	n.	urinmoq	The attempts plays an important role in daily life.	Kundalik hayotda urinmoq muhim oʻrin tutadi.		/attempts/	2444
impacts	B1	n.	ta'sir ko'rsatmoq	The impacts plays an important role in daily life.	Kundalik hayotda ta'sir ko'rsatmoq muhim oʻrin tutadi.		/impacts/	2445
gospel	B1	n.	bormoq	The gospel plays an important role in daily life.	Kundalik hayotda bormoq muhim oʻrin tutadi.		/gospel/	2446
loves	B1	n.	sevmoq	The loves plays an important role in daily life.	Kundalik hayotda sevmoq muhim oʻrin tutadi.		/loves/	2447
aims	B1	n.	maqsad qilmoq	The aims plays an important role in daily life.	Kundalik hayotda maqsad qilmoq muhim oʻrin tutadi.		/aims/	2448
linking	B1	n.	bog'lamoq	The linking plays an important role in daily life.	Kundalik hayotda bog'lamoq muhim oʻrin tutadi.		/linking/	2449
earned	B1	n.	pul ishlab topmoq	The earned plays an important role in daily life.	Kundalik hayotda pul ishlab topmoq muhim oʻrin tutadi.		/earned/	2450
parker	B1	n.	to'xtatmoq (mashinani)	The parker plays an important role in daily life.	Kundalik hayotda to'xtatmoq (mashinani) muhim oʻrin tutadi.		/parker/	2451
secured	B1	n.	xavfsizlantirmoq	The secured plays an important role in daily life.	Kundalik hayotda xavfsizlantirmoq muhim oʻrin tutadi.		/secured/	2452
answered	B1	n.	javob bermoq	The answered plays an important role in daily life.	Kundalik hayotda javob bermoq muhim oʻrin tutadi.		/answered/	2453
wearing	B1	n.	kiyib yurmoq	The wearing plays an important role in daily life.	Kundalik hayotda kiyib yurmoq muhim oʻrin tutadi.		/wearing/	2454
mounted	B1	n.	o'rnatmoq, minmoq	The mounted plays an important role in daily life.	Kundalik hayotda o'rnatmoq muhim oʻrin tutadi.		/mounted/	2455
scanner	B1	n.	skanerlamoq, ko'z yugurtirmoq	The scanner plays an important role in daily life.	Kundalik hayotda skanerlamoq muhim oʻrin tutadi.		/scanner/	2456
engaged	B1	n.	jalb qilmoq	The engaged plays an important role in daily life.	Kundalik hayotda jalb qilmoq muhim oʻrin tutadi.		/engaged/	2457
falling	B1	n.	yiqilmoq	The falling plays an important role in daily life.	Kundalik hayotda yiqilmoq muhim oʻrin tutadi.		/falling/	2458
attended	B1	n.	qatnashmoq	The attended plays an important role in daily life.	Kundalik hayotda qatnashmoq muhim oʻrin tutadi.		/attended/	2459
collective	B1	adj.	to'plamoq xususiyatiga ega	Her explanation was very collective and easy to understand.	Uning tushuntirishi juda to'plamoq xususiyatiga ega va tushunish oson edi.		/collective/	2460
dropped	B1	n.	tushirib yubormoq	The dropped plays an important role in daily life.	Kundalik hayotda tushirib yubormoq muhim oʻrin tutadi.		/dropped/	2461
producers	B1	n.	ishlab chiqarmoq	The producers plays an important role in daily life.	Kundalik hayotda ishlab chiqarmoq muhim oʻrin tutadi.		/producers/	2462
collector	B1	n.	to'plamoq	The collector plays an important role in daily life.	Kundalik hayotda to'plamoq muhim oʻrin tutadi.		/collector/	2463
representing	B1	n.	vakillik qilmoq	The representing plays an important role in daily life.	Kundalik hayotda vakillik qilmoq muhim oʻrin tutadi.		/representing/	2464
feels	B1	n.	his qilmoq	The feels plays an important role in daily life.	Kundalik hayotda his qilmoq muhim oʻrin tutadi.		/feels/	2465
returning	B1	n.	qaytmoq, qaytarmoq	The returning plays an important role in daily life.	Kundalik hayotda qaytmoq muhim oʻrin tutadi.		/returning/	2466
defendant	B1	n.	himoya qilmoq	The defendant plays an important role in daily life.	Kundalik hayotda himoya qilmoq muhim oʻrin tutadi.		/defendant/	2467
warner	B1	n.	ogohlantirmoq	The warner plays an important role in daily life.	Kundalik hayotda ogohlantirmoq muhim oʻrin tutadi.		/warner/	2468
actors	B1	n.	harakat qilmoq	The actors plays an important role in daily life.	Kundalik hayotda harakat qilmoq muhim oʻrin tutadi.		/actors/	2469
liver	B1	n.	yashamoq	The liver plays an important role in daily life.	Kundalik hayotda yashamoq muhim oʻrin tutadi.		/liver/	2470
picked	B1	n.	termoq, tanlamoq	The picked plays an important role in daily life.	Kundalik hayotda termoq muhim oʻrin tutadi.		/picked/	2471
assumed	B1	n.	faraz qilmoq	The assumed plays an important role in daily life.	Kundalik hayotda faraz qilmoq muhim oʻrin tutadi.		/assumed/	2472
killing	B1	n.	o'ldirmoq	The killing plays an important role in daily life.	Kundalik hayotda o'ldirmoq muhim oʻrin tutadi.		/killing/	2473
lookup	B1	n.	qaramoq	The lookup plays an important role in daily life.	Kundalik hayotda qaramoq muhim oʻrin tutadi.		/lookup/	2474
doll	B1	n.	bajarmoq	The doll plays an important role in daily life.	Kundalik hayotda bajarmoq muhim oʻrin tutadi.		/doll/	2475
singer	B1	n.	kuylamoq	The singer plays an important role in daily life.	Kundalik hayotda kuylamoq muhim oʻrin tutadi.		/singer/	2476
fails	B1	n.	mag'lub bo'lmoq, uddalay olmaslik	The fails plays an important role in daily life.	Kundalik hayotda mag'lub bo'lmoq muhim oʻrin tutadi.		/fails/	2477
dealtime	B1	n.	shug'ullanmoq, bitim tuzmoq	The dealtime plays an important role in daily life.	Kundalik hayotda shug'ullanmoq muhim oʻrin tutadi.		/dealtime/	2478
happening	B1	n.	sodir bo'lmoq	The happening plays an important role in daily life.	Kundalik hayotda sodir bo'lmoq muhim oʻrin tutadi.		/happening/	2479
receives	B1	n.	qabul qilib olmoq	The receives plays an important role in daily life.	Kundalik hayotda qabul qilib olmoq muhim oʻrin tutadi.		/receives/	2480
wrap	B1	v./n.	o'ramoq	You should practice how to wrap properly in real conversation.	Siz haqiqiy suhbatda toʻgʻri o'ramoqni mashq qilishingiz kerak.		/wrap/	2481
refers	B1	n.	havola qilmoq	The refers plays an important role in daily life.	Kundalik hayotda havola qilmoq muhim oʻrin tutadi.		/refers/	2482
recordings	B1	n.	yozib olmoq; rekord	The recordings plays an important role in daily life.	Kundalik hayotda yozib olmoq muhim oʻrin tutadi.		/recordings/	2483
demands	B1	n.	talab qilmoq	The demands plays an important role in daily life.	Kundalik hayotda talab qilmoq muhim oʻrin tutadi.		/demands/	2484
sleeping	B1	n.	uxlamoq	The sleeping plays an important role in daily life.	Kundalik hayotda uxlamoq muhim oʻrin tutadi.		/sleeping/	2485
tracked	B1	n.	kuzatib bormoq; yo'l	The tracked plays an important role in daily life.	Kundalik hayotda kuzatib bormoq muhim oʻrin tutadi.		/tracked/	2486
demonstrated	B1	n.	namoyish etmoq	The demonstrated plays an important role in daily life.	Kundalik hayotda namoyish etmoq muhim oʻrin tutadi.		/demonstrated/	2487
identifying	B1	n.	aniqlamoq, tanimoq	The identifying plays an important role in daily life.	Kundalik hayotda aniqlamoq muhim oʻrin tutadi.		/identifying/	2488
declared	B1	n.	e'lon qilmoq	The declared plays an important role in daily life.	Kundalik hayotda e'lon qilmoq muhim oʻrin tutadi.		/declared/	2489
shut	B1	v./n.	yopmoq	You should practice how to shut properly in real conversation.	Siz haqiqiy suhbatda toʻgʻri yopmoqni mashq qilishingiz kerak.		/shut/	2490
packs	B1	n.	joylamoq	The packs plays an important role in daily life.	Kundalik hayotda joylamoq muhim oʻrin tutadi.		/packs/	2491
installing	B1	n.	o'rnatmoq	The installing plays an important role in daily life.	Kundalik hayotda o'rnatmoq muhim oʻrin tutadi.		/installing/	2492
switches	B1	n.	almashtirmoq; tugma	The switches plays an important role in daily life.	Kundalik hayotda almashtirmoq muhim oʻrin tutadi.		/switches/	2493
engagement	B1	n.	jalb qilmoq holati / jarayoni	The engagement plays an important role in daily life.	Kundalik hayotda jalb qilmoq holati / jarayoni muhim oʻrin tutadi.		/engagement/	2494
inspired	B1	n.	ilhomlantirmoq	The inspired plays an important role in daily life.	Kundalik hayotda ilhomlantirmoq muhim oʻrin tutadi.		/inspired/	2495
goto	B1	n.	bormoq	The goto plays an important role in daily life.	Kundalik hayotda bormoq muhim oʻrin tutadi.		/goto/	2496
passes	B1	n.	o'tmoq, topshirmoq	The passes plays an important role in daily life.	Kundalik hayotda o'tmoq muhim oʻrin tutadi.		/passes/	2497
pointer	B1	n.	ko'rsatmoq; nuqta	The pointer plays an important role in daily life.	Kundalik hayotda ko'rsatmoq muhim oʻrin tutadi.		/pointer/	2498
permits	B1	n.	ruxsat bermoq	The permits plays an important role in daily life.	Kundalik hayotda ruxsat bermoq muhim oʻrin tutadi.		/permits/	2499
cleaner	B1	n.	tozalamoq	The cleaner plays an important role in daily life.	Kundalik hayotda tozalamoq muhim oʻrin tutadi.		/cleaner/	2500
feeding	B2	n.	ovqatlantirmoq	The feeding plays an important role in daily life.	Kundalik hayotda ovqatlantirmoq muhim oʻrin tutadi.		/feeding/	2501
transfers	B2	n.	o'tkazmoq	The transfers plays an important role in daily life.	Kundalik hayotda o'tkazmoq muhim oʻrin tutadi.		/transfers/	2502
remained	B2	n.	qolmoq	The remained plays an important role in daily life.	Kundalik hayotda qolmoq muhim oʻrin tutadi.		/remained/	2503
explains	B2	n.	tushuntirmoq	The explains plays an important role in daily life.	Kundalik hayotda tushuntirmoq muhim oʻrin tutadi.		/explains/	2504
feelings	B2	n.	his qilmoq	The feelings plays an important role in daily life.	Kundalik hayotda his qilmoq muhim oʻrin tutadi.		/feelings/	2505
seeds	B2	n.	ko'rmoq	The seeds plays an important role in daily life.	Kundalik hayotda ko'rmoq muhim oʻrin tutadi.		/seeds/	2506
realized	B2	n.	anglab yetmoq	The realized plays an important role in daily life.	Kundalik hayotda anglab yetmoq muhim oʻrin tutadi.		/realized/	2507
founder	B2	n.	asos solmoq	The founder plays an important role in daily life.	Kundalik hayotda asos solmoq muhim oʻrin tutadi.		/founder/	2508
drinks	B2	n.	ichmoq	The drinks plays an important role in daily life.	Kundalik hayotda ichmoq muhim oʻrin tutadi.		/drinks/	2509
climbing	B2	n.	tirmashib chiqmoq	The climbing plays an important role in daily life.	Kundalik hayotda tirmashib chiqmoq muhim oʻrin tutadi.		/climbing/	2510
resistant	B2	n.	qarshilik ko'rsatmoq	The resistant plays an important role in daily life.	Kundalik hayotda qarshilik ko'rsatmoq muhim oʻrin tutadi.		/resistant/	2511
hang	B2	v./n.	osmoq	You should practice how to hang properly in real conversation.	Siz haqiqiy suhbatda toʻgʻri osmoqni mashq qilishingiz kerak.		/hang/	2512
slideshow	B2	n.	sirg'almoq	The slideshow plays an important role in daily life.	Kundalik hayotda sirg'almoq muhim oʻrin tutadi.		/slideshow/	2513
tracker	B2	n.	kuzatib bormoq; yo'l	The tracker plays an important role in daily life.	Kundalik hayotda kuzatib bormoq muhim oʻrin tutadi.		/tracker/	2514
passage	B2	n.	o'tmoq, topshirmoq	The passage plays an important role in daily life.	Kundalik hayotda o'tmoq muhim oʻrin tutadi.		/passage/	2515
transferred	B2	n.	o'tkazmoq	The transferred plays an important role in daily life.	Kundalik hayotda o'tkazmoq muhim oʻrin tutadi.		/transferred/	2516
waves	B2	n.	qo'l siltamoq; to'lqin	The waves plays an important role in daily life.	Kundalik hayotda qo'l siltamoq muhim oʻrin tutadi.		/waves/	2517
gathering	B2	n.	to'plamoq	The gathering plays an important role in daily life.	Kundalik hayotda to'plamoq muhim oʻrin tutadi.		/gathering/	2518
payable	B2	adj.	to'lamoq xususiyatiga ega	Her explanation was very payable and easy to understand.	Uning tushuntirishi juda to'lamoq xususiyatiga ega va tushunish oson edi.		/payable/	2519
judges	B2	n.	hukm qilmoq, baholamoq	The judges plays an important role in daily life.	Kundalik hayotda hukm qilmoq muhim oʻrin tutadi.		/judges/	2520
retired	B2	n.	nafaqaga chiqmoq	The retired plays an important role in daily life.	Kundalik hayotda nafaqaga chiqmoq muhim oʻrin tutadi.		/retired/	2521
detected	B2	n.	aniqlamoq	The detected plays an important role in daily life.	Kundalik hayotda aniqlamoq muhim oʻrin tutadi.		/detected/	2522
paintings	B2	n.	bo'yamoq	The paintings plays an important role in daily life.	Kundalik hayotda bo'yamoq muhim oʻrin tutadi.		/paintings/	2523
walked	B2	n.	piyoda yurmoq	The walked plays an important role in daily life.	Kundalik hayotda piyoda yurmoq muhim oʻrin tutadi.		/walked/	2524
protective	B2	adj.	himoya qilmoq xususiyatiga ega	Her explanation was very protective and easy to understand.	Uning tushuntirishi juda himoya qilmoq xususiyatiga ega va tushunish oson edi.		/protective/	2525
pointed	B2	n.	ko'rsatmoq; nuqta	The pointed plays an important role in daily life.	Kundalik hayotda ko'rsatmoq muhim oʻrin tutadi.		/pointed/	2526
locked	B2	n.	qulflamoq	The locked plays an important role in daily life.	Kundalik hayotda qulflamoq muhim oʻrin tutadi.		/locked/	2527
preference	B2	n.	afzal ko'rmoq	The preference plays an important role in daily life.	Kundalik hayotda afzal ko'rmoq muhim oʻrin tutadi.		/preference/	2528
claimed	B2	n.	da'vo qilmoq	The claimed plays an important role in daily life.	Kundalik hayotda da'vo qilmoq muhim oʻrin tutadi.		/claimed/	2529
planner	B2	n.	rejalashtirmoq	The planner plays an important role in daily life.	Kundalik hayotda rejalashtirmoq muhim oʻrin tutadi.		/planner/	2530
flows	B2	n.	oqmoq	The flows plays an important role in daily life.	Kundalik hayotda oqmoq muhim oʻrin tutadi.		/flows/	2531
costume	B2	n.	turmoq (narx)	The costume plays an important role in daily life.	Kundalik hayotda turmoq (narx) muhim oʻrin tutadi.		/costume/	2532
voted	B2	n.	ovoz bermoq	The voted plays an important role in daily life.	Kundalik hayotda ovoz bermoq muhim oʻrin tutadi.		/voted/	2533
killer	B2	n.	o'ldirmoq	The killer plays an important role in daily life.	Kundalik hayotda o'ldirmoq muhim oʻrin tutadi.		/killer/	2534
pulled	B2	n.	tortmoq	The pulled plays an important role in daily life.	Kundalik hayotda tortmoq muhim oʻrin tutadi.		/pulled/	2535
establishing	B2	n.	asos solmoq, o'rnatmoq	The establishing plays an important role in daily life.	Kundalik hayotda asos solmoq muhim oʻrin tutadi.		/establishing/	2536
counters	B2	n.	sanamoq	The counters plays an important role in daily life.	Kundalik hayotda sanamoq muhim oʻrin tutadi.		/counters/	2537
puts	B2	n.	qo'ymoq	The puts plays an important role in daily life.	Kundalik hayotda qo'ymoq muhim oʻrin tutadi.		/puts/	2538
examined	B2	n.	tekshirmoq	The examined plays an important role in daily life.	Kundalik hayotda tekshirmoq muhim oʻrin tutadi.		/examined/	2539
painted	B2	n.	bo'yamoq	The painted plays an important role in daily life.	Kundalik hayotda bo'yamoq muhim oʻrin tutadi.		/painted/	2540
builders	B2	n.	qurmoq	The builders plays an important role in daily life.	Kundalik hayotda qurmoq muhim oʻrin tutadi.		/builders/	2541
ties	B2	n.	bog'lamoq; galstuk	The ties plays an important role in daily life.	Kundalik hayotda bog'lamoq muhim oʻrin tutadi.		/ties/	2542
suffering	B2	n.	azob chekmoq	The suffering plays an important role in daily life.	Kundalik hayotda azob chekmoq muhim oʻrin tutadi.		/suffering/	2543
joining	B2	n.	qo'shilmoq	The joining plays an important role in daily life.	Kundalik hayotda qo'shilmoq muhim oʻrin tutadi.		/joining/	2544
bearing	B2	n.	chida moq, ko'tarmoq	The bearing plays an important role in daily life.	Kundalik hayotda chida moq muhim oʻrin tutadi.		/bearing/	2545
connector	B2	n.	ulamoq, bog'lamoq	The connector plays an important role in daily life.	Kundalik hayotda ulamoq muhim oʻrin tutadi.		/connector/	2546
haven	B2	n.	ega bo'lmoq	The haven plays an important role in daily life.	Kundalik hayotda ega bo'lmoq muhim oʻrin tutadi.		/haven/	2547
dos	B2	n.	bajarmoq	The dos plays an important role in daily life.	Kundalik hayotda bajarmoq muhim oʻrin tutadi.		/dos/	2548
crossing	B2	n.	kesib o'tmoq	The crossing plays an important role in daily life.	Kundalik hayotda kesib o'tmoq muhim oʻrin tutadi.		/crossing/	2549
resolved	B2	n.	hal qilmoq	The resolved plays an important role in daily life.	Kundalik hayotda hal qilmoq muhim oʻrin tutadi.		/resolved/	2550
holdings	B2	n.	ushlab turmoq	The holdings plays an important role in daily life.	Kundalik hayotda ushlab turmoq muhim oʻrin tutadi.		/holdings/	2551
selecting	B2	n.	tanlamoq	The selecting plays an important role in daily life.	Kundalik hayotda tanlamoq muhim oʻrin tutadi.		/selecting/	2552
fleet	B2	n.	qochib ketmoq	The fleet plays an important role in daily life.	Kundalik hayotda qochib ketmoq muhim oʻrin tutadi.		/fleet/	2553
singing	B2	n.	kuylamoq	The singing plays an important role in daily life.	Kundalik hayotda kuylamoq muhim oʻrin tutadi.		/singing/	2554
exercises	B2	n.	mashq qilmoq	The exercises plays an important role in daily life.	Kundalik hayotda mashq qilmoq muhim oʻrin tutadi.		/exercises/	2555
referral	B2	n.	havola qilmoq	The referral plays an important role in daily life.	Kundalik hayotda havola qilmoq muhim oʻrin tutadi.		/referral/	2556
turner	B2	n.	burilmoq; navbat	The turner plays an important role in daily life.	Kundalik hayotda burilmoq muhim oʻrin tutadi.		/turner/	2557
evaluated	B2	n.	baholamoq	The evaluated plays an important role in daily life.	Kundalik hayotda baholamoq muhim oʻrin tutadi.		/evaluated/	2558
stayed	B2	n.	qolmoq	The stayed plays an important role in daily life.	Kundalik hayotda qolmoq muhim oʻrin tutadi.		/stayed/	2559
doug	B2	n.	bajarmoq	The doug plays an important role in daily life.	Kundalik hayotda bajarmoq muhim oʻrin tutadi.		/doug/	2560
sees	B2	n.	ko'rmoq	The sees plays an important role in daily life.	Kundalik hayotda ko'rmoq muhim oʻrin tutadi.		/sees/	2561
watched	B2	n.	tomosha qilmoq, kuzatmoq	The watched plays an important role in daily life.	Kundalik hayotda tomosha qilmoq muhim oʻrin tutadi.		/watched/	2562
saver	B2	n.	saqlamoq, asramoq	The saver plays an important role in daily life.	Kundalik hayotda saqlamoq muhim oʻrin tutadi.		/saver/	2563
wishes	B2	n.	tilamoq; tilak	The wishes plays an important role in daily life.	Kundalik hayotda tilamoq muhim oʻrin tutadi.		/wishes/	2564
repairs	B2	n.	ta'mirlamoq	The repairs plays an important role in daily life.	Kundalik hayotda ta'mirlamoq muhim oʻrin tutadi.		/repairs/	2565
hanging	B2	n.	osmoq	The hanging plays an important role in daily life.	Kundalik hayotda osmoq muhim oʻrin tutadi.		/hanging/	2566
seeks	B2	n.	ko'rmoq	The seeks plays an important role in daily life.	Kundalik hayotda ko'rmoq muhim oʻrin tutadi.		/seeks/	2567
docs	B2	n.	bajarmoq	The docs plays an important role in daily life.	Kundalik hayotda bajarmoq muhim oʻrin tutadi.		/docs/	2568
surprised	B2	n.	hayratda qoldirmoq	The surprised plays an important role in daily life.	Kundalik hayotda hayratda qoldirmoq muhim oʻrin tutadi.		/surprised/	2569
gains	B2	n.	qo'lga kiritmoq	The gains plays an important role in daily life.	Kundalik hayotda qo'lga kiritmoq muhim oʻrin tutadi.		/gains/	2570
voters	B2	n.	ovoz bermoq	The voters plays an important role in daily life.	Kundalik hayotda ovoz bermoq muhim oʻrin tutadi.		/voters/	2571
commander	B2	n.	buyruq bermoq	The commander plays an important role in daily life.	Kundalik hayotda buyruq bermoq muhim oʻrin tutadi.		/commander/	2572
thinks	B2	n.	o'ylamoq	The thinks plays an important role in daily life.	Kundalik hayotda o'ylamoq muhim oʻrin tutadi.		/thinks/	2573
suggestion	B2	n.	taklif qilmoq holati / jarayoni	The suggestion plays an important role in daily life.	Kundalik hayotda taklif qilmoq holati / jarayoni muhim oʻrin tutadi.		/suggestion/	2574
aimed	B2	n.	maqsad qilmoq	The aimed plays an important role in daily life.	Kundalik hayotda maqsad qilmoq muhim oʻrin tutadi.		/aimed/	2575
repeated	B2	n.	qaytalamoq	The repeated plays an important role in daily life.	Kundalik hayotda qaytalamoq muhim oʻrin tutadi.		/repeated/	2576
connecting	B2	n.	ulamoq, bog'lamoq	The connecting plays an important role in daily life.	Kundalik hayotda ulamoq muhim oʻrin tutadi.		/connecting/	2577
drawings	B2	n.	chizmoq; tortmoq	The drawings plays an important role in daily life.	Kundalik hayotda chizmoq muhim oʻrin tutadi.		/drawings/	2578
lovers	B2	n.	sevmoq	The lovers plays an important role in daily life.	Kundalik hayotda sevmoq muhim oʻrin tutadi.		/lovers/	2579
protecting	B2	n.	himoya qilmoq	The protecting plays an important role in daily life.	Kundalik hayotda himoya qilmoq muhim oʻrin tutadi.		/protecting/	2580
faced	B2	n.	duch kelmoq; yuz	The faced plays an important role in daily life.	Kundalik hayotda duch kelmoq muhim oʻrin tutadi.		/faced/	2581
transmitted	B2	n.	uzatmoq	The transmitted plays an important role in daily life.	Kundalik hayotda uzatmoq muhim oʻrin tutadi.		/transmitted/	2582
produces	B2	n.	ishlab chiqarmoq	The produces plays an important role in daily life.	Kundalik hayotda ishlab chiqarmoq muhim oʻrin tutadi.		/produces/	2583
switching	B2	n.	almashtirmoq; tugma	The switching plays an important role in daily life.	Kundalik hayotda almashtirmoq muhim oʻrin tutadi.		/switching/	2584
quoted	B2	n.	iqtibos keltirmoq	The quoted plays an important role in daily life.	Kundalik hayotda iqtibos keltirmoq muhim oʻrin tutadi.		/quoted/	2585
adapters	B2	n.	moslashmoq	The adapters plays an important role in daily life.	Kundalik hayotda moslashmoq muhim oʻrin tutadi.		/adapters/	2586
imports	B2	n.	import qilmoq	The imports plays an important role in daily life.	Kundalik hayotda import qilmoq muhim oʻrin tutadi.		/imports/	2587
sender	B2	n.	yubormoq	The sender plays an important role in daily life.	Kundalik hayotda yubormoq muhim oʻrin tutadi.		/sender/	2588
viewer	B2	n.	qaramoq; ko'rinish	The viewer plays an important role in daily life.	Kundalik hayotda qaramoq muhim oʻrin tutadi.		/viewer/	2589
signup	B2	n.	imzolamoq; belgi	The signup plays an important role in daily life.	Kundalik hayotda imzolamoq muhim oʻrin tutadi.		/signup/	2590
reaching	B2	n.	yetib bormoq	The reaching plays an important role in daily life.	Kundalik hayotda yetib bormoq muhim oʻrin tutadi.		/reaching/	2591
damaged	B2	n.	zarar yetkazmoq	The damaged plays an important role in daily life.	Kundalik hayotda zarar yetkazmoq muhim oʻrin tutadi.		/damaged/	2592
laugh	B2	v./n.	kulmoq	You should practice how to laugh properly in real conversation.	Siz haqiqiy suhbatda toʻgʻri kulmoqni mashq qilishingiz kerak.		/laugh/	2593
proved	B2	n.	isbotlamoq	The proved plays an important role in daily life.	Kundalik hayotda isbotlamoq muhim oʻrin tutadi.		/proved/	2594
dozen	B2	n.	bajarmoq	The dozen plays an important role in daily life.	Kundalik hayotda bajarmoq muhim oʻrin tutadi.		/dozen/	2595
studying	B2	n.	o'rganmoq, o'qimoq	The studying plays an important role in daily life.	Kundalik hayotda o'rganmoq muhim oʻrin tutadi.		/studying/	2596
separated	B2	n.	ajratmoq	The separated plays an important role in daily life.	Kundalik hayotda ajratmoq muhim oʻrin tutadi.		/separated/	2597
directive	B2	adj.	yo'naltirmoq xususiyatiga ega	Her explanation was very directive and easy to understand.	Uning tushuntirishi juda yo'naltirmoq xususiyatiga ega va tushunish oson edi.		/directive/	2598
starter	B2	n.	boshlamoq	The starter plays an important role in daily life.	Kundalik hayotda boshlamoq muhim oʻrin tutadi.		/starter/	2599
upgrades	B2	n.	darajasini ko'tarmoq	The upgrades plays an important role in daily life.	Kundalik hayotda darajasini ko'tarmoq muhim oʻrin tutadi.		/upgrades/	2600
races	B2	n.	poyga qilmoq; irq	The races plays an important role in daily life.	Kundalik hayotda poyga qilmoq muhim oʻrin tutadi.		/races/	2601
governing	B2	n.	boshqarmoq	The governing plays an important role in daily life.	Kundalik hayotda boshqarmoq muhim oʻrin tutadi.		/governing/	2602
attending	B2	n.	qatnashmoq	The attending plays an important role in daily life.	Kundalik hayotda qatnashmoq muhim oʻrin tutadi.		/attending/	2603
traveling	B2	n.	sayohat qilmoq	The traveling plays an important role in daily life.	Kundalik hayotda sayohat qilmoq muhim oʻrin tutadi.		/traveling/	2604
packed	B2	n.	joylamoq	The packed plays an important role in daily life.	Kundalik hayotda joylamoq muhim oʻrin tutadi.		/packed/	2605
mounting	B2	n.	o'rnatmoq, minmoq	The mounting plays an important role in daily life.	Kundalik hayotda o'rnatmoq muhim oʻrin tutadi.		/mounting/	2606
tied	B2	n.	bog'lamoq; galstuk	The tied plays an important role in daily life.	Kundalik hayotda bog'lamoq muhim oʻrin tutadi.		/tied/	2607
talked	B2	n.	gaplashmoq	The talked plays an important role in daily life.	Kundalik hayotda gaplashmoq muhim oʻrin tutadi.		/talked/	2608
respondents	B2	n.	javob bermoq	The respondents plays an important role in daily life.	Kundalik hayotda javob bermoq muhim oʻrin tutadi.		/respondents/	2609
minds	B2	n.	e'tibor bermoq; aql	The minds plays an important role in daily life.	Kundalik hayotda e'tibor bermoq muhim oʻrin tutadi.		/minds/	2610
scanners	B2	n.	skanerlamoq, ko'z yugurtirmoq	The scanners plays an important role in daily life.	Kundalik hayotda skanerlamoq muhim oʻrin tutadi.		/scanners/	2611
pays	B2	n.	to'lamoq	The pays plays an important role in daily life.	Kundalik hayotda to'lamoq muhim oʻrin tutadi.		/pays/	2612
delivers	B2	n.	yetkazib bermoq	The delivers plays an important role in daily life.	Kundalik hayotda yetkazib bermoq muhim oʻrin tutadi.		/delivers/	2613
fold	B2	v./n.	buklamoq	You should practice how to fold properly in real conversation.	Siz haqiqiy suhbatda toʻgʻri buklamoqni mashq qilishingiz kerak.		/fold/	2614
designing	B2	n.	loyihalashtirmoq	The designing plays an important role in daily life.	Kundalik hayotda loyihalashtirmoq muhim oʻrin tutadi.		/designing/	2615
hopes	B2	n.	umid qilmoq	The hopes plays an important role in daily life.	Kundalik hayotda umid qilmoq muhim oʻrin tutadi.		/hopes/	2616
burns	B2	n.	yonmoq, kuymoq	The burns plays an important role in daily life.	Kundalik hayotda yonmoq muhim oʻrin tutadi.		/burns/	2617
advised	B2	n.	maslahat bermoq	The advised plays an important role in daily life.	Kundalik hayotda maslahat bermoq muhim oʻrin tutadi.		/advised/	2618
isolated	B2	n.	ajratib qo'ymoq	The isolated plays an important role in daily life.	Kundalik hayotda ajratib qo'ymoq muhim oʻrin tutadi.		/isolated/	2619
addressing	B2	n.	manzil; hal qilmoq	The addressing plays an important role in daily life.	Kundalik hayotda manzil muhim oʻrin tutadi.		/addressing/	2620
concluded	B2	n.	xulosa qilmoq	The concluded plays an important role in daily life.	Kundalik hayotda xulosa qilmoq muhim oʻrin tutadi.		/concluded/	2621
pickup	B2	n.	termoq, tanlamoq	The pickup plays an important role in daily life.	Kundalik hayotda termoq muhim oʻrin tutadi.		/pickup/	2622
manufactured	B2	n.	ishlab chiqarmoq	The manufactured plays an important role in daily life.	Kundalik hayotda ishlab chiqarmoq muhim oʻrin tutadi.		/manufactured/	2623
sailing	B2	n.	suzmoq (kemada)	The sailing plays an important role in daily life.	Kundalik hayotda suzmoq (kemada) muhim oʻrin tutadi.		/sailing/	2624
refused	B2	n.	rad etmoq	The refused plays an important role in daily life.	Kundalik hayotda rad etmoq muhim oʻrin tutadi.		/refused/	2625
enhancement	B2	n.	yaxshilamoq, oshirmoq holati / jarayoni	The enhancement plays an important role in daily life.	Kundalik hayotda yaxshilamoq muhim oʻrin tutadi.		/enhancement/	2626
composed	B2	n.	tuzmoq, yaratmoq	The composed plays an important role in daily life.	Kundalik hayotda tuzmoq muhim oʻrin tutadi.		/composed/	2627
tears	B2	n.	yirtmoq; ko'z yoshi	The tears plays an important role in daily life.	Kundalik hayotda yirtmoq muhim oʻrin tutadi.		/tears/	2628
baseline	B2	n.	asoslamoq; asos	The baseline plays an important role in daily life.	Kundalik hayotda asoslamoq muhim oʻrin tutadi.		/baseline/	2629
lover	B2	n.	sevmoq	The lover plays an important role in daily life.	Kundalik hayotda sevmoq muhim oʻrin tutadi.		/lover/	2630
beatles	B2	n.	urmoq, yutmoq	The beatles plays an important role in daily life.	Kundalik hayotda urmoq muhim oʻrin tutadi.		/beatles/	2631
exchanges	B2	n.	almashtirmoq	The exchanges plays an important role in daily life.	Kundalik hayotda almashtirmoq muhim oʻrin tutadi.		/exchanges/	2632
rolls	B2	n.	dumalatmoq	The rolls plays an important role in daily life.	Kundalik hayotda dumalatmoq muhim oʻrin tutadi.		/rolls/	2633
wondering	B2	n.	qiziqmoq, hayron bo'lmoq	The wondering plays an important role in daily life.	Kundalik hayotda qiziqmoq muhim oʻrin tutadi.		/wondering/	2634
seating	B2	n.	o'tqazmoq; o'rindiq	The seating plays an important role in daily life.	Kundalik hayotda o'tqazmoq muhim oʻrin tutadi.		/seating/	2635
separately	B2	adv.	ajratmoq tarzda	You should practice how to separately properly in real conversation.	Siz haqiqiy suhbatda toʻgʻri ajratmoq tarzdani mashq qilishingiz kerak.		/separately/	2636
collecting	B2	n.	to'plamoq	The collecting plays an important role in daily life.	Kundalik hayotda to'plamoq muhim oʻrin tutadi.		/collecting/	2637
exports	B2	n.	eksport qilmoq	The exports plays an important role in daily life.	Kundalik hayotda eksport qilmoq muhim oʻrin tutadi.		/exports/	2638
electron	B2	n.	saylamoq	The electron plays an important role in daily life.	Kundalik hayotda saylamoq muhim oʻrin tutadi.		/electron/	2639
loads	B2	n.	yuklamoq	The loads plays an important role in daily life.	Kundalik hayotda yuklamoq muhim oʻrin tutadi.		/loads/	2640
heather	B2	n.	isitmoq; issiqlik	The heather plays an important role in daily life.	Kundalik hayotda isitmoq muhim oʻrin tutadi.		/heather/	2641
passport	B2	n.	o'tmoq, topshirmoq	The passport plays an important role in daily life.	Kundalik hayotda o'tmoq muhim oʻrin tutadi.		/passport/	2642
expanding	B2	n.	kengaytirmoq	The expanding plays an important role in daily life.	Kundalik hayotda kengaytirmoq muhim oʻrin tutadi.		/expanding/	2643
gained	B2	n.	qo'lga kiritmoq	The gained plays an important role in daily life.	Kundalik hayotda qo'lga kiritmoq muhim oʻrin tutadi.		/gained/	2644
stops	B2	n.	to'xtamoq	The stops plays an important role in daily life.	Kundalik hayotda to'xtamoq muhim oʻrin tutadi.		/stops/	2645
filling	B2	n.	to'ldirmoq	The filling plays an important role in daily life.	Kundalik hayotda to'ldirmoq muhim oʻrin tutadi.		/filling/	2646
imposed	B2	n.	majburan yuklamoq	The imposed plays an important role in daily life.	Kundalik hayotda majburan yuklamoq muhim oʻrin tutadi.		/imposed/	2647
focuses	B2	n.	diqqatni qaratmoq	The focuses plays an important role in daily life.	Kundalik hayotda diqqatni qaratmoq muhim oʻrin tutadi.		/focuses/	2648
possession	B2	n.	egalik qilmoq	The possession plays an important role in daily life.	Kundalik hayotda egalik qilmoq muhim oʻrin tutadi.		/possession/	2649
treaty	B2	n.	muomala qilmoq, davolamoq	The treaty plays an important role in daily life.	Kundalik hayotda muomala qilmoq muhim oʻrin tutadi.		/treaty/	2650
trainer	B2	n.	mashq qilmoq; poyezd	The trainer plays an important role in daily life.	Kundalik hayotda mashq qilmoq muhim oʻrin tutadi.		/trainer/	2651
advances	B2	n.	ilgari siljimoq	The advances plays an important role in daily life.	Kundalik hayotda ilgari siljimoq muhim oʻrin tutadi.		/advances/	2652
respondent	B2	n.	javob bermoq	The respondent plays an important role in daily life.	Kundalik hayotda javob bermoq muhim oʻrin tutadi.		/respondent/	2653
packing	B2	n.	joylamoq	The packing plays an important role in daily life.	Kundalik hayotda joylamoq muhim oʻrin tutadi.		/packing/	2654
rejected	B2	n.	rad etmoq	The rejected plays an important role in daily life.	Kundalik hayotda rad etmoq muhim oʻrin tutadi.		/rejected/	2655
destroyed	B2	n.	yo'q qilmoq	The destroyed plays an important role in daily life.	Kundalik hayotda yo'q qilmoq muhim oʻrin tutadi.		/destroyed/	2656
layers	B2	n.	qo'ymoq	The layers plays an important role in daily life.	Kundalik hayotda qo'ymoq muhim oʻrin tutadi.		/layers/	2657
guided	B2	n.	yo'l ko'rsatmoq	The guided plays an important role in daily life.	Kundalik hayotda yo'l ko'rsatmoq muhim oʻrin tutadi.		/guided/	2658
mixture	B2	n.	aralashtirmoq	The mixture plays an important role in daily life.	Kundalik hayotda aralashtirmoq muhim oʻrin tutadi.		/mixture/	2659
rider	B2	n.	minmoq (velosiped, ot)	The rider plays an important role in daily life.	Kundalik hayotda minmoq (velosiped muhim oʻrin tutadi.		/rider/	2660
wines	B2	n.	g'alaba qozonmoq	The wines plays an important role in daily life.	Kundalik hayotda g'alaba qozonmoq muhim oʻrin tutadi.		/wines/	2661
tender	B2	n.	moyil bo'lmoq	The tender plays an important role in daily life.	Kundalik hayotda moyil bo'lmoq muhim oʻrin tutadi.		/tender/	2662
preserve	B2	v./n.	saqlab qolmoq	You should practice how to preserve properly in real conversation.	Siz haqiqiy suhbatda toʻgʻri saqlab qolmoqni mashq qilishingiz kerak.		/preserve/	2663
staying	B2	n.	qolmoq	The staying plays an important role in daily life.	Kundalik hayotda qolmoq muhim oʻrin tutadi.		/staying/	2664
landing	B2	n.	qo'nmoq; yer	The landing plays an important role in daily life.	Kundalik hayotda qo'nmoq muhim oʻrin tutadi.		/landing/	2665
signing	B2	n.	imzolamoq; belgi	The signing plays an important role in daily life.	Kundalik hayotda imzolamoq muhim oʻrin tutadi.		/signing/	2666
executed	B2	n.	ijro etmoq, amalga oshirmoq	The executed plays an important role in daily life.	Kundalik hayotda ijro etmoq muhim oʻrin tutadi.		/executed/	2667
showcase	B2	n.	ko'rsatmoq	The showcase plays an important role in daily life.	Kundalik hayotda ko'rsatmoq muhim oʻrin tutadi.		/showcase/	2668
asks	B2	n.	so'ramoq	The asks plays an important role in daily life.	Kundalik hayotda so'ramoq muhim oʻrin tutadi.		/asks/	2669
sells	B2	n.	sotmoq	The sells plays an important role in daily life.	Kundalik hayotda sotmoq muhim oʻrin tutadi.		/sells/	2670
accessed	B2	n.	kirish huquqi, foydalanish	The accessed plays an important role in daily life.	Kundalik hayotda kirish huquqi muhim oʻrin tutadi.		/accessed/	2671
float	B2	v./n.	suzmoq (suv betida)	You should practice how to float properly in real conversation.	Siz haqiqiy suhbatda toʻgʻri suzmoq (suv betida)ni mashq qilishingiz kerak.		/float/	2672
imported	B2	n.	import qilmoq	The imported plays an important role in daily life.	Kundalik hayotda import qilmoq muhim oʻrin tutadi.		/imported/	2673
focusing	B2	n.	diqqatni qaratmoq	The focusing plays an important role in daily life.	Kundalik hayotda diqqatni qaratmoq muhim oʻrin tutadi.		/focusing/	2674
admitted	B2	n.	tan olmoq	The admitted plays an important role in daily life.	Kundalik hayotda tan olmoq muhim oʻrin tutadi.		/admitted/	2675
stickers	B2	n.	yopishmoq; tayoq	The stickers plays an important role in daily life.	Kundalik hayotda yopishmoq muhim oʻrin tutadi.		/stickers/	2676
reactions	B2	n.	reaksiya bildirmoq	The reactions plays an important role in daily life.	Kundalik hayotda reaksiya bildirmoq muhim oʻrin tutadi.		/reactions/	2677
swim	B2	v./n.	suzmoq	You should practice how to swim properly in real conversation.	Siz haqiqiy suhbatda toʻgʻri suzmoqni mashq qilishingiz kerak.		/swim/	2678
obtaining	B2	n.	qo'lga kiritmoq	The obtaining plays an important role in daily life.	Kundalik hayotda qo'lga kiritmoq muhim oʻrin tutadi.		/obtaining/	2679
readings	B2	n.	o'qimoq	The readings plays an important role in daily life.	Kundalik hayotda o'qimoq muhim oʻrin tutadi.		/readings/	2680
bases	B2	n.	asoslamoq; asos	The bases plays an important role in daily life.	Kundalik hayotda asoslamoq muhim oʻrin tutadi.		/bases/	2681
defines	B2	n.	ta'riflamoq	The defines plays an important role in daily life.	Kundalik hayotda ta'riflamoq muhim oʻrin tutadi.		/defines/	2682
packets	B2	n.	joylamoq	The packets plays an important role in daily life.	Kundalik hayotda joylamoq muhim oʻrin tutadi.		/packets/	2683
trigger	B2	v./n.	keltirib chiqarmoq	You should practice how to trigger properly in real conversation.	Siz haqiqiy suhbatda toʻgʻri keltirib chiqarmoqni mashq qilishingiz kerak.		/trigger/	2684
gathered	B2	n.	to'plamoq	The gathered plays an important role in daily life.	Kundalik hayotda to'plamoq muhim oʻrin tutadi.		/gathered/	2685
folders	B2	n.	buklamoq	The folders plays an important role in daily life.	Kundalik hayotda buklamoq muhim oʻrin tutadi.		/folders/	2686
dresses	B2	n.	kiyinmoq	The dresses plays an important role in daily life.	Kundalik hayotda kiyinmoq muhim oʻrin tutadi.		/dresses/	2687
reflects	B2	n.	aks ettirmoq, mushohada qilmoq	The reflects plays an important role in daily life.	Kundalik hayotda aks ettirmoq muhim oʻrin tutadi.		/reflects/	2688
pray	B2	v./n.	ibodat qilmoq	You should practice how to pray properly in real conversation.	Siz haqiqiy suhbatda toʻgʻri ibodat qilmoqni mashq qilishingiz kerak.		/pray/	2689
graduates	B2	n.	tamomlamoq (o'qishni)	The graduates plays an important role in daily life.	Kundalik hayotda tamomlamoq (o'qishni) muhim oʻrin tutadi.		/graduates/	2690
recommends	B2	n.	tavsiya qilmoq	The recommends plays an important role in daily life.	Kundalik hayotda tavsiya qilmoq muhim oʻrin tutadi.		/recommends/	2691
controlling	B2	n.	boshqarmoq, nazorat qilmoq	The controlling plays an important role in daily life.	Kundalik hayotda boshqarmoq muhim oʻrin tutadi.		/controlling/	2692
floating	B2	n.	suzmoq (suv betida)	The floating plays an important role in daily life.	Kundalik hayotda suzmoq (suv betida) muhim oʻrin tutadi.		/floating/	2693
warnings	B2	n.	ogohlantirmoq	The warnings plays an important role in daily life.	Kundalik hayotda ogohlantirmoq muhim oʻrin tutadi.		/warnings/	2694
affecting	B2	n.	ta'sir qilmoq	The affecting plays an important role in daily life.	Kundalik hayotda ta'sir qilmoq muhim oʻrin tutadi.		/affecting/	2695
meetup	B2	n.	uchrashmoq	The meetup plays an important role in daily life.	Kundalik hayotda uchrashmoq muhim oʻrin tutadi.		/meetup/	2696
shuttle	B2	n.	yopmoq	The shuttle plays an important role in daily life.	Kundalik hayotda yopmoq muhim oʻrin tutadi.		/shuttle/	2697
affects	B2	n.	ta'sir qilmoq	The affects plays an important role in daily life.	Kundalik hayotda ta'sir qilmoq muhim oʻrin tutadi.		/affects/	2698
injured	B2	n.	jarohatlamoq	The injured plays an important role in daily life.	Kundalik hayotda jarohatlamoq muhim oʻrin tutadi.		/injured/	2699
payroll	B2	n.	to'lamoq	The payroll plays an important role in daily life.	Kundalik hayotda to'lamoq muhim oʻrin tutadi.		/payroll/	2700
cookbook	B2	n.	ovqat pishirmoq	The cookbook plays an important role in daily life.	Kundalik hayotda ovqat pishirmoq muhim oʻrin tutadi.		/cookbook/	2701
expressions	B2	n.	ifodalamoq	The expressions plays an important role in daily life.	Kundalik hayotda ifodalamoq muhim oʻrin tutadi.		/expressions/	2702
connectors	B2	n.	ulamoq, bog'lamoq	The connectors plays an important role in daily life.	Kundalik hayotda ulamoq muhim oʻrin tutadi.		/connectors/	2703
travelers	B2	n.	sayohat qilmoq	The travelers plays an important role in daily life.	Kundalik hayotda sayohat qilmoq muhim oʻrin tutadi.		/travelers/	2704
offerings	B2	n.	taklif qilmoq	The offerings plays an important role in daily life.	Kundalik hayotda taklif qilmoq muhim oʻrin tutadi.		/offerings/	2705
trains	B2	n.	mashq qilmoq; poyezd	The trains plays an important role in daily life.	Kundalik hayotda mashq qilmoq muhim oʻrin tutadi.		/trains/	2706
letting	B2	n.	ruxsat bermoq	The letting plays an important role in daily life.	Kundalik hayotda ruxsat bermoq muhim oʻrin tutadi.		/letting/	2707
operates	B2	n.	ishlatmoq, operatsiya qilmoq	The operates plays an important role in daily life.	Kundalik hayotda ishlatmoq muhim oʻrin tutadi.		/operates/	2708
missions	B2	n.	sog'inmoq; o'tkazib yubormoq	The missions plays an important role in daily life.	Kundalik hayotda sog'inmoq muhim oʻrin tutadi.		/missions/	2709
costumes	B2	n.	turmoq (narx)	The costumes plays an important role in daily life.	Kundalik hayotda turmoq (narx) muhim oʻrin tutadi.		/costumes/	2710
protest	B2	v./n.	norozilik bildirmoq	You should practice how to protest properly in real conversation.	Siz haqiqiy suhbatda toʻgʻri norozilik bildirmoqni mashq qilishingiz kerak.		/protest/	2711
invention	B2	n.	ixtiro qilmoq holati / jarayoni	The invention plays an important role in daily life.	Kundalik hayotda ixtiro qilmoq holati / jarayoni muhim oʻrin tutadi.		/invention/	2712
washing	B2	n.	yuvmoq	The washing plays an important role in daily life.	Kundalik hayotda yuvmoq muhim oʻrin tutadi.		/washing/	2713
playlist	B2	n.	o'ynamoq	The playlist plays an important role in daily life.	Kundalik hayotda o'ynamoq muhim oʻrin tutadi.		/playlist/	2714
showers	B2	n.	ko'rsatmoq	The showers plays an important role in daily life.	Kundalik hayotda ko'rsatmoq muhim oʻrin tutadi.		/showers/	2715
supporters	B2	n.	qo'llab-quvvatlamoq	The supporters plays an important role in daily life.	Kundalik hayotda qo'llab-quvvatlamoq muhim oʻrin tutadi.		/supporters/	2716
withdrawal	B2	n.	qaytarib olmoq, yechib olmoq	The withdrawal plays an important role in daily life.	Kundalik hayotda qaytarib olmoq muhim oʻrin tutadi.		/withdrawal/	2717
drops	B2	n.	tushirib yubormoq	The drops plays an important role in daily life.	Kundalik hayotda tushirib yubormoq muhim oʻrin tutadi.		/drops/	2718
predicted	B2	n.	oldindan aytmoq	The predicted plays an important role in daily life.	Kundalik hayotda oldindan aytmoq muhim oʻrin tutadi.		/predicted/	2719
suffered	B2	n.	azob chekmoq	The suffered plays an important role in daily life.	Kundalik hayotda azob chekmoq muhim oʻrin tutadi.		/suffered/	2720
informal	B2	n.	xabardor qilmoq	The informal plays an important role in daily life.	Kundalik hayotda xabardor qilmoq muhim oʻrin tutadi.		/informal/	2721
counting	B2	n.	sanamoq	The counting plays an important role in daily life.	Kundalik hayotda sanamoq muhim oʻrin tutadi.		/counting/	2722
reflection	B2	n.	aks ettirmoq, mushohada qilmoq holati / jarayoni	The reflection plays an important role in daily life.	Kundalik hayotda aks ettirmoq muhim oʻrin tutadi.		/reflection/	2723
sink	B2	v./n.	cho'kmoq	You should practice how to sink properly in real conversation.	Siz haqiqiy suhbatda toʻgʻri cho'kmoqni mashq qilishingiz kerak.		/sink/	2724
translated	B2	n.	tarjima qilmoq	The translated plays an important role in daily life.	Kundalik hayotda tarjima qilmoq muhim oʻrin tutadi.		/translated/	2725
donna	B2	n.	bajarmoq	The donna plays an important role in daily life.	Kundalik hayotda bajarmoq muhim oʻrin tutadi.		/donna/	2726
scanning	B2	n.	skanerlamoq, ko'z yugurtirmoq	The scanning plays an important role in daily life.	Kundalik hayotda skanerlamoq muhim oʻrin tutadi.		/scanning/	2727
copying	B2	n.	nusxalash	The copying plays an important role in daily life.	Kundalik hayotda nusxalash muhim oʻrin tutadi.		/copying/	2728
delivering	B2	n.	yetkazib bermoq	The delivering plays an important role in daily life.	Kundalik hayotda yetkazib bermoq muhim oʻrin tutadi.		/delivering/	2729
undertaken	B2	n.	o'z zimmasiga olmoq	The undertaken plays an important role in daily life.	Kundalik hayotda o'z zimmasiga olmoq muhim oʻrin tutadi.		/undertaken/	2730
statewide	B2	n.	bayon qilmoq; davlat	The statewide plays an important role in daily life.	Kundalik hayotda bayon qilmoq muhim oʻrin tutadi.		/statewide/	2731
suits	B2	n.	mos tushmoq; kostyum	The suits plays an important role in daily life.	Kundalik hayotda mos tushmoq muhim oʻrin tutadi.		/suits/	2732
doe	B2	n.	bajarmoq	The doe plays an important role in daily life.	Kundalik hayotda bajarmoq muhim oʻrin tutadi.		/doe/	2733
conducting	B2	n.	o'tkazmoq, boshqarmoq	The conducting plays an important role in daily life.	Kundalik hayotda o'tkazmoq muhim oʻrin tutadi.		/conducting/	2734
startup	B2	n.	boshlamoq	The startup plays an important role in daily life.	Kundalik hayotda boshlamoq muhim oʻrin tutadi.		/startup/	2735
kissing	B2	n.	o'pmoq	The kissing plays an important role in daily life.	Kundalik hayotda o'pmoq muhim oʻrin tutadi.		/kissing/	2736
reduces	B2	n.	kamaytirmoq	The reduces plays an important role in daily life.	Kundalik hayotda kamaytirmoq muhim oʻrin tutadi.		/reduces/	2737
extends	B2	n.	uzaytirmoq	The extends plays an important role in daily life.	Kundalik hayotda uzaytirmoq muhim oʻrin tutadi.		/extends/	2738
trades	B2	n.	savdo qilmoq	The trades plays an important role in daily life.	Kundalik hayotda savdo qilmoq muhim oʻrin tutadi.		/trades/	2739
handled	B2	n.	boshqarmoq, uddalamoq	The handled plays an important role in daily life.	Kundalik hayotda boshqarmoq muhim oʻrin tutadi.		/handled/	2740
selections	B2	n.	tanlamoq	The selections plays an important role in daily life.	Kundalik hayotda tanlamoq muhim oʻrin tutadi.		/selections/	2741
speaks	B2	n.	gapirmoq	The speaks plays an important role in daily life.	Kundalik hayotda gapirmoq muhim oʻrin tutadi.		/speaks/	2742
roller	B2	n.	dumalatmoq	The roller plays an important role in daily life.	Kundalik hayotda dumalatmoq muhim oʻrin tutadi.		/roller/	2743
mixing	B2	n.	aralashtirmoq	The mixing plays an important role in daily life.	Kundalik hayotda aralashtirmoq muhim oʻrin tutadi.		/mixing/	2744
handles	B2	n.	boshqarmoq, uddalamoq	The handles plays an important role in daily life.	Kundalik hayotda boshqarmoq muhim oʻrin tutadi.		/handles/	2745
fitted	B2	n.	mos kelmoq	The fitted plays an important role in daily life.	Kundalik hayotda mos kelmoq muhim oʻrin tutadi.		/fitted/	2746
regulated	B2	n.	tartibga solmoq	The regulated plays an important role in daily life.	Kundalik hayotda tartibga solmoq muhim oʻrin tutadi.		/regulated/	2747
windsor	B2	n.	g'alaba qozonmoq	The windsor plays an important role in daily life.	Kundalik hayotda g'alaba qozonmoq muhim oʻrin tutadi.		/windsor/	2748
walks	B2	n.	piyoda yurmoq	The walks plays an important role in daily life.	Kundalik hayotda piyoda yurmoq muhim oʻrin tutadi.		/walks/	2749
reflected	B2	n.	aks ettirmoq, mushohada qilmoq	The reflected plays an important role in daily life.	Kundalik hayotda aks ettirmoq muhim oʻrin tutadi.		/reflected/	2750
detector	B2	n.	aniqlamoq	The detector plays an important role in daily life.	Kundalik hayotda aniqlamoq muhim oʻrin tutadi.		/detector/	2751
ignored	B2	n.	e'tiborsiz qoldirmoq	The ignored plays an important role in daily life.	Kundalik hayotda e'tiborsiz qoldirmoq muhim oʻrin tutadi.		/ignored/	2752
fallen	B2	n.	yiqilmoq	The fallen plays an important role in daily life.	Kundalik hayotda yiqilmoq muhim oʻrin tutadi.		/fallen/	2753
carey	B2	n.	g'amxo'rlik qilmoq	The carey plays an important role in daily life.	Kundalik hayotda g'amxo'rlik qilmoq muhim oʻrin tutadi.		/carey/	2754
forming	B2	n.	shakllantirmoq; shakl	The forming plays an important role in daily life.	Kundalik hayotda shakllantirmoq muhim oʻrin tutadi.		/forming/	2755
proceeds	B2	n.	davom etmoq	The proceeds plays an important role in daily life.	Kundalik hayotda davom etmoq muhim oʻrin tutadi.		/proceeds/	2756
decreased	B2	n.	kamaymoq	The decreased plays an important role in daily life.	Kundalik hayotda kamaymoq muhim oʻrin tutadi.		/decreased/	2757
lightning	B2	n.	yoqmoq; yorug'	The lightning plays an important role in daily life.	Kundalik hayotda yoqmoq muhim oʻrin tutadi.		/lightning/	2758
inspector	B2	n.	tekshirmoq	The inspector plays an important role in daily life.	Kundalik hayotda tekshirmoq muhim oʻrin tutadi.		/inspector/	2759
lending	B2	n.	qarzga bermoq	The lending plays an important role in daily life.	Kundalik hayotda qarzga bermoq muhim oʻrin tutadi.		/lending/	2760
reminder	B2	n.	eslatmoq	The reminder plays an important role in daily life.	Kundalik hayotda eslatmoq muhim oʻrin tutadi.		/reminder/	2761
searched	B2	n.	qidirmoq	The searched plays an important role in daily life.	Kundalik hayotda qidirmoq muhim oʻrin tutadi.		/searched/	2762
suspended	B2	n.	vaqtincha to'xtatmoq	The suspended plays an important role in daily life.	Kundalik hayotda vaqtincha to'xtatmoq muhim oʻrin tutadi.		/suspended/	2763
containers	B2	n.	o'z ichiga olmoq	The containers plays an important role in daily life.	Kundalik hayotda o'z ichiga olmoq muhim oʻrin tutadi.		/containers/	2764
fixes	B2	n.	tuzatmoq, o'rnatmoq	The fixes plays an important role in daily life.	Kundalik hayotda tuzatmoq muhim oʻrin tutadi.		/fixes/	2765
sends	B2	n.	yubormoq	The sends plays an important role in daily life.	Kundalik hayotda yubormoq muhim oʻrin tutadi.		/sends/	2766
throws	B2	n.	otmoq, irg'itmoq	The throws plays an important role in daily life.	Kundalik hayotda otmoq muhim oʻrin tutadi.		/throws/	2767
referring	B2	n.	havola qilmoq	The referring plays an important role in daily life.	Kundalik hayotda havola qilmoq muhim oʻrin tutadi.		/referring/	2768
gotten	B2	n.	bormoq	The gotten plays an important role in daily life.	Kundalik hayotda bormoq muhim oʻrin tutadi.		/gotten/	2769
wanting	B2	n.	xohlamoq	The wanting plays an important role in daily life.	Kundalik hayotda xohlamoq muhim oʻrin tutadi.		/wanting/	2770
launches	B2	n.	ishga tushirmoq, uchirmoq	The launches plays an important role in daily life.	Kundalik hayotda ishga tushirmoq muhim oʻrin tutadi.		/launches/	2771
trustees	B2	n.	ishonmoq; ishonch	The trustees plays an important role in daily life.	Kundalik hayotda ishonmoq muhim oʻrin tutadi.		/trustees/	2772
accessing	B2	n.	kirish huquqi, foydalanish	The accessing plays an important role in daily life.	Kundalik hayotda kirish huquqi muhim oʻrin tutadi.		/accessing/	2773
attempted	B2	n.	urinmoq	The attempted plays an important role in daily life.	Kundalik hayotda urinmoq muhim oʻrin tutadi.		/attempted/	2774
witnesses	B2	n.	guvoh bo'lmoq	The witnesses plays an important role in daily life.	Kundalik hayotda guvoh bo'lmoq muhim oʻrin tutadi.		/witnesses/	2775
runner	B2	n.	yugurmoq, boshqarmoq	The runner plays an important role in daily life.	Kundalik hayotda yugurmoq muhim oʻrin tutadi.		/runner/	2776
gods	B2	n.	bormoq	The gods plays an important role in daily life.	Kundalik hayotda bormoq muhim oʻrin tutadi.		/gods/	2777
determines	B2	n.	qat'iy belgilamoq	The determines plays an important role in daily life.	Kundalik hayotda qat'iy belgilamoq muhim oʻrin tutadi.		/determines/	2778
dod	B2	n.	bajarmoq	The dod plays an important role in daily life.	Kundalik hayotda bajarmoq muhim oʻrin tutadi.		/dod/	2779
lenders	B2	n.	qarzga bermoq	The lenders plays an important role in daily life.	Kundalik hayotda qarzga bermoq muhim oʻrin tutadi.		/lenders/	2780
fitting	B2	n.	mos kelmoq	The fitting plays an important role in daily life.	Kundalik hayotda mos kelmoq muhim oʻrin tutadi.		/fitting/	2781
agrees	B2	n.	rozi bo'lmoq	The agrees plays an important role in daily life.	Kundalik hayotda rozi bo'lmoq muhim oʻrin tutadi.		/agrees/	2782
punishment	B2	n.	jazolamoq holati / jarayoni	The punishment plays an important role in daily life.	Kundalik hayotda jazolamoq holati / jarayoni muhim oʻrin tutadi.		/punishment/	2783
providence	B2	n.	ta'minlamoq	The providence plays an important role in daily life.	Kundalik hayotda ta'minlamoq muhim oʻrin tutadi.		/providence/	2784
restriction	B2	n.	cheklamoq holati / jarayoni	The restriction plays an important role in daily life.	Kundalik hayotda cheklamoq holati / jarayoni muhim oʻrin tutadi.		/restriction/	2785
remembered	B2	n.	eslamoq	The remembered plays an important role in daily life.	Kundalik hayotda eslamoq muhim oʻrin tutadi.		/remembered/	2786
proceeding	B2	n.	davom etmoq	The proceeding plays an important role in daily life.	Kundalik hayotda davom etmoq muhim oʻrin tutadi.		/proceeding/	2787
breakdown	B2	n.	sindirmoq, buzmoq	The breakdown plays an important role in daily life.	Kundalik hayotda sindirmoq muhim oʻrin tutadi.		/breakdown/	2788
marker	B2	n.	belgilamoq	The marker plays an important role in daily life.	Kundalik hayotda belgilamoq muhim oʻrin tutadi.		/marker/	2789
settled	B2	n.	hal qilmoq, o'rnashmoq	The settled plays an important role in daily life.	Kundalik hayotda hal qilmoq muhim oʻrin tutadi.		/settled/	2790
folding	B2	n.	buklamoq	The folding plays an important role in daily life.	Kundalik hayotda buklamoq muhim oʻrin tutadi.		/folding/	2791
promised	B2	n.	va'da bermoq	The promised plays an important role in daily life.	Kundalik hayotda va'da bermoq muhim oʻrin tutadi.		/promised/	2792
threatened	B2	n.	tahdid solmoq	The threatened plays an important role in daily life.	Kundalik hayotda tahdid solmoq muhim oʻrin tutadi.		/threatened/	2793
discusses	B2	n.	muhokama qilmoq	The discusses plays an important role in daily life.	Kundalik hayotda muhokama qilmoq muhim oʻrin tutadi.		/discusses/	2794
responded	B2	n.	javob bermoq	The responded plays an important role in daily life.	Kundalik hayotda javob bermoq muhim oʻrin tutadi.		/responded/	2795
prediction	B2	n.	oldindan aytmoq holati / jarayoni	The prediction plays an important role in daily life.	Kundalik hayotda oldindan aytmoq holati / jarayoni muhim oʻrin tutadi.		/prediction/	2796
consisting	B2	n.	iborat bo'lmoq	The consisting plays an important role in daily life.	Kundalik hayotda iborat bo'lmoq muhim oʻrin tutadi.		/consisting/	2797
submitting	B2	n.	topshirmoq	The submitting plays an important role in daily life.	Kundalik hayotda topshirmoq muhim oʻrin tutadi.		/submitting/	2798
donor	B2	n.	bajarmoq	The donor plays an important role in daily life.	Kundalik hayotda bajarmoq muhim oʻrin tutadi.		/donor/	2799
tier	B2	n.	bog'lamoq; galstuk	The tier plays an important role in daily life.	Kundalik hayotda bog'lamoq muhim oʻrin tutadi.		/tier/	2800
excluded	B2	n.	chiqarib tashlamoq	The excluded plays an important role in daily life.	Kundalik hayotda chiqarib tashlamoq muhim oʻrin tutadi.		/excluded/	2801
endif	B2	n.	tugatmoq; oxir	The endif plays an important role in daily life.	Kundalik hayotda tugatmoq muhim oʻrin tutadi.		/endif/	2802
finishing	B2	n.	tugatmoq	The finishing plays an important role in daily life.	Kundalik hayotda tugatmoq muhim oʻrin tutadi.		/finishing/	2803
cleaners	B2	n.	tozalamoq	The cleaners plays an important role in daily life.	Kundalik hayotda tozalamoq muhim oʻrin tutadi.		/cleaners/	2804
preventing	B2	n.	oldini olmoq	The preventing plays an important role in daily life.	Kundalik hayotda oldini olmoq muhim oʻrin tutadi.		/preventing/	2805
closest	B2	n.	yopmoq	The closest plays an important role in daily life.	Kundalik hayotda yopmoq muhim oʻrin tutadi.		/closest/	2806
actress	B2	n.	harakat qilmoq	The actress plays an important role in daily life.	Kundalik hayotda harakat qilmoq muhim oʻrin tutadi.		/actress/	2807
slides	B2	n.	sirg'almoq	The slides plays an important role in daily life.	Kundalik hayotda sirg'almoq muhim oʻrin tutadi.		/slides/	2808
lender	B2	n.	qarzga bermoq	The lender plays an important role in daily life.	Kundalik hayotda qarzga bermoq muhim oʻrin tutadi.		/lender/	2809
argued	B2	n.	bahslashmoq	The argued plays an important role in daily life.	Kundalik hayotda bahslashmoq muhim oʻrin tutadi.		/argued/	2810
accepting	B2	n.	qabul qilmoq	The accepting plays an important role in daily life.	Kundalik hayotda qabul qilmoq muhim oʻrin tutadi.		/accepting/	2811
findlaw	B2	n.	topmoq	The findlaw plays an important role in daily life.	Kundalik hayotda topmoq muhim oʻrin tutadi.		/findlaw/	2812
sustained	B2	n.	saqlab turmoq	The sustained plays an important role in daily life.	Kundalik hayotda saqlab turmoq muhim oʻrin tutadi.		/sustained/	2813
matched	B2	n.	mos kelmoq	The matched plays an important role in daily life.	Kundalik hayotda mos kelmoq muhim oʻrin tutadi.		/matched/	2814
fighters	B2	n.	kurashmoq	The fighters plays an important role in daily life.	Kundalik hayotda kurashmoq muhim oʻrin tutadi.		/fighters/	2815
burner	B2	n.	yonmoq, kuymoq	The burner plays an important role in daily life.	Kundalik hayotda yonmoq muhim oʻrin tutadi.		/burner/	2816
reveals	B2	n.	oshkor qilmoq	The reveals plays an important role in daily life.	Kundalik hayotda oshkor qilmoq muhim oʻrin tutadi.		/reveals/	2817
saves	B2	n.	saqlamoq, asramoq	The saves plays an important role in daily life.	Kundalik hayotda saqlamoq muhim oʻrin tutadi.		/saves/	2818
regarded	B2	n.	deb hisoblamoq	The regarded plays an important role in daily life.	Kundalik hayotda deb hisoblamoq muhim oʻrin tutadi.		/regarded/	2819
treating	B2	n.	muomala qilmoq, davolamoq	The treating plays an important role in daily life.	Kundalik hayotda muomala qilmoq muhim oʻrin tutadi.		/treating/	2820
gotta	B2	n.	bormoq	The gotta plays an important role in daily life.	Kundalik hayotda bormoq muhim oʻrin tutadi.		/gotta/	2821
betty	B2	n.	garov boylamoq	The betty plays an important role in daily life.	Kundalik hayotda garov boylamoq muhim oʻrin tutadi.		/betty/	2822
shake	B2	v./n.	silkitmoq	You should practice how to shake properly in real conversation.	Siz haqiqiy suhbatda toʻgʻri silkitmoqni mashq qilishingiz kerak.		/shake/	2823
wrapping	B2	n.	o'ramoq	The wrapping plays an important role in daily life.	Kundalik hayotda o'ramoq muhim oʻrin tutadi.		/wrapping/	2824
belongs	B2	n.	tegishli bo'lmoq	The belongs plays an important role in daily life.	Kundalik hayotda tegishli bo'lmoq muhim oʻrin tutadi.		/belongs/	2825
ensures	B2	n.	ta'minlamoq	The ensures plays an important role in daily life.	Kundalik hayotda ta'minlamoq muhim oʻrin tutadi.		/ensures/	2826
discussing	B2	n.	muhokama qilmoq	The discussing plays an important role in daily life.	Kundalik hayotda muhokama qilmoq muhim oʻrin tutadi.		/discussing/	2827
fighter	B2	n.	kurashmoq	The fighter plays an important role in daily life.	Kundalik hayotda kurashmoq muhim oʻrin tutadi.		/fighter/	2828
adapted	B2	n.	moslashmoq	The adapted plays an important role in daily life.	Kundalik hayotda moslashmoq muhim oʻrin tutadi.		/adapted/	2829
maintains	B2	n.	saqlab turmoq	The maintains plays an important role in daily life.	Kundalik hayotda saqlab turmoq muhim oʻrin tutadi.		/maintains/	2830
failing	B2	n.	mag'lub bo'lmoq, uddalay olmaslik	The failing plays an important role in daily life.	Kundalik hayotda mag'lub bo'lmoq muhim oʻrin tutadi.		/failing/	2831
retained	B2	n.	saqlab qolmoq	The retained plays an important role in daily life.	Kundalik hayotda saqlab qolmoq muhim oʻrin tutadi.		/retained/	2832
extending	B2	n.	uzaytirmoq	The extending plays an important role in daily life.	Kundalik hayotda uzaytirmoq muhim oʻrin tutadi.		/extending/	2833
winston	B2	n.	g'alaba qozonmoq	The winston plays an important role in daily life.	Kundalik hayotda g'alaba qozonmoq muhim oʻrin tutadi.		/winston/	2834
solved	B2	n.	yechmoq (masalani)	The solved plays an important role in daily life.	Kundalik hayotda yechmoq (masalani) muhim oʻrin tutadi.		/solved/	2835
standings	B2	n.	turmoq (tik)	The standings plays an important role in daily life.	Kundalik hayotda turmoq (tik) muhim oʻrin tutadi.		/standings/	2836
urgent	B2	n.	undamoq	The urgent plays an important role in daily life.	Kundalik hayotda undamoq muhim oʻrin tutadi.		/urgent/	2837
guarantees	B2	n.	kafolatlamoq	The guarantees plays an important role in daily life.	Kundalik hayotda kafolatlamoq muhim oʻrin tutadi.		/guarantees/	2838
gothic	B2	n.	bormoq	The gothic plays an important role in daily life.	Kundalik hayotda bormoq muhim oʻrin tutadi.		/gothic/	2839
controllers	B2	n.	boshqarmoq, nazorat qilmoq	The controllers plays an important role in daily life.	Kundalik hayotda boshqarmoq muhim oʻrin tutadi.		/controllers/	2840
accepts	B2	n.	qabul qilmoq	The accepts plays an important role in daily life.	Kundalik hayotda qabul qilmoq muhim oʻrin tutadi.		/accepts/	2841
enjoying	B2	n.	zavqlanmoq	The enjoying plays an important role in daily life.	Kundalik hayotda zavqlanmoq muhim oʻrin tutadi.		/enjoying/	2842
smell	B2	v./n.	hidlamoq; hid	You should practice how to smell properly in real conversation.	Siz haqiqiy suhbatda toʻgʻri hidlamoqni mashq qilishingiz kerak.		/smell/	2843
sticker	B2	n.	yopishmoq; tayoq	The sticker plays an important role in daily life.	Kundalik hayotda yopishmoq muhim oʻrin tutadi.		/sticker/	2844
promises	B2	n.	va'da bermoq	The promises plays an important role in daily life.	Kundalik hayotda va'da bermoq muhim oʻrin tutadi.		/promises/	2845
responding	B2	n.	javob bermoq	The responding plays an important role in daily life.	Kundalik hayotda javob bermoq muhim oʻrin tutadi.		/responding/	2846
attempting	B2	n.	urinmoq	The attempting plays an important role in daily life.	Kundalik hayotda urinmoq muhim oʻrin tutadi.		/attempting/	2847
combines	B2	n.	birlashtirmoq	The combines plays an important role in daily life.	Kundalik hayotda birlashtirmoq muhim oʻrin tutadi.		/combines/	2848
beth	B2	n.	garov boylamoq	The beth plays an important role in daily life.	Kundalik hayotda garov boylamoq muhim oʻrin tutadi.		/beth/	2849
dom	B2	n.	bajarmoq	The dom plays an important role in daily life.	Kundalik hayotda bajarmoq muhim oʻrin tutadi.		/dom/	2850
reaches	B2	n.	yetib bormoq	The reaches plays an important role in daily life.	Kundalik hayotda yetib bormoq muhim oʻrin tutadi.		/reaches/	2851
considers	B2	n.	ko'rib chiqmoq, deb hisoblamoq	The considers plays an important role in daily life.	Kundalik hayotda ko'rib chiqmoq muhim oʻrin tutadi.		/considers/	2852
planets	B2	n.	rejalashtirmoq	The planets plays an important role in daily life.	Kundalik hayotda rejalashtirmoq muhim oʻrin tutadi.		/planets/	2853
pointing	B2	n.	ko'rsatmoq; nuqta	The pointing plays an important role in daily life.	Kundalik hayotda ko'rsatmoq muhim oʻrin tutadi.		/pointing/	2854
locks	B2	n.	qulflamoq	The locks plays an important role in daily life.	Kundalik hayotda qulflamoq muhim oʻrin tutadi.		/locks/	2855
namely	B2	adv.	nomlamoq; ism tarzda	You should practice how to namely properly in real conversation.	Siz haqiqiy suhbatda toʻgʻri nomlamoqni mashq qilishingiz kerak.		/namely/	2856
hired	B2	n.	yollamoq	The hired plays an important role in daily life.	Kundalik hayotda yollamoq muhim oʻrin tutadi.		/hired/	2857
makeup	B2	n.	qilmoq, yaratmoq	The makeup plays an important role in daily life.	Kundalik hayotda qilmoq muhim oʻrin tutadi.		/makeup/	2858
presenting	B2	n.	taqdim etmoq	The presenting plays an important role in daily life.	Kundalik hayotda taqdim etmoq muhim oʻrin tutadi.		/presenting/	2859
markers	B2	n.	belgilamoq	The markers plays an important role in daily life.	Kundalik hayotda belgilamoq muhim oʻrin tutadi.		/markers/	2860
weights	B2	n.	tortmoq (vazn)	The weights plays an important role in daily life.	Kundalik hayotda tortmoq (vazn) muhim oʻrin tutadi.		/weights/	2861
lasting	B2	n.	davom etmoq; oxirgi	The lasting plays an important role in daily life.	Kundalik hayotda davom etmoq muhim oʻrin tutadi.		/lasting/	2862
introduces	B2	n.	tanishtirmoq	The introduces plays an important role in daily life.	Kundalik hayotda tanishtirmoq muhim oʻrin tutadi.		/introduces/	2863
kills	B2	n.	o'ldirmoq	The kills plays an important role in daily life.	Kundalik hayotda o'ldirmoq muhim oʻrin tutadi.		/kills/	2864
pushed	B2	n.	itarmoq	The pushed plays an important role in daily life.	Kundalik hayotda itarmoq muhim oʻrin tutadi.		/pushed/	2865
participated	B2	n.	qatnashmoq	The participated plays an important role in daily life.	Kundalik hayotda qatnashmoq muhim oʻrin tutadi.		/participated/	2866
answering	B2	n.	javob bermoq	The answering plays an important role in daily life.	Kundalik hayotda javob bermoq muhim oʻrin tutadi.		/answering/	2867
failures	B2	n.	mag'lub bo'lmoq, uddalay olmaslik	The failures plays an important role in daily life.	Kundalik hayotda mag'lub bo'lmoq muhim oʻrin tutadi.		/failures/	2868
rides	B2	n.	minmoq (velosiped, ot)	The rides plays an important role in daily life.	Kundalik hayotda minmoq (velosiped muhim oʻrin tutadi.		/rides/	2869
organizer	B2	n.	tashkillashtirmoq	The organizer plays an important role in daily life.	Kundalik hayotda tashkillashtirmoq muhim oʻrin tutadi.		/organizer/	2870
planes	B2	n.	rejalashtirmoq	The planes plays an important role in daily life.	Kundalik hayotda rejalashtirmoq muhim oʻrin tutadi.		/planes/	2871
builds	B2	n.	qurmoq	The builds plays an important role in daily life.	Kundalik hayotda qurmoq muhim oʻrin tutadi.		/builds/	2872
lean	B2	v./n.	suyanmoq	You should practice how to lean properly in real conversation.	Siz haqiqiy suhbatda toʻgʻri suyanmoqni mashq qilishingiz kerak.		/lean/	2873
recorders	B2	n.	yozib olmoq; rekord	The recorders plays an important role in daily life.	Kundalik hayotda yozib olmoq muhim oʻrin tutadi.		/recorders/	2874
postings	B2	n.	joylashtirmoq (post)	The postings plays an important role in daily life.	Kundalik hayotda joylashtirmoq (post) muhim oʻrin tutadi.		/postings/	2875
reviewing	B2	n.	takrorlamoq, ko'rib chiqmoq	The reviewing plays an important role in daily life.	Kundalik hayotda takrorlamoq muhim oʻrin tutadi.		/reviewing/	2876
sticks	B2	n.	yopishmoq; tayoq	The sticks plays an important role in daily life.	Kundalik hayotda yopishmoq muhim oʻrin tutadi.		/sticks/	2877
basement	B2	n.	asoslamoq; asos holati / jarayoni	The basement plays an important role in daily life.	Kundalik hayotda asoslamoq muhim oʻrin tutadi.		/basement/	2878
influenced	B2	n.	ta'sir qilmoq	The influenced plays an important role in daily life.	Kundalik hayotda ta'sir qilmoq muhim oʻrin tutadi.		/influenced/	2879
beats	B2	n.	urmoq, yutmoq	The beats plays an important role in daily life.	Kundalik hayotda urmoq muhim oʻrin tutadi.		/beats/	2880
gore	B2	n.	bormoq	The gore plays an important role in daily life.	Kundalik hayotda bormoq muhim oʻrin tutadi.		/gore/	2881
passive	B2	adj.	o'tmoq, topshirmoq xususiyatiga ega	Her explanation was very passive and easy to understand.	Uning tushuntirishi juda o'tmoq va tushunish oson edi.		/passive/	2882
valued	B2	n.	qadrlamoq; qiymat	The valued plays an important role in daily life.	Kundalik hayotda qadrlamoq muhim oʻrin tutadi.		/valued/	2883
checklist	B2	n.	tekshirmoq	The checklist plays an important role in daily life.	Kundalik hayotda tekshirmoq muhim oʻrin tutadi.		/checklist/	2884
requesting	B2	n.	iltimos qilmoq	The requesting plays an important role in daily life.	Kundalik hayotda iltimos qilmoq muhim oʻrin tutadi.		/requesting/	2885
hitachi	B2	n.	urmoq	The hitachi plays an important role in daily life.	Kundalik hayotda urmoq muhim oʻrin tutadi.		/hitachi/	2886
hearings	B2	n.	eshitmoq	The hearings plays an important role in daily life.	Kundalik hayotda eshitmoq muhim oʻrin tutadi.		/hearings/	2887
stopping	B2	n.	to'xtamoq	The stopping plays an important role in daily life.	Kundalik hayotda to'xtamoq muhim oʻrin tutadi.		/stopping/	2888
altered	B2	n.	o'zgartirmoq	The altered plays an important role in daily life.	Kundalik hayotda o'zgartirmoq muhim oʻrin tutadi.		/altered/	2889
trainers	B2	n.	mashq qilmoq; poyezd	The trainers plays an important role in daily life.	Kundalik hayotda mashq qilmoq muhim oʻrin tutadi.		/trainers/	2890
consistency	B2	n.	iborat bo'lmoq	The consistency plays an important role in daily life.	Kundalik hayotda iborat bo'lmoq muhim oʻrin tutadi.		/consistency/	2891
collectors	B2	n.	to'plamoq	The collectors plays an important role in daily life.	Kundalik hayotda to'plamoq muhim oʻrin tutadi.		/collectors/	2892
lighter	B2	n.	yoqmoq; yorug'	The lighter plays an important role in daily life.	Kundalik hayotda yoqmoq muhim oʻrin tutadi.		/lighter/	2893
trusts	B2	n.	ishonmoq; ishonch	The trusts plays an important role in daily life.	Kundalik hayotda ishonmoq muhim oʻrin tutadi.		/trusts/	2894
occurring	B2	n.	yuz bermoq	The occurring plays an important role in daily life.	Kundalik hayotda yuz bermoq muhim oʻrin tutadi.		/occurring/	2895
travelling	B2	n.	sayohat qilmoq	The travelling plays an important role in daily life.	Kundalik hayotda sayohat qilmoq muhim oʻrin tutadi.		/travelling/	2896
spreading	B2	n.	tarqalmoq	The spreading plays an important role in daily life.	Kundalik hayotda tarqalmoq muhim oʻrin tutadi.		/spreading/	2897
relying	B2	n.	suyanmoq, ishonmoq	The relying plays an important role in daily life.	Kundalik hayotda suyanmoq muhim oʻrin tutadi.		/relying/	2898
steal	B2	v./n.	o'g'irlamoq	You should practice how to steal properly in real conversation.	Siz haqiqiy suhbatda toʻgʻri o'g'irlamoqni mashq qilishingiz kerak.		/steal/	2899
fears	B2	n.	qo'rqmoq	The fears plays an important role in daily life.	Kundalik hayotda qo'rqmoq muhim oʻrin tutadi.		/fears/	2900
rolled	B2	n.	dumalatmoq	The rolled plays an important role in daily life.	Kundalik hayotda dumalatmoq muhim oʻrin tutadi.		/rolled/	2901
undo	B2	v./n.	bekor qilmoq	You should practice how to undo properly in real conversation.	Siz haqiqiy suhbatda toʻgʻri bekor qilmoqni mashq qilishingiz kerak.		/undo/	2902
strikes	B2	n.	zarba bermoq	The strikes plays an important role in daily life.	Kundalik hayotda zarba bermoq muhim oʻrin tutadi.		/strikes/	2903
pressing	B2	n.	bosmoq	The pressing plays an important role in daily life.	Kundalik hayotda bosmoq muhim oʻrin tutadi.		/pressing/	2904
dressed	B2	n.	kiyinmoq	The dressed plays an important role in daily life.	Kundalik hayotda kiyinmoq muhim oʻrin tutadi.		/dressed/	2905
dealt	B2	n.	shug'ullanmoq, bitim tuzmoq	The dealt plays an important role in daily life.	Kundalik hayotda shug'ullanmoq muhim oʻrin tutadi.		/dealt/	2906
trader	B2	n.	savdo qilmoq	The trader plays an important role in daily life.	Kundalik hayotda savdo qilmoq muhim oʻrin tutadi.		/trader/	2907
allowance	B2	n.	ruxsat bermoq	The allowance plays an important role in daily life.	Kundalik hayotda ruxsat bermoq muhim oʻrin tutadi.		/allowance/	2908
thrown	B2	n.	otmoq, irg'itmoq	The thrown plays an important role in daily life.	Kundalik hayotda otmoq muhim oʻrin tutadi.		/thrown/	2909
electro	B2	n.	saylamoq	The electro plays an important role in daily life.	Kundalik hayotda saylamoq muhim oʻrin tutadi.		/electro/	2910
analyzed	B2	n.	tahlil qilmoq	The analyzed plays an important role in daily life.	Kundalik hayotda tahlil qilmoq muhim oʻrin tutadi.		/analyzed/	2911
heath	B2	n.	isitmoq; issiqlik	The heath plays an important role in daily life.	Kundalik hayotda isitmoq muhim oʻrin tutadi.		/heath/	2912
varying	B2	n.	farqlanmoq	The varying plays an important role in daily life.	Kundalik hayotda farqlanmoq muhim oʻrin tutadi.		/varying/	2913
trustee	B2	n.	ishonmoq; ishonch	The trustee plays an important role in daily life.	Kundalik hayotda ishonmoq muhim oʻrin tutadi.		/trustee/	2914
weighted	B2	n.	tortmoq (vazn)	The weighted plays an important role in daily life.	Kundalik hayotda tortmoq (vazn) muhim oʻrin tutadi.		/weighted/	2915
performs	B2	n.	ijro etmoq	The performs plays an important role in daily life.	Kundalik hayotda ijro etmoq muhim oʻrin tutadi.		/performs/	2916
corrected	B2	n.	tuzatmoq	The corrected plays an important role in daily life.	Kundalik hayotda tuzatmoq muhim oʻrin tutadi.		/corrected/	2917
postcard	B2	n.	joylashtirmoq (post)	The postcard plays an important role in daily life.	Kundalik hayotda joylashtirmoq (post) muhim oʻrin tutadi.		/postcard/	2918
surrounded	B2	n.	o'rab olmoq	The surrounded plays an important role in daily life.	Kundalik hayotda o'rab olmoq muhim oʻrin tutadi.		/surrounded/	2919
cleared	B2	n.	aniqlashtirmoq	The cleared plays an important role in daily life.	Kundalik hayotda aniqlashtirmoq muhim oʻrin tutadi.		/cleared/	2920
clearing	B2	n.	aniqlashtirmoq	The clearing plays an important role in daily life.	Kundalik hayotda aniqlashtirmoq muhim oʻrin tutadi.		/clearing/	2921
investigated	B2	n.	tekshirmoq, tergov qilmoq	The investigated plays an important role in daily life.	Kundalik hayotda tekshirmoq muhim oʻrin tutadi.		/investigated/	2922
doom	B2	n.	bajarmoq	The doom plays an important role in daily life.	Kundalik hayotda bajarmoq muhim oʻrin tutadi.		/doom/	2923
owen	B2	n.	qarzdor bo'lmoq	The owen plays an important role in daily life.	Kundalik hayotda qarzdor bo'lmoq muhim oʻrin tutadi.		/owen/	2924
hitting	B2	n.	urmoq	The hitting plays an important role in daily life.	Kundalik hayotda urmoq muhim oʻrin tutadi.		/hitting/	2925
singh	B2	n.	kuylamoq	The singh plays an important role in daily life.	Kundalik hayotda kuylamoq muhim oʻrin tutadi.		/singh/	2926
adaptor	B2	n.	moslashmoq	The adaptor plays an important role in daily life.	Kundalik hayotda moslashmoq muhim oʻrin tutadi.		/adaptor/	2927
unlock	B2	v./n.	ochmoq (qulfni)	You should practice how to unlock properly in real conversation.	Siz haqiqiy suhbatda toʻgʻri ochmoq (qulfni)ni mashq qilishingiz kerak.		/unlock/	2928
relates	B2	n.	aloqador bo'lmoq	The relates plays an important role in daily life.	Kundalik hayotda aloqador bo'lmoq muhim oʻrin tutadi.		/relates/	2929
referrals	B2	n.	havola qilmoq	The referrals plays an important role in daily life.	Kundalik hayotda havola qilmoq muhim oʻrin tutadi.		/referrals/	2930
dock	B2	n.	bajarmoq	The dock plays an important role in daily life.	Kundalik hayotda bajarmoq muhim oʻrin tutadi.		/dock/	2931
sorts	B2	n.	saralamoq	The sorts plays an important role in daily life.	Kundalik hayotda saralamoq muhim oʻrin tutadi.		/sorts/	2932
limiting	B2	n.	cheklamoq	The limiting plays an important role in daily life.	Kundalik hayotda cheklamoq muhim oʻrin tutadi.		/limiting/	2933
restored	B2	n.	dam olmoq	The restored plays an important role in daily life.	Kundalik hayotda dam olmoq muhim oʻrin tutadi.		/restored/	2934
riders	B2	n.	minmoq (velosiped, ot)	The riders plays an important role in daily life.	Kundalik hayotda minmoq (velosiped muhim oʻrin tutadi.		/riders/	2935
chargers	B2	n.	haq olmoq; quvvatlamoq	The chargers plays an important role in daily life.	Kundalik hayotda haq olmoq muhim oʻrin tutadi.		/chargers/	2936
dozens	B2	n.	bajarmoq	The dozens plays an important role in daily life.	Kundalik hayotda bajarmoq muhim oʻrin tutadi.		/dozens/	2937
picking	B2	n.	termoq, tanlamoq	The picking plays an important role in daily life.	Kundalik hayotda termoq muhim oʻrin tutadi.		/picking/	2938
guards	B2	n.	qo'riqlamoq	The guards plays an important role in daily life.	Kundalik hayotda qo'riqlamoq muhim oʻrin tutadi.		/guards/	2939
openings	B2	n.	ochmoq	The openings plays an important role in daily life.	Kundalik hayotda ochmoq muhim oʻrin tutadi.		/openings/	2940
buys	B2	n.	sotib olmoq	The buys plays an important role in daily life.	Kundalik hayotda sotib olmoq muhim oʻrin tutadi.		/buys/	2941
researcher	B2	n.	tadqiq qilmoq	The researcher plays an important role in daily life.	Kundalik hayotda tadqiq qilmoq muhim oʻrin tutadi.		/researcher/	2942
develops	B2	n.	rivojlantirmoq	The develops plays an important role in daily life.	Kundalik hayotda rivojlantirmoq muhim oʻrin tutadi.		/develops/	2943
qualifying	B2	n.	malaka oshirmoq	The qualifying plays an important role in daily life.	Kundalik hayotda malaka oshirmoq muhim oʻrin tutadi.		/qualifying/	2944
pushing	B2	n.	itarmoq	The pushing plays an important role in daily life.	Kundalik hayotda itarmoq muhim oʻrin tutadi.		/pushing/	2945
fleece	B2	n.	qochib ketmoq	The fleece plays an important role in daily life.	Kundalik hayotda qochib ketmoq muhim oʻrin tutadi.		/fleece/	2946
dressing	B2	n.	kiyinmoq	The dressing plays an important role in daily life.	Kundalik hayotda kiyinmoq muhim oʻrin tutadi.		/dressing/	2947
prefers	B2	n.	afzal ko'rmoq	The prefers plays an important role in daily life.	Kundalik hayotda afzal ko'rmoq muhim oʻrin tutadi.		/prefers/	2948
traveller	B2	n.	sayohat qilmoq	The traveller plays an important role in daily life.	Kundalik hayotda sayohat qilmoq muhim oʻrin tutadi.		/traveller/	2949
suspected	B2	n.	shubhalanmoq	The suspected plays an important role in daily life.	Kundalik hayotda shubhalanmoq muhim oʻrin tutadi.		/suspected/	2950
beginners	B2	n.	boshlamoq	The beginners plays an important role in daily life.	Kundalik hayotda boshlamoq muhim oʻrin tutadi.		/beginners/	2951
instructors	B2	n.	ko'rsatma bermoq	The instructors plays an important role in daily life.	Kundalik hayotda ko'rsatma bermoq muhim oʻrin tutadi.		/instructors/	2952
competent	B2	n.	bellashmoq	The competent plays an important role in daily life.	Kundalik hayotda bellashmoq muhim oʻrin tutadi.		/competent/	2953
demonstrates	B2	n.	namoyish etmoq	The demonstrates plays an important role in daily life.	Kundalik hayotda namoyish etmoq muhim oʻrin tutadi.		/demonstrates/	2954
laughing	B2	n.	kulmoq	The laughing plays an important role in daily life.	Kundalik hayotda kulmoq muhim oʻrin tutadi.		/laughing/	2955
grows	B2	n.	o'smoq	The grows plays an important role in daily life.	Kundalik hayotda o'smoq muhim oʻrin tutadi.		/grows/	2956
wrapped	B2	n.	o'ramoq	The wrapped plays an important role in daily life.	Kundalik hayotda o'ramoq muhim oʻrin tutadi.		/wrapped/	2957
runtime	B2	n.	yugurmoq, boshqarmoq	The runtime plays an important role in daily life.	Kundalik hayotda yugurmoq muhim oʻrin tutadi.		/runtime/	2958
employ	B2	v./n.	ishga olmoq	You should practice how to employ properly in real conversation.	Siz haqiqiy suhbatda toʻgʻri ishga olmoqni mashq qilishingiz kerak.		/employ/	2959
influences	B2	n.	ta'sir qilmoq	The influences plays an important role in daily life.	Kundalik hayotda ta'sir qilmoq muhim oʻrin tutadi.		/influences/	2960
inspections	B2	n.	tekshirmoq	The inspections plays an important role in daily life.	Kundalik hayotda tekshirmoq muhim oʻrin tutadi.		/inspections/	2961
dow	B2	n.	bajarmoq	The dow plays an important role in daily life.	Kundalik hayotda bajarmoq muhim oʻrin tutadi.		/dow/	2962
explaining	B2	n.	tushuntirmoq	The explaining plays an important role in daily life.	Kundalik hayotda tushuntirmoq muhim oʻrin tutadi.		/explaining/	2963
gossip	B2	n.	bormoq	The gossip plays an important role in daily life.	Kundalik hayotda bormoq muhim oʻrin tutadi.		/gossip/	2964
dependence	B2	n.	bog'liq bo'lmoq	The dependence plays an important role in daily life.	Kundalik hayotda bog'liq bo'lmoq muhim oʻrin tutadi.		/dependence/	2965
beginner	B2	n.	boshlamoq	The beginner plays an important role in daily life.	Kundalik hayotda boshlamoq muhim oʻrin tutadi.		/beginner/	2966
suggesting	B2	n.	taklif qilmoq	The suggesting plays an important role in daily life.	Kundalik hayotda taklif qilmoq muhim oʻrin tutadi.		/suggesting/	2967
remainder	B2	n.	qolmoq	The remainder plays an important role in daily life.	Kundalik hayotda qolmoq muhim oʻrin tutadi.		/remainder/	2968
labeled	B2	n.	yorliq yopishtirmoq	The labeled plays an important role in daily life.	Kundalik hayotda yorliq yopishtirmoq muhim oʻrin tutadi.		/labeled/	2969
marking	B2	n.	belgilamoq	The marking plays an important role in daily life.	Kundalik hayotda belgilamoq muhim oʻrin tutadi.		/marking/	2970
declined	B2	n.	kamaymoq, rad etmoq	The declined plays an important role in daily life.	Kundalik hayotda kamaymoq muhim oʻrin tutadi.		/declined/	2971
elect	B2	v./n.	saylamoq	You should practice how to elect properly in real conversation.	Siz haqiqiy suhbatda toʻgʻri saylamoqni mashq qilishingiz kerak.		/elect/	2972
thinkpad	B2	n.	o'ylamoq	The thinkpad plays an important role in daily life.	Kundalik hayotda o'ylamoq muhim oʻrin tutadi.		/thinkpad/	2973
flyer	B2	n.	uchmoq	The flyer plays an important role in daily life.	Kundalik hayotda uchmoq muhim oʻrin tutadi.		/flyer/	2974
dosage	B2	n.	bajarmoq	The dosage plays an important role in daily life.	Kundalik hayotda bajarmoq muhim oʻrin tutadi.		/dosage/	2975
receivers	B2	n.	qabul qilib olmoq	The receivers plays an important role in daily life.	Kundalik hayotda qabul qilib olmoq muhim oʻrin tutadi.		/receivers/	2976
adaptive	B2	adj.	moslashmoq xususiyatiga ega	Her explanation was very adaptive and easy to understand.	Uning tushuntirishi juda moslashmoq xususiyatiga ega va tushunish oson edi.		/adaptive/	2977
needle	B2	n.	muhtoj bo'lmoq	The needle plays an important role in daily life.	Kundalik hayotda muhtoj bo'lmoq muhim oʻrin tutadi.		/needle/	2978
owns	B2	n.	egalik qilmoq	The owns plays an important role in daily life.	Kundalik hayotda egalik qilmoq muhim oʻrin tutadi.		/owns/	2979
sticky	B2	n.	yopishmoq; tayoq	The sticky plays an important role in daily life.	Kundalik hayotda yopishmoq muhim oʻrin tutadi.		/sticky/	2980
blowing	B2	n.	esmoq, puflamoq	The blowing plays an important role in daily life.	Kundalik hayotda esmoq muhim oʻrin tutadi.		/blowing/	2981
heated	B2	n.	isitmoq; issiqlik	The heated plays an important role in daily life.	Kundalik hayotda isitmoq muhim oʻrin tutadi.		/heated/	2982
dover	B2	n.	bajarmoq	The dover plays an important role in daily life.	Kundalik hayotda bajarmoq muhim oʻrin tutadi.		/dover/	2983
predictions	B2	n.	oldindan aytmoq	The predictions plays an important role in daily life.	Kundalik hayotda oldindan aytmoq muhim oʻrin tutadi.		/predictions/	2984
learners	B2	n.	o'rganmoq	The learners plays an important role in daily life.	Kundalik hayotda o'rganmoq muhim oʻrin tutadi.		/learners/	2985
selective	B2	adj.	tanlamoq xususiyatiga ega	Her explanation was very selective and easy to understand.	Uning tushuntirishi juda tanlamoq xususiyatiga ega va tushunish oson edi.		/selective/	2986
seekers	B2	n.	ko'rmoq	The seekers plays an important role in daily life.	Kundalik hayotda ko'rmoq muhim oʻrin tutadi.		/seekers/	2987
yields	B2	n.	hosil bermoq; taslim bo'lmoq	The yields plays an important role in daily life.	Kundalik hayotda hosil bermoq muhim oʻrin tutadi.		/yields/	2988
suited	B2	n.	mos tushmoq; kostyum	The suited plays an important role in daily life.	Kundalik hayotda mos tushmoq muhim oʻrin tutadi.		/suited/	2989
educated	B2	n.	ta'lim bermoq	The educated plays an important role in daily life.	Kundalik hayotda ta'lim bermoq muhim oʻrin tutadi.		/educated/	2990
reporters	B2	n.	hisobot bermoq	The reporters plays an important role in daily life.	Kundalik hayotda hisobot bermoq muhim oʻrin tutadi.		/reporters/	2991
pulling	B2	n.	tortmoq	The pulling plays an important role in daily life.	Kundalik hayotda tortmoq muhim oʻrin tutadi.		/pulling/	2992
basename	B2	n.	asoslamoq; asos	The basename plays an important role in daily life.	Kundalik hayotda asoslamoq muhim oʻrin tutadi.		/basename/	2993
travels	B2	n.	sayohat qilmoq	The travels plays an important role in daily life.	Kundalik hayotda sayohat qilmoq muhim oʻrin tutadi.		/travels/	2994
counted	B2	n.	sanamoq	The counted plays an important role in daily life.	Kundalik hayotda sanamoq muhim oʻrin tutadi.		/counted/	2995
donors	B2	n.	bajarmoq	The donors plays an important role in daily life.	Kundalik hayotda bajarmoq muhim oʻrin tutadi.		/donors/	2996
tear	B2	v./n.	yirtmoq; ko'z yoshi	You should practice how to tear properly in real conversation.	Siz haqiqiy suhbatda toʻgʻri yirtmoqni mashq qilishingiz kerak.		/tear/	2997
convertible	B2	n.	aylantirmoq	The convertible plays an important role in daily life.	Kundalik hayotda aylantirmoq muhim oʻrin tutadi.		/convertible/	2998
teaches	B2	n.	o'rgatmoq, dars bermoq	The teaches plays an important role in daily life.	Kundalik hayotda o'rgatmoq muhim oʻrin tutadi.		/teaches/	2999
dryer	B2	n.	quritmoq	The dryer plays an important role in daily life.	Kundalik hayotda quritmoq muhim oʻrin tutadi.		/dryer/	3000
ruled	B2	n.	boshqarmoq; qoida	The ruled plays an important role in daily life.	Kundalik hayotda boshqarmoq muhim oʻrin tutadi.		/ruled/	3001
prayers	B2	n.	ibodat qilmoq	The prayers plays an important role in daily life.	Kundalik hayotda ibodat qilmoq muhim oʻrin tutadi.		/prayers/	3002
joins	B2	n.	qo'shilmoq	The joins plays an important role in daily life.	Kundalik hayotda qo'shilmoq muhim oʻrin tutadi.		/joins/	3003
mixer	B2	n.	aralashtirmoq	The mixer plays an important role in daily life.	Kundalik hayotda aralashtirmoq muhim oʻrin tutadi.		/mixer/	3004
respected	B2	n.	hurmat qilmoq	The respected plays an important role in daily life.	Kundalik hayotda hurmat qilmoq muhim oʻrin tutadi.		/respected/	3005
stays	B2	n.	qolmoq	The stays plays an important role in daily life.	Kundalik hayotda qolmoq muhim oʻrin tutadi.		/stays/	3006
washer	B2	n.	yuvmoq	The washer plays an important role in daily life.	Kundalik hayotda yuvmoq muhim oʻrin tutadi.		/washer/	3007
interpreted	B2	n.	talqin qilmoq	The interpreted plays an important role in daily life.	Kundalik hayotda talqin qilmoq muhim oʻrin tutadi.		/interpreted/	3008
freeze	B2	v./n.	muzlamoq	You should practice how to freeze properly in real conversation.	Siz haqiqiy suhbatda toʻgʻri muzlamoqni mashq qilishingiz kerak.		/freeze/	3009
performer	B2	n.	ijro etmoq	The performer plays an important role in daily life.	Kundalik hayotda ijro etmoq muhim oʻrin tutadi.		/performer/	3010
graduated	B2	n.	tamomlamoq (o'qishni)	The graduated plays an important role in daily life.	Kundalik hayotda tamomlamoq (o'qishni) muhim oʻrin tutadi.		/graduated/	3011
workout	B2	n.	ishlamoq	The workout plays an important role in daily life.	Kundalik hayotda ishlamoq muhim oʻrin tutadi.		/workout/	3012
bleeding	B2	n.	qonamoq	The bleeding plays an important role in daily life.	Kundalik hayotda qonamoq muhim oʻrin tutadi.		/bleeding/	3013
dome	B2	n.	bajarmoq	The dome plays an important role in daily life.	Kundalik hayotda bajarmoq muhim oʻrin tutadi.		/dome/	3014
electoral	B2	n.	saylamoq	The electoral plays an important role in daily life.	Kundalik hayotda saylamoq muhim oʻrin tutadi.		/electoral/	3015
changelog	B2	n.	o'zgartirmoq	The changelog plays an important role in daily life.	Kundalik hayotda o'zgartirmoq muhim oʻrin tutadi.		/changelog/	3016
locking	B2	n.	qulflamoq	The locking plays an important role in daily life.	Kundalik hayotda qulflamoq muhim oʻrin tutadi.		/locking/	3017
draws	B2	n.	chizmoq; tortmoq	The draws plays an important role in daily life.	Kundalik hayotda chizmoq muhim oʻrin tutadi.		/draws/	3018
recovered	B2	n.	sog'aymoq, tiklanmoq	The recovered plays an important role in daily life.	Kundalik hayotda sog'aymoq muhim oʻrin tutadi.		/recovered/	3019
possess	B2	v./n.	egalik qilmoq	You should practice how to possess properly in real conversation.	Siz haqiqiy suhbatda toʻgʻri egalik qilmoqni mashq qilishingiz kerak.		/possess/	3020
forbidden	B2	n.	taqiqlamoq	The forbidden plays an important role in daily life.	Kundalik hayotda taqiqlamoq muhim oʻrin tutadi.		/forbidden/	3021
monitored	B2	n.	kuzatib bormoq	The monitored plays an important role in daily life.	Kundalik hayotda kuzatib bormoq muhim oʻrin tutadi.		/monitored/	3022
motivated	B2	n.	rag'batlantirmoq	The motivated plays an important role in daily life.	Kundalik hayotda rag'batlantirmoq muhim oʻrin tutadi.		/motivated/	3023
securely	B2	adv.	xavfsizlantirmoq tarzda	You should practice how to securely properly in real conversation.	Siz haqiqiy suhbatda toʻgʻri xavfsizlantirmoq tarzdani mashq qilishingiz kerak.		/securely/	3024
sleeps	B2	n.	uxlamoq	The sleeps plays an important role in daily life.	Kundalik hayotda uxlamoq muhim oʻrin tutadi.		/sleeps/	3025
figured	B2	n.	anglamoq; raqam	The figured plays an important role in daily life.	Kundalik hayotda anglamoq muhim oʻrin tutadi.		/figured/	3026
heater	B2	n.	isitmoq; issiqlik	The heater plays an important role in daily life.	Kundalik hayotda isitmoq muhim oʻrin tutadi.		/heater/	3027
promoted	B2	n.	ilgari surmoq, ko'tarmoq	The promoted plays an important role in daily life.	Kundalik hayotda ilgari surmoq muhim oʻrin tutadi.		/promoted/	3028
spine	B2	n.	aylanmoq	The spine plays an important role in daily life.	Kundalik hayotda aylanmoq muhim oʻrin tutadi.		/spine/	3029
cooked	B2	n.	ovqat pishirmoq	The cooked plays an important role in daily life.	Kundalik hayotda ovqat pishirmoq muhim oʻrin tutadi.		/cooked/	3030
pressed	B2	n.	bosmoq	The pressed plays an important role in daily life.	Kundalik hayotda bosmoq muhim oʻrin tutadi.		/pressed/	3031
scanned	B2	n.	skanerlamoq, ko'z yugurtirmoq	The scanned plays an important role in daily life.	Kundalik hayotda skanerlamoq muhim oʻrin tutadi.		/scanned/	3032
reflections	B2	n.	aks ettirmoq, mushohada qilmoq	The reflections plays an important role in daily life.	Kundalik hayotda aks ettirmoq muhim oʻrin tutadi.		/reflections/	3033
detective	B2	adj.	aniqlamoq xususiyatiga ega	Her explanation was very detective and easy to understand.	Uning tushuntirishi juda aniqlamoq xususiyatiga ega va tushunish oson edi.		/detective/	3034
planners	B2	n.	rejalashtirmoq	The planners plays an important role in daily life.	Kundalik hayotda rejalashtirmoq muhim oʻrin tutadi.		/planners/	3035
missile	B2	n.	sog'inmoq; o'tkazib yubormoq	The missile plays an important role in daily life.	Kundalik hayotda sog'inmoq muhim oʻrin tutadi.		/missile/	3036
closes	B2	n.	yopmoq	The closes plays an important role in daily life.	Kundalik hayotda yopmoq muhim oʻrin tutadi.		/closes/	3037
paintball	B2	n.	bo'yamoq	The paintball plays an important role in daily life.	Kundalik hayotda bo'yamoq muhim oʻrin tutadi.		/paintball/	3038
dividend	B2	n.	bo'lmoq	The dividend plays an important role in daily life.	Kundalik hayotda bo'lmoq muhim oʻrin tutadi.		/dividend/	3039
playback	B2	n.	o'ynamoq	The playback plays an important role in daily life.	Kundalik hayotda o'ynamoq muhim oʻrin tutadi.		/playback/	3040
warned	B2	n.	ogohlantirmoq	The warned plays an important role in daily life.	Kundalik hayotda ogohlantirmoq muhim oʻrin tutadi.		/warned/	3041
collectible	B2	n.	to'plamoq	The collectible plays an important role in daily life.	Kundalik hayotda to'plamoq muhim oʻrin tutadi.		/collectible/	3042
earning	B2	n.	pul ishlab topmoq	The earning plays an important role in daily life.	Kundalik hayotda pul ishlab topmoq muhim oʻrin tutadi.		/earning/	3043
movers	B2	n.	harakatlanmoq	The movers plays an important role in daily life.	Kundalik hayotda harakatlanmoq muhim oʻrin tutadi.		/movers/	3044
presently	B2	adv.	taqdim etmoq tarzda	You should practice how to presently properly in real conversation.	Siz haqiqiy suhbatda toʻgʻri taqdim etmoq tarzdani mashq qilishingiz kerak.		/presently/	3045
workflow	B2	n.	ishlamoq	The workflow plays an important role in daily life.	Kundalik hayotda ishlamoq muhim oʻrin tutadi.		/workflow/	3046
switched	B2	n.	almashtirmoq; tugma	The switched plays an important role in daily life.	Kundalik hayotda almashtirmoq muhim oʻrin tutadi.		/switched/	3047
goat	B2	n.	bormoq	The goat plays an important role in daily life.	Kundalik hayotda bormoq muhim oʻrin tutadi.		/goat/	3048
sail	B2	v./n.	suzmoq (kemada)	You should practice how to sail properly in real conversation.	Siz haqiqiy suhbatda toʻgʻri suzmoq (kemada)ni mashq qilishingiz kerak.		/sail/	3049
viewers	B2	n.	qaramoq; ko'rinish	The viewers plays an important role in daily life.	Kundalik hayotda qaramoq muhim oʻrin tutadi.		/viewers/	3050
enters	B2	n.	kirmoq	The enters plays an important role in daily life.	Kundalik hayotda kirmoq muhim oʻrin tutadi.		/enters/	3051
advancement	B2	n.	ilgari siljimoq holati / jarayoni	The advancement plays an important role in daily life.	Kundalik hayotda ilgari siljimoq holati / jarayoni muhim oʻrin tutadi.		/advancement/	3052
throwing	B2	n.	otmoq, irg'itmoq	The throwing plays an important role in daily life.	Kundalik hayotda otmoq muhim oʻrin tutadi.		/throwing/	3053
existed	B2	n.	mavjud bo'lmoq	The existed plays an important role in daily life.	Kundalik hayotda mavjud bo'lmoq muhim oʻrin tutadi.		/existed/	3054
knock	B2	v./n.	taqillatmoq	You should practice how to knock properly in real conversation.	Siz haqiqiy suhbatda toʻgʻri taqillatmoqni mashq qilishingiz kerak.		/knock/	3055
generates	B2	n.	ishlab chiqarmoq, yaratmoq	The generates plays an important role in daily life.	Kundalik hayotda ishlab chiqarmoq muhim oʻrin tutadi.		/generates/	3056
mounts	B2	n.	o'rnatmoq, minmoq	The mounts plays an important role in daily life.	Kundalik hayotda o'rnatmoq muhim oʻrin tutadi.		/mounts/	3057
avoiding	B2	n.	chetlab o'tmoq	The avoiding plays an important role in daily life.	Kundalik hayotda chetlab o'tmoq muhim oʻrin tutadi.		/avoiding/	3058
expects	B2	n.	kutmoq, umid qilmoq	The expects plays an important role in daily life.	Kundalik hayotda kutmoq muhim oʻrin tutadi.		/expects/	3059
burst	B2	v./n.	yorilmoq	You should practice how to burst properly in real conversation.	Siz haqiqiy suhbatda toʻgʻri yorilmoqni mashq qilishingiz kerak.		/burst/	3060
promotes	B2	n.	ilgari surmoq, ko'tarmoq	The promotes plays an important role in daily life.	Kundalik hayotda ilgari surmoq muhim oʻrin tutadi.		/promotes/	3061
threatening	B2	n.	tahdid solmoq	The threatening plays an important role in daily life.	Kundalik hayotda tahdid solmoq muhim oʻrin tutadi.		/threatening/	3062
encourages	B2	n.	ruhlandirmoq	The encourages plays an important role in daily life.	Kundalik hayotda ruhlandirmoq muhim oʻrin tutadi.		/encourages/	3063
examines	B2	n.	tekshirmoq	The examines plays an important role in daily life.	Kundalik hayotda tekshirmoq muhim oʻrin tutadi.		/examines/	3064
cleanup	B2	n.	tozalamoq	The cleanup plays an important role in daily life.	Kundalik hayotda tozalamoq muhim oʻrin tutadi.		/cleanup/	3065
crossword	B2	n.	kesib o'tmoq	The crossword plays an important role in daily life.	Kundalik hayotda kesib o'tmoq muhim oʻrin tutadi.		/crossword/	3066
bother	B2	v./n.	bezovta qilmoq	You should practice how to bother properly in real conversation.	Siz haqiqiy suhbatda toʻgʻri bezovta qilmoqni mashq qilishingiz kerak.		/bother/	3067
attacked	B2	n.	hujum qilmoq	The attacked plays an important role in daily life.	Kundalik hayotda hujum qilmoq muhim oʻrin tutadi.		/attacked/	3068
arrives	B2	n.	yetib kelmoq	The arrives plays an important role in daily life.	Kundalik hayotda yetib kelmoq muhim oʻrin tutadi.		/arrives/	3069
hoped	B2	n.	umid qilmoq	The hoped plays an important role in daily life.	Kundalik hayotda umid qilmoq muhim oʻrin tutadi.		/hoped/	3070
touched	B2	n.	tegmoq	The touched plays an important role in daily life.	Kundalik hayotda tegmoq muhim oʻrin tutadi.		/touched/	3071
strengthening	B2	n.	kuchaytirmoq	The strengthening plays an important role in daily life.	Kundalik hayotda kuchaytirmoq muhim oʻrin tutadi.		/strengthening/	3072
wishing	B2	n.	tilamoq; tilak	The wishing plays an important role in daily life.	Kundalik hayotda tilamoq muhim oʻrin tutadi.		/wishing/	3073
scared	B2	n.	qo'rqitmoq	The scared plays an important role in daily life.	Kundalik hayotda qo'rqitmoq muhim oʻrin tutadi.		/scared/	3074
lightbox	B2	n.	yoqmoq; yorug'	The lightbox plays an important role in daily life.	Kundalik hayotda yoqmoq muhim oʻrin tutadi.		/lightbox/	3075
abolish	B2	v.	bekor qilmoq, tugatmoq	The parliament voted to abolish the outdated taxation law.	Parlament eskirgan soliq qonunini bekor qilish uchun ovoz berdi.	cancel	/əˈbɒlɪʃ/	3076
abortion	B2	n.	abort, homilani oldirish	The controversial debate on abortion continued in society.	Jamiyatda abort mavzusidagi qizgʻin bahs-munozaralar davom etdi.	termination	/əˈbɔːʃn/	3077
absence	B2	n.	yoʻqlik, qatnashmaslik	His frequent absence from classes affected his final grade.	Uning darslarda tez-tez boʻlmasligi yakuniy bahosiga taʼsir qildi.	lack	/ˈæbsəns/	3078
absent	B2	adj.	yoʻq, darsda qatnashmagan	Several students were absent due to seasonal flu.	Mavsumiy shamollash tufayli bir nechta talaba darsda yoʻq edi.	missing	/ˈæbsənt/	3079
absorb	B2	v.	singdirmoq, oʻzlashtirmoq	Dry soil absorbs rain water very quickly.	Quruq tuproq yomgʻir suvini juda tez singdiradi.	assimilate	/əbˈzɔːb/	3080
absurd	B2	adj.	bemaʼni, kulgili, mantiqsiz	It is completely absurd to believe such unfounded rumors.	Bunday asossiz mish-mishlarga ishonish mutlaqo bemaʼnilikdir.	ridiculous	/əbˈsɜːd/	3081
abundance	B2	n.	moʻl-koʻllik, toʻkinlik	The fertile valley provides an abundance of fresh fruits.	Hosildor vodiy yangi mevalarning moʻl-koʻlligini taʼminlaydi.	plenty	/əˈbʌndəns/	3082
abuse	B2	n., v.	suiisteʼmol qilmoq; haqorat	He was removed from office for abuse of political power.	U siyosiy hokimiyatni suiisteʼmol qilgani uchun lavozimidan chetlatildi.	misuse	/əˈbjuːs/	3083
accent	B2	n.	urgʻu; talaffuz oʻziga xosligi	She speaks English fluently with a pleasant British accent.	U ingliz tilida yoqimli britancha talaffuz bilan ravon gapiradi.	intonation	/ˈæksent/	3084
accomplish	B2	v.	bajarmoq, uddalamoq, yakunlamoq	Hard work helped her accomplish all her annual study goals.	Tirishqoqlik unga barcha yillik oʻqish maqsadlariga erishishga yordam berdi.	achieve	/əˈkʌmplɪʃ/	3085
accomplishment	B2	n.	yutuq, muvaffaqiyat, erishilgan marra	Graduating with top honors was a remarkable accomplishment.	Eng yuqori baholar bilan bitirish ajoyib yutuq edi.	achievement	/əˈkʌmplɪʃmənt/	3086
accordance	B2	n.	muvofiqlik, moslik, kelishuv	The research was conducted in accordance with international ethics.	Tadqiqot xalqaro axloq qoidalariga muvofiq oʻtkazildi.	compliance	/əˈkɔːdns/	3087
accordingly	B2	adv.	shunga muvofiq, mos ravishda	Regulations have changed, and we must adapt our plans accordingly.	Qoidalar oʻzgardi va biz rejalarimizni shunga mos ravishda oʻzgartirishimiz kerak.	consequently	/əˈkɔːdɪŋli/	3088
accountability	B2	n.	hisobdorlik, javobgarlik	Public officials must ensure transparency and accountability.	Davlat xizmatchilari shaffoflik va hisobdorlikni taʼminlashlari shart.	responsibility	/əˌkaʊntəˈbɪləti/	3089
accountable	B2	adj.	masʼul, javobgar	Leaders are held accountable for their team decisions.	Rahbarlar jamoa qarorlari uchun toʻliq javobgar hisoblanadilar.	answerable	/əˈkaʊntəbl/	3090
accountant	B2	n.	buxgalter, hisobchi	The certified accountant audited the annual financial balance.	Diplomli buxgalter yillik moliyaviy balansni tekshiruvdan oʻtkazdi.	bookkeeper	/əˈkaʊntənt/	3091
accumulation	B2	n.	toʻplanish, jamgʻarish, yigʻindi	The slow accumulation of savings allowed them to buy a home.	Jamgʻarmaning asta-sekin toʻplanishi ularga uy sotib olish imkonini berdi.	buildup	/əˌkjuːmjəˈleɪʃn/	3092
accuracy	B2	n.	aniqlik, toʻgʻrilik, xatosizlik	Scientific experiments require high accuracy and precision.	Ilmiy tajribalar yuqori aniqlik va xatosizlikni talab qiladi.	precision	/ˈækjərəsi/	3093
accusation	B2	n.	ayblov, ayb qoʻyish	He denied every baseless accusation made by his political rival.	U siyosiy raqibi tomonidan qoʻyilgan har bir asossiz ayblovni rad etdi.	allegation	/ˌækjuˈzeɪʃn/	3094
accused	B2	n., adj.	ayblanuvchi, sudlanuvchi	The accused individual was defended by an experienced lawyer.	Ayblanuvchi shaxs tajribali advokat tomonidan himoya qilindi.	defendant	/əˈkjuːzd/	3095
acid	B2	n.	kislota	The new policy pays special attention to acid.	Yangi siyosat kislotaga alohida eʼtibor qaratadi.		/æs.ɪd/	3096
acquisition	B2	n.	sotib olish	Modern development creates valuable opportunities in acquisition.	Zamonaviy taraqqiyot sotib olish sohasida qimmatli imkoniyatlar yaratadi.		/æk.wɪzɪʃ.ən/	3097
acre	B2	n.	akr	Understanding the role of acre is vital for long-term growth.	Uzoq muddatli oʻsish uchun akrning rolini tushunish juda muhimdir.		/eɪ.kər/	3098
activate	B2	v.	harakatga keltirish	Experts recommend how to activate effectively in this situation.	Mutaxassislar bunday vaziyatda qanday qilib samarali harakatga keltirishni tavsiya qiladilar.		/æk.tɪ.veɪt/	3099
activation	B2	n.	faollashtirish, ishga tushirish	You will receive an SMS code for account activation.	Hisobingizni faollashtirish uchun SMS kod olasiz.	triggering	/ˌæktɪˈveɪʃn/	3100
activist	B2	n.	faol, kurashchi, jamoat faoli	The environmental activist spoke passionately about saving forests.	Atrof-muhit faoli oʻrmonlarni asrash haqida joʻshqin nutq soʻzladi.	campaigner	/ˈæktɪvɪst/	3101
adaptation	B2	n.	moslashuv, moslashish	Living abroad requires psychological and cultural adaptation.	Chet elda yashash ruhiy va madaniy moslashuvni talab qiladi.	adjustment	/ˌædæpˈteɪʃn/	3102
addiction	C1	n.	giyohvand jarayoni; giyohvandish	Understanding the concept of addiction is valuable in academic studies.	Ilmiy izlanishlarda giyohvand jarayoni tushunchasini chuqur anglash qadrlidir.		/æd.ɪkt/	3103
additionally	C1	adv.	qo'shimcha tarzda, qo'shimchaan	Understanding the concept of additionally is valuable in academic studies.	Ilmiy izlanishlarda qo'shimcha tarzda tushunchasini chuqur anglash qadrlidir.		/ədɪʃ.ən.əl/	3104
adhere	B2	v.	rioya qilmoq, qatʼiy amal qilmoq	All researchers must strictly adhere to scientific standards.	Barcha tadqiqotchilar ilmiy standartlarga qatʼiy rioya qilishlari shart.	comply	/ədˈhɪər/	3105
adjustment	C1	n.	tartibga solmoqlik, xususiyat	Understanding the concept of adjustment is valuable in academic studies.	Ilmiy izlanishlarda tartibga solmoqlik tushunchasini chuqur anglash qadrlidir.		/ədʒʌst/	3106
administer	B2	v.	boshqarmoq, taqsimlamoq; dori bermoq	The doctor will administer the medication twice daily.	Shifokor dorini kuniga ikki marta qoʻllaydi.	manage	/ədˈmɪnɪstər/	3107
administrative	B2	adj.	maʼmuriy, boshqaruvga oid	She handles key administrative responsibilities at the university.	U universitetdagi asosiy maʼmuriy vazifalarni bajaradi.	executive	/ədˈmɪnɪstrətɪv/	3108
administrator	B2	n.	boshqaruvchi, administrator, mudir	The system administrator updated security protocols overnight.	Tizim administratori xavfsizlik protokollarini tunda yangiladi.	manager	/ədˈmɪnɪstreɪtər/	3109
admission	B2	n.	qabul, kirish huquqi; tan olish	Gaining admission to a prestigious medical school is tough.	Nufuzli tibbiyot institutiga qabul qilinish ancha qiyin.	entry	/ədˈmɪʃn/	3110
adolescent	B2	n., adj.	oʻsmir, balogʻat yoshidagi	Good guidance during adolescent years prevents many mistakes.	Oʻsmirlik yillaridagi toʻgʻri yoʻl-yoʻriq koʻplab xatolarning oldini oladi.	teenager	/ˌædəˈlesnt/	3111
adverse	B2	adj.	salbiy, noxush, noqulay	Poor weather conditions had an adverse effect on crop harvest.	Noqulay ob-havo sharoiti hosilga salbiy taʼsir koʻrsatdi.	unfavorable	/ˈædvɜːs/	3112
affection	B2	n.	mehr, muhabbat, samimiy bogʻliqlik	Grandparents show deep affection and love to their grandchildren.	Bobo va buvilar nabiralariga cheksiz mehr va muhabbat koʻrsatadilar.	fondness	/əˈfekʃn/	3113
aftermath	B2	n.	oqibat, asorat (fojiadan keyingi)	Relief teams worked tirelessly in the aftermath of the earthquake.	Qutqaruv guruhlari zilzila oqibatlarini bartaraf etishda tinimsiz ishladilar.	consequence	/ˈɑːftəmæθ/	3114
aggression	B2	n.	tajovuzkorlik, agressiya, hujum	Diplomacy is essential to resolve disputes without aggression.	Nizolarni tajovuzsiz hal qilishda diplomatiya hal qiluvchi ahamiyatga ega.	hostility	/əˈɡreʃn/	3115
agricultural	C1	n.	agricultural atamasi	Understanding the concept of agricultural is valuable in academic studies.	Ilmiy izlanishlarda agricultural atamasi tushunchasini chuqur anglash qadrlidir.		/agricultural/	3116
agriculture	B2	n.	qishloq xo'jaligi	Modern development creates valuable opportunities in agriculture.	Zamonaviy taraqqiyot qishloq xo'jaligi sohasida qimmatli imkoniyatlar yaratadi.		/æg.rɪ.kʌl.tʃər/	3117
aide	B2	n.	yordamchi, maslahatchi	The presidential aide prepared the briefing notes before the meeting.	Prezident maslahatchisi uchrashuv oldidan hisobot maʼlumotlarini tayyorladi.	assistant	/eɪd/	3118
aids	B2	n.	OITS	The committee analyzed the impact of aids on society.	Qoʻmita OITSning jamiyatga taʼsirini tahlil qildi.		/eɪdz/	3119
alert	B2	adj.	tetik	It is essential to maintain a alert standard in research.	Tadqiqotda tetik meʼyorni saqlab qolish juda muhimdir.		/əlɜt/	3120
alien	B2	adj.	chet ellik	The professor provided a alien explanation of the concept.	Professor tushuncha boʻyicha chet ellik izoh berdi.		/eɪ.li.ən/	3121
alignment	B2	n.	hamohanglik, moslik, toʻgʻrilanish	There is strong alignment between our company values and strategy.	Kompaniyamiz qadriyatlari va strategiyasi oʻrtasida mustahkam hamohanglik bor.	harmony	/əˈlaɪnmənt/	3122
alike	B2	adj.	o'xshash	We observed a alike improvement in student performance.	Biz talabalar koʻrsatkichlarida o'xshash oʻsishni kuzatdik.		/əlaɪk/	3123
allegation	B2	n.	daʼvo, asossiz ayblov	The investigation found no evidence to support the allegation.	Tergov daʼvoni tasdiqlovchi hech qanday dalil topmadi.	accusation	/ˌæləˈɡeɪʃn/	3124
allege	B2	v.	daʼvo qilmoq, asossiz taʼkidlamoq	Prosecutors allege that funds were transferred to overseas accounts.	Prokurorlar mablagʻlar chet el hisoblariga oʻtkazilganini daʼvo qilmoqdalar.	claim	/əˈledʒ/	3125
allegedly	C1	adv.	dalil qilmoq tarzda, dalil qilmoqan	Understanding the concept of allegedly is valuable in academic studies.	Ilmiy izlanishlarda dalil qilmoq tarzda tushunchasini chuqur anglash qadrlidir.		/əledʒ/	3126
alliance	B2	n.	ittifoq	The committee analyzed the impact of alliance on society.	Qoʻmita ittifoqning jamiyatga taʼsirini tahlil qildi.		/əlaɪ.ənts/	3127
allocation	B2	n.	ajratish, taqsimot	An efficient allocation of resources improves project success.	Resurslarning samarali taqsimlanishi loyiha muvaffaqiyatini oshiradi.	distribution	/ˌæləˈkeɪʃn/	3128
ally	B2	n., v.	ittifoqchi; birlashmoq	Both neighboring countries agreed to be strong strategic allies.	Har ikki qoʻshni davlat mustahkam strategik ittifoqchi boʻlishga kelishib oldilar.	partner	/ˈælaɪ/	3129
alongside	B2	adv.	yonma-yon	You can alongside new opportunities through daily practice.	Siz har kungi mashq orqali yangi imkoniyatlarni yonma-yoningiz mumkin.		/əlɒŋsaɪd/	3130
aluminium	B2	n.	alyuminiy	The committee analyzed the impact of aluminium on society.	Qoʻmita alyuminiyning jamiyatga taʼsirini tahlil qildi.		/æl. j  ʊmɪn.i.əm/	3131
amateur	B2	n., adj.	havaskor, professional boʻlmagan	The photography contest is open to both amateurs and professionals.	Fotosuratlar tanlovi ham havaskorlar, ham professionallar uchun ochiqdir.	non-professional	/ˈæmətər/	3132
ambassador	B2	n.	elchi, rasmiy vakil	The foreign ambassador met with university leaders today.	Xorijiy elchi bugun universitet rahbarlari bilan uchrashdi.	envoy	/æmˈbæsədər/	3133
ambulance	B2	n.	tez yordam	Understanding the role of ambulance is vital for long-term growth.	Uzoq muddatli oʻsish uchun tez yordamning rolini tushunish juda muhimdir.		/æm.bjʊ.lən t  s/	3134
amendment	B2	n.	tuzatish, qoʻshimcha (qonunga)	The parliament passed an amendment protecting human rights.	Parlament inson huquqlarini himoya qiluvchi tuzatishni qabul qildi.	modification	/əˈmendmənt/	3135
amid	B2	prep.	orasida, oʻrtasida, girdobida	The peace treaty was signed amid international applause.	Tinchlik shartnomasi xalqaro olqishlar ostida imzolandi.	among	/əˈmɪd/	3136
amusing	B2	adj.	qiziq	The professor provided a amusing explanation of the concept.	Professor tushuncha boʻyicha qiziq izoh berdi.		/əmju.zɪŋ/	3137
anchor	B2	n.	langar	Understanding the role of anchor is vital for long-term growth.	Uzoq muddatli oʻsish uchun langarning rolini tushunish juda muhimdir.		/æŋ.kər/	3138
angel	B2	n.	farishta	The committee analyzed the impact of angel on society.	Qoʻmita farishtaning jamiyatga taʼsirini tahlil qildi.		/eɪn.dʒəl/	3139
animation	B2	n.	energiya	The new policy pays special attention to animation.	Yangi siyosat energiyaga alohida eʼtibor qaratadi.		/æn.ɪmeɪ.ʃən/	3140
anonymous	B2	adj.	nomsiz	The professor provided a anonymous explanation of the concept.	Professor tushuncha boʻyicha nomsiz izoh berdi.		/ənɒn.ɪ.məs/	3141
apology	C1	n.	apology atamasi	Understanding the concept of apology is valuable in academic studies.	Ilmiy izlanishlarda apology atamasi tushunchasini chuqur anglash qadrlidir.		/apology/	3142
appealing	B2	adj.	jozibali, maftunkor, yoqimli	The job offer included a very appealing relocation package.	Ish taklifi juda jozibador koʻchib oʻtish imtiyozlarini oʻz ichiga olgan edi.	attractive	/əˈpiːlɪŋ/	3143
appetite	B2	n.	ishtaha	The new policy pays special attention to appetite.	Yangi siyosat ishtahaga alohida eʼtibor qaratadi.		/æp.ɪ.taɪt/	3144
applaud	B2	v.	olqishlamoq	The team worked together to applaud the project requirements.	Jamoa loyiha talablarini olqishlamoq uchun birgalikda ishladi.		/əplɔd/	3145
applicable	B2	adj.	mos	They achieved a applicable result after months of dedicated work.	Ular oylik mashaqqatli mehnatdan soʻng mos natijaga erishdilar.		/əplɪk.ə.bl ̩/	3146
applicant	B2	n.	ariza beruvchi	The committee analyzed the impact of applicant on society.	Qoʻmita ariza beruvchining jamiyatga taʼsirini tahlil qildi.		/æp.lɪ.kənt/	3147
appreciation	B2	n.	qadrlash	The new policy pays special attention to appreciation.	Yangi siyosat qadrlashga alohida eʼtibor qaratadi.		/əpri.ʃieɪ.ʃən/	3148
architectural	B2	adj.	meʼmoriy, arxitekturaga oid	The historic city boasts remarkable architectural beauty.	Tarixiy shahar ajoyib meʼmoriy goʻzallikka ega.	structural	/ˌɑːkɪˈtektʃərəl/	3149
arena	B2	n.	maydon, arena (sport yoki siyosatda)	The new basketball arena seats over twenty thousand spectators.	Yangi basketbol arenasi yigirma mingdan ortiq tomoshabinni sigʻdira oladi.	stadium	/əˈriːnə/	3150
arguably	B2	adv.	shubhasiz, ehtimol, aytish mumkinki	He is arguably the most talented software architect in our team.	U, shubhasiz, jamoamizdagi eng iqtidorli dasturiy taʼminot meʼmoridir.	possibly	/ˈɑːɡjuəbli/	3151
array	B2	n.	tartib	The new policy pays special attention to array.	Yangi siyosat tartibga alohida eʼtibor qaratadi.		/əreɪ/	3152
arrow	B2	n.	nayza	Modern development creates valuable opportunities in arrow.	Zamonaviy taraqqiyot nayza sohasida qimmatli imkoniyatlar yaratadi.		/er.oʊ/	3153
artwork	C1	n.	artwork atamasi	Understanding the concept of artwork is valuable in academic studies.	Ilmiy izlanishlarda artwork atamasi tushunchasini chuqur anglash qadrlidir.		/artwork/	3154
ash	B2	n.	kul	The committee analyzed the impact of ash on society.	Qoʻmita kulning jamiyatga taʼsirini tahlil qildi.		/æʃ/	3155
aspiration	B2	n.	intilish, oliy orzu, intellektual maqsad	Education gives youth the opportunity to fulfill their aspirations.	Taʼlim yoshlarga oʻz orzu-intilishlarini roʻyobga chiqarish imkonini beradi.	ambition	/ˌæspəˈreɪʃn/	3156
assassination	C1	n.	qotil jarayoni; qotilish	Understanding the concept of assassination is valuable in academic studies.	Ilmiy izlanishlarda qotil jarayoni tushunchasini chuqur anglash qadrlidir.		/əsæs.ɪn/	3157
assault	B2	n.	bostirib kirish	Understanding the role of assault is vital for long-term growth.	Uzoq muddatli oʻsish uchun bostirib kirishning rolini tushunish juda muhimdir.		/əsɒlt/	3158
assembly	B2	n.	majlis, yigʻilish; montaj	The United Nations General Assembly convened in New York.	Birlashgan Millatlar Tashkiloti Bosh Assambleyasi Nyu-Yorkda yigʻildi.	gathering	/əˈsembli/	3159
assertion	B2	n.	qatʼiy taʼkid, daʼvo	You must back up your scientific assertion with solid evidence.	Siz oʻz ilmiy taʼkidingizni ishonchli dalillar bilan tasdiqlashingiz shart.	statement	/əˈsɜːʃn/	3160
assurance	B2	n.	ishonch	Modern development creates valuable opportunities in assurance.	Zamonaviy taraqqiyot ishonch sohasida qimmatli imkoniyatlar yaratadi.		/əʃɔ.rənts/	3161
astonishing	B2	adj.	hayratlanarli, aql bovar qilmas	The young athlete made astonishing progress in just six months.	Yosh sportchi bor-yoʻgʻi olti oy ichida hayratlanarli yutuqlarga erishdi.	amazing	/əˈstɒnɪʃɪŋ/	3162
asylum	B2	n.	boshpana, siyosiy himoya	Refugees sought humanitarian asylum across the neighboring border.	Qochqinlar qoʻshni chegara orqali gumanitar boshpana soʻradilar.	refuge	/əˈsaɪləm/	3163
atrocity	B2	n.	vahshiylik, shafqatsizlik	War crimes and atrocities must never be forgotten by history.	Urush jinoyatlari va vahshiyliklar hech qachon tarix tomonidan unutilmasligi kerak.	cruelty	/əˈtrɒsəti/	3164
attachment	B2	n.	mahkamlash	Modern development creates valuable opportunities in attachment.	Zamonaviy taraqqiyot mahkamlash sohasida qimmatli imkoniyatlar yaratadi.		/ətætʃ.mənt/	3165
attribute	B2	v., n.	bogʻlamoq; xususiyat, sifat	He attributes his success to constant self-discipline.	U oʻz muvaffaqiyatini doimiy oʻz-oʻzini tarbiyalash va intizomga bogʻlaydi.	trait	/əˈtrɪbjuːt/	3166
auction	B2	n.	auksion	The committee analyzed the impact of auction on society.	Qoʻmita auksionning jamiyatga taʼsirini tahlil qildi.		/ɔ:k.ʃ ə n/	3167
audio	B2	adj.	audio	It is essential to maintain a audio standard in research.	Tadqiqotda audio meʼyorni saqlab qolish juda muhimdir.		/ɔ:.di.əʊ/	3168
audit	B2	v.	tekshirmoq	The team worked together to audit the project requirements.	Jamoa loyiha talablarini tekshirmoq uchun birgalikda ishladi.		/ɔ:.dɪt/	3169
auto	B2	n.	mashina	Understanding the role of auto is vital for long-term growth.	Uzoq muddatli oʻsish uchun mashinaning rolini tushunish juda muhimdir.		/ɔ:.təʊ /	3170
autonomy	B2	n.	mustaqillik, muxtoriyat, erkinlik	Universities require academic autonomy to foster groundbreaking research.	Universitetlar ilgʻor tadqiqotlarni rivojlantirish uchun akademik erkinlikka muhtoj.	independence	/ɔːˈtɒnəmi/	3171
availability	B2	n.	mavjudlik, ochiqlik, borlik	The widespread availability of high-speed internet transformed education.	Tezyurar internetning keng mavjudligi zamonaviy taʼlimni tubdan oʻzgartirdi.	accessibility	/əˌveɪləˈbɪləti/	3172
backdrop	B2	n.	fon, orqa manzara, sharoit	The historic mountains provided a stunning backdrop for our photos.	Tarixiy togʻlar fotosuratlarimiz uchun ajoyib fon boʻlib xizmat qildi.	background	/ˈbækdrɒp/	3173
backing	B2	n.	yordam	Understanding the role of backing is vital for long-term growth.	Uzoq muddatli oʻsish uchun yordamning rolini tushunish juda muhimdir.		/bæk.ɪŋ/	3174
backup	C1	n.	orqa	Understanding the concept of backup is valuable in academic studies.	Ilmiy izlanishlarda orqa tushunchasini chuqur anglash qadrlidir.		/bæk/	3175
badge	B2	n.	nishon	The new policy pays special attention to badge.	Yangi siyosat nishonga alohida eʼtibor qaratadi.		/bædʒ/	3176
bail	B2	n.	kafolat	Modern development creates valuable opportunities in bail.	Zamonaviy taraqqiyot kafolat sohasida qimmatli imkoniyatlar yaratadi.		/beɪl/	3177
balanced	C1	n.	balans	Understanding the concept of balanced is valuable in academic studies.	Ilmiy izlanishlarda balans tushunchasini chuqur anglash qadrlidir.		/bæl.ənts/	3178
ballet	B2	n.	balet	The committee analyzed the impact of ballet on society.	Qoʻmita baletning jamiyatga taʼsirini tahlil qildi.		/bæl.eɪ/	3179
balloon	B2	n.	shar	The new policy pays special attention to balloon.	Yangi siyosat sharga alohida eʼtibor qaratadi.		/bəlu:n/	3180
ballot	B2	n.	saylov byulleteni, ovoz berish	Citizens cast their confidential ballot in the democratic election.	Fuqarolar demokratik saylovda oʻzlarining yashirin byulletenlarini tashladilar.	vote	/ˈbælət/	3181
banner	B2	n.	plakat	Understanding the role of banner is vital for long-term growth.	Uzoq muddatli oʻsish uchun plakatning rolini tushunish juda muhimdir.		/bæn.er/	3182
bare	B2	adj.	yalang'och	We observed a bare improvement in student performance.	Biz talabalar koʻrsatkichlarida yalang'och oʻsishni kuzatdik.		/beər/	3183
bargain	B2	n.	savdo	The new policy pays special attention to bargain.	Yangi siyosat savdoga alohida eʼtibor qaratadi.		/bɑ.gɪn/	3184
barrel	B2	n.	bochka	Modern development creates valuable opportunities in barrel.	Zamonaviy taraqqiyot bochka sohasida qimmatli imkoniyatlar yaratadi.		/bær.əl/	3185
bass	B2	n.	bass	Understanding the role of bass is vital for long-term growth.	Uzoq muddatli oʻsish uchun bassning rolini tushunish juda muhimdir.		/beɪs/	3186
bat	B2	n.	ko'rshapalak	The committee analyzed the impact of bat on society.	Qoʻmita ko'rshapalakning jamiyatga taʼsirini tahlil qildi.		/bæt/	3187
battlefield	C1	n.	urush	Understanding the concept of battlefield is valuable in academic studies.	Ilmiy izlanishlarda urush tushunchasini chuqur anglash qadrlidir.		/bæt.l ̩/	3188
bay	B2	n.	ko'rfaz	Modern development creates valuable opportunities in bay.	Zamonaviy taraqqiyot ko'rfaz sohasida qimmatli imkoniyatlar yaratadi.		/beɪ/	3189
beam	B2	n.	to'sin	Understanding the role of beam is vital for long-term growth.	Uzoq muddatli oʻsish uchun to'sinning rolini tushunish juda muhimdir.		/bi:m/	3190
beast	B2	n.	yirtqich hayvon	The committee analyzed the impact of beast on society.	Qoʻmita yirtqich hayvonning jamiyatga taʼsirini tahlil qildi.		/bi:st/	3191
behalf	B2	n.	nomidan	The new policy pays special attention to behalf.	Yangi siyosat nomidanga alohida eʼtibor qaratadi.		/bɪ:hɑf/	3192
beloved	B2	adj.	sevimli	The professor provided a beloved explanation of the concept.	Professor tushuncha boʻyicha sevimli izoh berdi.		/bɪlʌv.ɪd/	3193
bench	B2	n.	o'rindiq	Understanding the role of bench is vital for long-term growth.	Uzoq muddatli oʻsish uchun o'rindiqning rolini tushunish juda muhimdir.		/bentʃ/	3194
beneficiary	B2	n.	foyda oluvchi, merosxoʻr, benefitsiar	Children in rural schools are the direct beneficiaries of this program.	Qishloq maktablaridagi bolalar ushbu dasturning bevosita benefitsiarlaridir.	recipient	/ˌbenɪˈfɪʃəri/	3195
bias	B2	n.	tarafkashlik, noxolislik, tarafkash munosabat	Objective journalism demands reporting news without personal bias.	Xolis jurnalistika yangiliklarni shaxsiy tarafkashliksiz yoritishni talab qiladi.	prejudice	/ˈbaɪəs/	3196
bid	B2	v.	buyurmoq	The team worked together to bid the project requirements.	Jamoa loyiha talablarini buyurmoq uchun birgalikda ishladi.		/bɪd/	3197
biography	B2	n.	tarjimayi hol	Understanding the role of biography is vital for long-term growth.	Uzoq muddatli oʻsish uchun tarjimayi holning rolini tushunish juda muhimdir.		/baɪɒg.rə.fi/	3198
biological	C1	n.	biological atamasi	Understanding the concept of biological is valuable in academic studies.	Ilmiy izlanishlarda biological atamasi tushunchasini chuqur anglash qadrlidir.		/biological/	3199
bishop	B2	n.	yepiskop	The new policy pays special attention to bishop.	Yangi siyosat yepiskopga alohida eʼtibor qaratadi.		/bɪʃ.əp/	3200
bizarre	B2	adj.	gʻalati, noodatiy, ajablanarli	He experienced a bizarre coincidence during his journey abroad.	U chet el safarida aql bovar qilmas va gʻalati tasodifga duch keldi.	strange	/bɪˈzɑːr/	3201
blast	B2	n.	yorilish	Understanding the role of blast is vital for long-term growth.	Uzoq muddatli oʻsish uchun yorilishning rolini tushunish juda muhimdir.		/blɑst/	3202
bleed	B2	v.	qonamoq	Experts recommend how to bleed effectively in this situation.	Mutaxassislar bunday vaziyatda qanday qilib samarali qonamoqni tavsiya qiladilar.		/blid/	3203
blend	B2	n.	aralashmoq	The new policy pays special attention to blend.	Yangi siyosat aralashmoqga alohida eʼtibor qaratadi.		/blend/	3204
bless	B2	v.	duo qilmoq	The team worked together to bless the project requirements.	Jamoa loyiha talablarini duo qilmoq uchun birgalikda ishladi.		/bles/	3205
blessing	B2	n.	marhamat	Understanding the role of blessing is vital for long-term growth.	Uzoq muddatli oʻsish uchun marhamatning rolini tushunish juda muhimdir.		/bles.ɪŋ/	3206
boast	B2	v.	maqtanish; faxrlanadigan narsaga ega boʻlmoq	The historic university boasts a library of over five million books.	Tarixiy universitet besh milliondan ortiq kitobga ega kutubxonasi bilan faxrlanadi.	brag	/bəʊst/	3207
bombing	C1	n./adj.	bombaayotgan; bombaish	Understanding the concept of bombing is valuable in academic studies.	Ilmiy izlanishlarda bombaayotgan tushunchasini chuqur anglash qadrlidir.		/bɒm/	3208
bonus	B2	n.	mukofot puli	Modern development creates valuable opportunities in bonus.	Zamonaviy taraqqiyot mukofot puli sohasida qimmatli imkoniyatlar yaratadi.		/bəʊ.nəs/	3209
booking	C1	n./adj.	kitobayotgan; kitobish	Understanding the concept of booking is valuable in academic studies.	Ilmiy izlanishlarda kitobayotgan tushunchasini chuqur anglash qadrlidir.		/bʊk/	3210
boom	B2	n.	gumburlash	The committee analyzed the impact of boom on society.	Qoʻmita gumburlashning jamiyatga taʼsirini tahlil qildi.		/bu:m/	3211
bounce	B2	v.	sakramoq	We must bounce carefully to achieve the desired outcome.	Kutilgan natijaga erishish uchun biz ehtiyotkorlik bilan sakramoqimiz kerak.		/baʊnts/	3212
bound	B2	adj.	bog'lamoq	The professor provided a bound explanation of the concept.	Professor tushuncha boʻyicha bog'lamoq izoh berdi.		/baʊnd/	3213
boundary	B2	n.	chegara	Understanding the role of boundary is vital for long-term growth.	Uzoq muddatli oʻsish uchun chegaraning rolini tushunish juda muhimdir.		/baʊn.dər.i/	3214
bow	B2	v.	egilmoq	Experts recommend how to bow effectively in this situation.	Mutaxassislar bunday vaziyatda qanday qilib samarali egilmoqni tavsiya qiladilar.		/baʊ/	3215
breach	B2	n., v.	buzish, rioya qilmaslik (qonunni)	The company faced severe penalties for a serious data security breach.	Kompaniya maʼlumotlar xavfsizligini jiddiy buzgani uchun ogʻir jarimaga tortildi.	violation	/briːtʃ/	3216
breakthrough	B2	n.	ulkan yutuq, yangilik, tub burilish	Scientists achieved a major medical breakthrough in cancer treatment.	Olimlar saratonni davolashda ulkan tibbiy yutuqqa erishdilar.	discovery	/ˈbreɪkθruː/	3217
breed	B2	v.	katta qilmoq	You can breed new opportunities through daily practice.	Siz har kungi mashq orqali yangi imkoniyatlarni katta qilmoqingiz mumkin.		/bri:d/	3218
broadband	C1	n.	keng	Understanding the concept of broadband is valuable in academic studies.	Ilmiy izlanishlarda keng tushunchasini chuqur anglash qadrlidir.		/brɔ:d/	3219
broadcaster	C1	n.	radio orqali eshittirmoq	Understanding the concept of broadcaster is valuable in academic studies.	Ilmiy izlanishlarda radio orqali eshittirmoq tushunchasini chuqur anglash qadrlidir.		/brɔ:d.kɑ:st/	3220
browser	C1	n.	ko'zdan kechirmoq	Understanding the concept of browser is valuable in academic studies.	Ilmiy izlanishlarda ko'zdan kechirmoq tushunchasini chuqur anglash qadrlidir.		/braʊz/	3221
brutal	B2	adj.	qo'pol	They achieved a brutal result after months of dedicated work.	Ular oylik mashaqqatli mehnatdan soʻng qo'pol natijaga erishdilar.		/bru.təl/	3222
buck	B2	n.	dollar	The committee analyzed the impact of buck on society.	Qoʻmita dollarning jamiyatga taʼsirini tahlil qildi.		/bʌk/	3223
buddy	B2	n.	o'rtoq	The new policy pays special attention to buddy.	Yangi siyosat o'rtoqga alohida eʼtibor qaratadi.		/bʌd.i/	3224
buffer	B2	n.	bufer	Modern development creates valuable opportunities in buffer.	Zamonaviy taraqqiyot bufer sohasida qimmatli imkoniyatlar yaratadi.		/bʌf.ər/	3225
bug	B2	n.	hasharot	Understanding the role of bug is vital for long-term growth.	Uzoq muddatli oʻsish uchun hasharotning rolini tushunish juda muhimdir.		/bʌg/	3226
bulk	B2	n.	miqdor	The committee analyzed the impact of bulk on society.	Qoʻmita miqdorning jamiyatga taʼsirini tahlil qildi.		/bʌlk/	3227
burden	B2	n.	yuk	The new policy pays special attention to burden.	Yangi siyosat yukga alohida eʼtibor qaratadi.		/bɜ.dən/	3228
bureaucracy	B2	n.	byurokratiya, sansalorlik	Digital governance streamlines processes and eliminates unnecessary bureaucracy.	Raqamli hukumat jarayonlarni soddalashtiradi va ortiqcha byurokratiyani yoʻqotadi.	red tape	/bjʊəˈrɒkrəsi/	3229
burial	B2	n.	ko'mish	Understanding the role of burial is vital for long-term growth.	Uzoq muddatli oʻsish uchun ko'mishning rolini tushunish juda muhimdir.		/ber.i.əl/	3230
cabin	B2	n.	kabina	The committee analyzed the impact of cabin on society.	Qoʻmita kabinaning jamiyatga taʼsirini tahlil qildi.		/kæb.ɪn/	3231
calculation	C1	n.	calculation atamasi	Understanding the concept of calculation is valuable in academic studies.	Ilmiy izlanishlarda calculation atamasi tushunchasini chuqur anglash qadrlidir.		/calculation/	3232
canal	B2	n.	kanal	Modern development creates valuable opportunities in canal.	Zamonaviy taraqqiyot kanal sohasida qimmatli imkoniyatlar yaratadi.		/kənæl/	3233
canvas	B2	n.	bo'z	Understanding the role of canvas is vital for long-term growth.	Uzoq muddatli oʻsish uchun bo'zning rolini tushunish juda muhimdir.		/kæn.vəs/	3234
capitalism	B2	n.	kapitalizm	The committee analyzed the impact of capitalism on society.	Qoʻmita kapitalizmning jamiyatga taʼsirini tahlil qildi.		/kæp.ɪ.təl.ɪ.zəm/	3235
capitalist	B2	n.	kapitalist	The new policy pays special attention to capitalist.	Yangi siyosat kapitalistga alohida eʼtibor qaratadi.		/kæp.ɪ.təl.ɪst/	3236
carbon	B2	n.	karbon	Modern development creates valuable opportunities in carbon.	Zamonaviy taraqqiyot karbon sohasida qimmatli imkoniyatlar yaratadi.		/kɑ.bən/	3237
cargo	B2	n.	yuk	Understanding the role of cargo is vital for long-term growth.	Uzoq muddatli oʻsish uchun yukning rolini tushunish juda muhimdir.		/kɑ.gəʊ/	3238
carriage	B2	n.	vagon	The committee analyzed the impact of carriage on society.	Qoʻmita vagonning jamiyatga taʼsirini tahlil qildi.		/kær.ɪdʒ/	3239
carve	B2	v.	o'ymoq	We must carve carefully to achieve the desired outcome.	Kutilgan natijaga erishish uchun biz ehtiyotkorlik bilan o'ymoqimiz kerak.		/kɑ:v/	3240
casino	B2	n.	qimorxona	Modern development creates valuable opportunities in casino.	Zamonaviy taraqqiyot qimorxona sohasida qimmatli imkoniyatlar yaratadi.		/kəsi.nəʊ/	3241
casual	B2	adj.	tasodifiy	They achieved a casual result after months of dedicated work.	Ular oylik mashaqqatli mehnatdan soʻng tasodifiy natijaga erishdilar.		/kæʒ.ju.əl/	3242
casualty	B2	n.	yarador	The committee analyzed the impact of casualty on society.	Qoʻmita yaradorning jamiyatga taʼsirini tahlil qildi.		/kæʒ.ju.əl.ti/	3243
catalogue	B2	n.	katalog	The new policy pays special attention to catalogue.	Yangi siyosat katalogga alohida eʼtibor qaratadi.		/kæt.əl.ɒg/	3244
cater	B2	v.	taminlamoq	The team worked together to cater the project requirements.	Jamoa loyiha talablarini taminlamoq uchun birgalikda ishladi.		/keɪ.tər/	3245
cattle	B2	n.	mol	Understanding the role of cattle is vital for long-term growth.	Uzoq muddatli oʻsish uchun molning rolini tushunish juda muhimdir.		/kæt.l ̩/	3246
caution	B2	n.	ogohlantirish	The committee analyzed the impact of caution on society.	Qoʻmita ogohlantirishning jamiyatga taʼsirini tahlil qildi.		/kɔ:.ʃən/	3247
cave	B2	n.	g'or	The new policy pays special attention to cave.	Yangi siyosat g'orga alohida eʼtibor qaratadi.		/keɪv/	3248
cease	B2	v.	oldini olmoq	The team worked together to cease the project requirements.	Jamoa loyiha talablarini oldini olmoq uchun birgalikda ishladi.		/si:s/	3249
cemetery	B2	n.	qabriston	Understanding the role of cemetery is vital for long-term growth.	Uzoq muddatli oʻsish uchun qabristonning rolini tushunish juda muhimdir.		/sem.ə.tri/	3250
certainty	B2	adv.	shubhasiz	Experts recommend how to certainty effectively in this situation.	Mutaxassislar bunday vaziyatda qanday qilib samarali shubhasizni tavsiya qiladilar.		/sɜ:.t ə n.li/	3251
certificate	B2	n.	sertifikat	The new policy pays special attention to certificate.	Yangi siyosat sertifikatga alohida eʼtibor qaratadi.		/sətɪf.ɪ.kət/	3252
challenging	C1	n.	challenging atamasi	Understanding the concept of challenging is valuable in academic studies.	Ilmiy izlanishlarda challenging atamasi tushunchasini chuqur anglash qadrlidir.		/challenging/	3253
chamber	B2	n.	xona	Understanding the role of chamber is vital for long-term growth.	Uzoq muddatli oʻsish uchun xonaning rolini tushunish juda muhimdir.		/tʃeɪm.bər/	3254
championship	B2	n.	chempionat	The committee analyzed the impact of championship on society.	Qoʻmita chempionatning jamiyatga taʼsirini tahlil qildi.		/tʃæm.pi.ən.ʃɪp/	3255
chaos	B2	n.	tartibsizlik	The new policy pays special attention to chaos.	Yangi siyosat tartibsizlikga alohida eʼtibor qaratadi.		/keɪ.ɒs/	3256
characterize	C1	n.	xarakter	Understanding the concept of characterize is valuable in academic studies.	Ilmiy izlanishlarda xarakter tushunchasini chuqur anglash qadrlidir.		/kær.ɪk.tər/	3257
charm	B2	n.	joziba	Understanding the role of charm is vital for long-term growth.	Uzoq muddatli oʻsish uchun jozibaning rolini tushunish juda muhimdir.		/tʃɑm/	3258
charming	B2	adj.	jozibali	We observed a charming improvement in student performance.	Biz talabalar koʻrsatkichlarida jozibali oʻsishni kuzatdik.		/tʃɑ:.mɪŋ/	3259
charter	B2	n.	hujjat	The new policy pays special attention to charter.	Yangi siyosat hujjatga alohida eʼtibor qaratadi.		/tʃɑ.tər/	3260
chase	B2	v.	quvmoq	The team worked together to chase the project requirements.	Jamoa loyiha talablarini quvmoq uchun birgalikda ishladi.		/tʃeɪs/	3261
cheek	B2	n.	yanoq	Understanding the role of cheek is vital for long-term growth.	Uzoq muddatli oʻsish uchun yanoqning rolini tushunish juda muhimdir.		/tʃi:k/	3262
cheer	B2	v.	ruhlantirmoq	Experts recommend how to cheer effectively in this situation.	Mutaxassislar bunday vaziyatda qanday qilib samarali ruhlantirmoqni tavsiya qiladilar.		/tʃɪər/	3263
choir	B2	n.	xor	The new policy pays special attention to choir.	Yangi siyosat xorga alohida eʼtibor qaratadi.		/kwaɪər/	3264
chop	B2	v.	kesmoq	The team worked together to chop the project requirements.	Jamoa loyiha talablarini kesmoq uchun birgalikda ishladi.		/tʃɒp/	3265
chronic	B2	adj.	surunkali, uzoq davom etadigan	Regular aerobic exercise significantly alleviates chronic fatigue.	Muntazam yengil badantarbiya surunkali charchoqni sezilarli darajada kamaytiradi.	persistent	/ˈkrɒnɪk/	3266
chunk	B2	n.	bir parcha	The committee analyzed the impact of chunk on society.	Qoʻmita bir parchaning jamiyatga taʼsirini tahlil qildi.		/tʃʌŋk/	3267
circulate	B2	v.	aylanib chiqmoq	We must circulate carefully to achieve the desired outcome.	Kutilgan natijaga erishish uchun biz ehtiyotkorlik bilan aylanib chiqmoqimiz kerak.		/sɜ:.kjʊ.leɪt/	3268
circulation	B2	n.	qon aylanishi	Modern development creates valuable opportunities in circulation.	Zamonaviy taraqqiyot qon aylanishi sohasida qimmatli imkoniyatlar yaratadi.		/sɜ:.kjʊleɪ.ʃən/	3269
citizenship	B2	n.	fuqarolik	Understanding the role of citizenship is vital for long-term growth.	Uzoq muddatli oʻsish uchun fuqarolikning rolini tushunish juda muhimdir.		/sɪt.ɪ.zən.ʃɪp/	3270
civic	B2	adj.	fuqarolarga oid	We observed a civic improvement in student performance.	Biz talabalar koʻrsatkichlarida fuqarolarga oid oʻsishni kuzatdik.		/sɪv.ɪk/	3271
civilian	B2	n.	fuqaro	The new policy pays special attention to civilian.	Yangi siyosat fuqaroga alohida eʼtibor qaratadi.		/sɪvɪl.i.ən/	3272
civilization	B2	n.	sivilizatsiya	Modern development creates valuable opportunities in civilization.	Zamonaviy taraqqiyot sivilizatsiya sohasida qimmatli imkoniyatlar yaratadi.		/sɪv.əl.aɪzeɪ.ʃən/	3273
clash	B2	v.	urishmoq	You can clash new opportunities through daily practice.	Siz har kungi mashq orqali yangi imkoniyatlarni urishmoqingiz mumkin.		/klæʃ/	3274
classification	B2	n.	tasnif	The committee analyzed the impact of classification on society.	Qoʻmita tasnifning jamiyatga taʼsirini tahlil qildi.		/klæs.ɪ.fɪkeɪ.ʃən/	3275
classify	B2	v.	tasniflamoq	We must classify carefully to achieve the desired outcome.	Kutilgan natijaga erishish uchun biz ehtiyotkorlik bilan tasniflamoqimiz kerak.		/klæs.ɪ.faɪ/	3276
clerk	B2	n.	kotiba	Modern development creates valuable opportunities in clerk.	Zamonaviy taraqqiyot kotiba sohasida qimmatli imkoniyatlar yaratadi.		/klɑ:k/	3277
cliff	B2	n.	qoya	Understanding the role of cliff is vital for long-term growth.	Uzoq muddatli oʻsish uchun qoyaning rolini tushunish juda muhimdir.		/klɪf/	3278
cling	B2	v.	yopishib olmoq	Experts recommend how to cling effectively in this situation.	Mutaxassislar bunday vaziyatda qanday qilib samarali yopishib olmoqni tavsiya qiladilar.		/klɪŋ/	3279
clinical	C1	n.	klinika	Understanding the concept of clinical is valuable in academic studies.	Ilmiy izlanishlarda klinika tushunchasini chuqur anglash qadrlidir.		/klɪn.ɪk/	3280
clip	B2	n.	qisqich	Modern development creates valuable opportunities in clip.	Zamonaviy taraqqiyot qisqich sohasida qimmatli imkoniyatlar yaratadi.		/klɪp/	3281
closure	C1	n.	closure atamasi	Understanding the concept of closure is valuable in academic studies.	Ilmiy izlanishlarda closure atamasi tushunchasini chuqur anglash qadrlidir.		/closure/	3282
cluster	B2	n.	bog'lam	The committee analyzed the impact of cluster on society.	Qoʻmita bog'lamning jamiyatga taʼsirini tahlil qildi.		/klʌs.tər/	3283
coalition	B2	n.	ittifoq	The new policy pays special attention to coalition.	Yangi siyosat ittifoqga alohida eʼtibor qaratadi.		/kəʊ.əlɪʃ.ən/	3284
coastal	C1	n.	sohil	Understanding the concept of coastal is valuable in academic studies.	Ilmiy izlanishlarda sohil tushunchasini chuqur anglash qadrlidir.		/kəʊst/	3285
cocktail	B2	n.	kokteyl	Understanding the role of cocktail is vital for long-term growth.	Uzoq muddatli oʻsish uchun kokteylning rolini tushunish juda muhimdir.		/kɒk.teɪl/	3286
coincidence	B2	n.	moslashish	The committee analyzed the impact of coincidence on society.	Qoʻmita moslashishning jamiyatga taʼsirini tahlil qildi.		/kəʊɪnt.sɪ.dənts/	3287
collaboration	C1	n.	collaboration atamasi	Understanding the concept of collaboration is valuable in academic studies.	Ilmiy izlanishlarda collaboration atamasi tushunchasini chuqur anglash qadrlidir.		/collaboration/	3288
collision	B2	n.	to'qnashuv	Modern development creates valuable opportunities in collision.	Zamonaviy taraqqiyot to'qnashuv sohasida qimmatli imkoniyatlar yaratadi.		/kəlɪʒ.ən/	3289
colonial	C1	n.	ikki nuqta	Understanding the concept of colonial is valuable in academic studies.	Ilmiy izlanishlarda ikki nuqta tushunchasini chuqur anglash qadrlidir.		/kəʊ.lɒn/	3290
colony	B2	n.	mustamlaka	The committee analyzed the impact of colony on society.	Qoʻmita mustamlakaning jamiyatga taʼsirini tahlil qildi.		/kɒl.ə.ni/	3291
colourful	C1	n.	rang	Understanding the concept of colourful is valuable in academic studies.	Ilmiy izlanishlarda rang tushunchasini chuqur anglash qadrlidir.		/kʌl.ər/	3292
columnist	C1	n.	ustun	Understanding the concept of columnist is valuable in academic studies.	Ilmiy izlanishlarda ustun tushunchasini chuqur anglash qadrlidir.		/kɒl.əm/	3293
combat	B2	n.	jang	Understanding the role of combat is vital for long-term growth.	Uzoq muddatli oʻsish uchun jangning rolini tushunish juda muhimdir.		/kɒm.bæt/	3294
comic	B2	adj.	kulgili	We observed a comic improvement in student performance.	Biz talabalar koʻrsatkichlarida kulgili oʻsishni kuzatdik.		/kɒm.ɪk/	3295
commence	B2	v.	boshlamoq	We must commence carefully to achieve the desired outcome.	Kutilgan natijaga erishish uchun biz ehtiyotkorlik bilan boshlamoqimiz kerak.		/kəments/	3296
commentary	B2	n.	tushuntirish	Modern development creates valuable opportunities in commentary.	Zamonaviy taraqqiyot tushuntirish sohasida qimmatli imkoniyatlar yaratadi.		/kɒm.ən.tri/	3297
commentator	B2	n.	sharhlovchi	Understanding the role of commentator is vital for long-term growth.	Uzoq muddatli oʻsish uchun sharhlovchining rolini tushunish juda muhimdir.		/kɒm.ən.teɪ.tər/	3298
commissioner	C1	n.	commissioner atamasi	Understanding the concept of commissioner is valuable in academic studies.	Ilmiy izlanishlarda commissioner atamasi tushunchasini chuqur anglash qadrlidir.		/commissioner/	3299
communist	B2	adj.	kommunist	It is essential to maintain a communist standard in research.	Tadqiqotda kommunist meʼyorni saqlab qolish juda muhimdir.		/kɒm.jʊ.nɪst/	3300
companion	B2	n.	sherik	Modern development creates valuable opportunities in companion.	Zamonaviy taraqqiyot sherik sohasida qimmatli imkoniyatlar yaratadi.		/kəmpæn.jən/	3301
comparable	B2	adj.	taqqoslab bo'ladigan	They achieved a comparable result after months of dedicated work.	Ular oylik mashaqqatli mehnatdan soʻng taqqoslab bo'ladigan natijaga erishdilar.		/kɒm.pər.ə.bl ̩/	3302
comparative	B2	n.	qiyosiy	The committee analyzed the impact of comparative on society.	Qoʻmita qiyosiyning jamiyatga taʼsirini tahlil qildi.		/kəmpær.ə.tɪv/	3303
compassion	B2	n.	rahm	The new policy pays special attention to compassion.	Yangi siyosat rahmga alohida eʼtibor qaratadi.		/kəmpæʃ.ən/	3304
compel	B2	v.	zo'rlamoq	The team worked together to compel the project requirements.	Jamoa loyiha talablarini zo'rlamoq uchun birgalikda ishladi.		/kəmpel/	3305
compelling	B2	adj.	ishonarli, oʻziga tortuvchi, kuchli	The documentary presents compelling evidence about global warming.	Hujjatli film global isish haqida inkor etib boʻlmas va kuchli dalillarni keltiradi.	convincing	/kəmˈpelɪŋ/	3306
compensation	B2	n.	zararni qoplash	The committee analyzed the impact of compensation on society.	Qoʻmita zararni qoplashning jamiyatga taʼsirini tahlil qildi.		/kɒm.penseɪ.ʃən/	3307
completion	C1	n.	completion atamasi	Understanding the concept of completion is valuable in academic studies.	Ilmiy izlanishlarda completion atamasi tushunchasini chuqur anglash qadrlidir.		/completion/	3308
complexity	C1	n.	qiyinlik, xususiyat	Understanding the concept of complexity is valuable in academic studies.	Ilmiy izlanishlarda qiyinlik tushunchasini chuqur anglash qadrlidir.		/kɒm.pleks/	3309
compliance	B2	n.	rioya qilish, qonunga moslik	Strict compliance with laboratory safety regulations prevents accidents.	Laboratoriya xavfsizlik qoidalariga qatʼiy rioya qilish koʻngilsizliklarning oldini oladi.	conformity	/kəmˈplaɪəns/	3310
complication	C1	n.	complication atamasi	Understanding the concept of complication is valuable in academic studies.	Ilmiy izlanishlarda complication atamasi tushunchasini chuqur anglash qadrlidir.		/complication/	3311
comply	B2	v.	bajarmoq	We must comply carefully to achieve the desired outcome.	Kutilgan natijaga erishish uchun biz ehtiyotkorlik bilan bajarmoqimiz kerak.		/kəmplaɪ/	3312
composition	B2	n.	kompozitsiya	Modern development creates valuable opportunities in composition.	Zamonaviy taraqqiyot kompozitsiya sohasida qimmatli imkoniyatlar yaratadi.		/kɒm.pəzɪʃ.ən/	3313
compound	B2	n.	aralashma	Understanding the role of compound is vital for long-term growth.	Uzoq muddatli oʻsish uchun aralashmaning rolini tushunish juda muhimdir.		/kɒm.paʊnd/	3314
compromise	B2	n., v.	murosaga kelmoq; murosa	Successful diplomacy requires both sides to reach a fair compromise.	Muvaffaqiyatli diplomatiya har ikki tomonning adolatli murosaga kelishini talab qiladi.	concession	/ˈkɒmprəmaɪz/	3315
compulsory	B2	adj.	majburiy	It is essential to maintain a compulsory standard in research.	Tadqiqotda majburiy meʼyorni saqlab qolish juda muhimdir.		/kəmpʌl.sər.i/	3316
conceal	B2	v.	yashirmoq	The team worked together to conceal the project requirements.	Jamoa loyiha talablarini yashirmoq uchun birgalikda ishladi.		/kənsi:l/	3317
concede	B2	v.	tan olmoq (magʻlubiyatni yoki haqiqatni)	The candidate conceded defeat after all official ballots were counted.	Nomzod barcha rasmiy ovozlar sanab chiqilgach magʻlubiyatini tan oldi.	admit	/kənˈsiːd/	3318
conception	B2	n.	tasavvur, tushuncha, gʻoya	His original conception of the mobile app won first prize.	Uning mobil ilova boʻyicha yaratgan dastlabki gʻoyasi birinchi oʻrinni oldi.	notion	/kənˈsepʃn/	3319
concession	B2	n.	rozi bo'lish	The new policy pays special attention to concession.	Yangi siyosat rozi bo'lishga alohida eʼtibor qaratadi.		/kənseʃ.ən/	3320
concrete	B2	adj.	konkret	The professor provided a concrete explanation of the concept.	Professor tushuncha boʻyicha konkret izoh berdi.		/kɒŋ.kri:t/	3321
condemn	B2	v.	qoralomoq, laʼnatlamoq, keskin tanqid qilmoq	International leaders unanimously condemned the violent attack.	Xalqaro yetakchilar zoʻravonlik hujumini bir ovozdan qattiq qoraladilar.	denounce	/kənˈdem/	3322
confer	B2	v.	bermoq	Experts recommend how to confer effectively in this situation.	Mutaxassislar bunday vaziyatda qanday qilib samarali bermoqni tavsiya qiladilar.		/kənfɜ:r/	3323
confess	B2	v.	iqror bo'lmoq	We must confess carefully to achieve the desired outcome.	Kutilgan natijaga erishish uchun biz ehtiyotkorlik bilan iqror bo'lmoqimiz kerak.		/kənfes/	3324
confession	B2	n.	tavba	Modern development creates valuable opportunities in confession.	Zamonaviy taraqqiyot tavba sohasida qimmatli imkoniyatlar yaratadi.		/kənfeʃ.ən/	3325
configuration	C1	n.	configuration atamasi	Understanding the concept of configuration is valuable in academic studies.	Ilmiy izlanishlarda configuration atamasi tushunchasini chuqur anglash qadrlidir.		/configuration/	3326
confine	B2	v.	cheklamoq, chegaralamoq	Please confine your comments strictly to today agenda items.	Iltimos, oʻz fikrlaringizni faqat bugungi kun tartibidagi masalalar bilan cheklang.	restrict	/kənˈfaɪn/	3327
confirmation	B2	n.	tasdiq	The new policy pays special attention to confirmation.	Yangi siyosat tasdiqga alohida eʼtibor qaratadi.		/kɒn.fəmeɪ.ʃən/	3328
confront	C1	n.	confront atamasi	Understanding the concept of confront is valuable in academic studies.	Ilmiy izlanishlarda confront atamasi tushunchasini chuqur anglash qadrlidir.		/confront/	3329
confrontation	B2	n.	toʻqnashuv, qarama-qarshilik	Diplomats worked tirelessly to resolve tensions without confrontation.	Diplomatlar keskinlikni ochiq toʻqnashuvsiz bartaraf etish uchun tinimsiz mehnat qildilar.	conflict	/ˌkɒnfrʌnˈteɪʃn/	3330
congratulate	B2	v.	tabriklamoq	Experts recommend how to congratulate effectively in this situation.	Mutaxassislar bunday vaziyatda qanday qilib samarali tabriklamoqni tavsiya qiladilar.		/kəngræt.jʊ.leɪt/	3331
congregation	B2	n.	jamoat	The new policy pays special attention to congregation.	Yangi siyosat jamoatga alohida eʼtibor qaratadi.		/kɒŋ.grɪgeɪ.ʃən/	3332
congressional	C1	n.	kongress	Understanding the concept of congressional is valuable in academic studies.	Ilmiy izlanishlarda kongress tushunchasini chuqur anglash qadrlidir.		/kɒŋ.gres/	3333
conscience	B2	n.	vijdon	Understanding the role of conscience is vital for long-term growth.	Uzoq muddatli oʻsish uchun vijdonning rolini tushunish juda muhimdir.		/kɒn.tʃənts/	3334
consciousness	B2	n.	onglilik	The committee analyzed the impact of consciousness on society.	Qoʻmita onglilikning jamiyatga taʼsirini tahlil qildi.		/kɒn.tʃə.snəs/	3335
consecutive	B2	adj.	ketma-ket, birin-ketin keladigan	She achieved perfect study attendance for twenty consecutive days.	U ketma-ket yigirma kun davomida darslarda toʻliq qatnashishga erishdi.	successive	/kənˈsekjətɪv/	3336
consensus	B2	n.	yakdillik, umumiy kelishuv, konsensus	The scientific committee reached a broad consensus on global warming.	Ilmiy qoʻmita global isish masalasida umumiy yakdillikka erishdi.	agreement	/kənˈsensəs/	3337
consequently	B2	adv.	shuning uchun	You can consequently new opportunities through daily practice.	Siz har kungi mashq orqali yangi imkoniyatlarni shuning uchuningiz mumkin.		/kɒnt.sɪ.kwənt.li/	3338
conserve	B2	v.	saqlamoq	Experts recommend how to conserve effectively in this situation.	Mutaxassislar bunday vaziyatda qanday qilib samarali saqlamoqni tavsiya qiladilar.		/kənsɜ:v/	3339
considerably	C1	adv.	ko'rib chiqmoq tarzda, ko'rib chiqmoqan	Understanding the concept of considerably is valuable in academic studies.	Ilmiy izlanishlarda ko'rib chiqmoq tarzda tushunchasini chuqur anglash qadrlidir.		/kənsɪd.ər/	3340
consistently	C1	adv.	doimiy tarzda, doimiyan	Understanding the concept of consistently is valuable in academic studies.	Ilmiy izlanishlarda doimiy tarzda tushunchasini chuqur anglash qadrlidir.		/kənsɪs.tənt/	3341
consolidate	B2	v.	mustahkamlamoq, birlashtirmoq	The new management worked hard to consolidate company assets.	Yangi rahbariyat kompaniya aktivlarini birlashtirish va mustahkamlash ustida ishladi.	strengthen	/kənˈsɒlɪdeɪt/	3342
conspiracy	B2	n.	fitna, maxfiy til biriktirish	The investigative journalist uncovered a conspiracy among high officials.	Surishtiruvchi jurnalist yuqori mansabdorlar oʻrtasidagi fitnani fosh etdi.	plot	/kənˈspɪrəsi/	3343
constituency	B2	n.	saylovchilar	The new policy pays special attention to constituency.	Yangi siyosat saylovchilarga alohida eʼtibor qaratadi.		/kənstɪt.ju.ənt.si/	3344
constitution	B2	n.	konstitutsiya	Modern development creates valuable opportunities in constitution.	Zamonaviy taraqqiyot konstitutsiya sohasida qimmatli imkoniyatlar yaratadi.		/kɒnt.stɪtju:.ʃən/	3345
constitutional	C1	n.	konstitutsiya	Understanding the concept of constitutional is valuable in academic studies.	Ilmiy izlanishlarda konstitutsiya tushunchasini chuqur anglash qadrlidir.		/kɒnt.stɪtju:.ʃən/	3346
constraint	B2	n.	cheklov, toʻsiq, majburiyat	Financial constraints forced the laboratory to postpone testing.	Moliyaviy cheklovlar laboratoriyani sinovlarni kechiktirishga majbur qildi.	restriction	/kənˈstreɪnt/	3347
consultant	B2	n.	maslahatchi	The new policy pays special attention to consultant.	Yangi siyosat maslahatchiga alohida eʼtibor qaratadi.		/kənsʌl.tənt/	3348
consultation	B2	n.	maslahatlashuv, konsultatsiya	The doctor recommended an immediate specialist consultation.	Shifokor zudlik bilan mutaxassis konsultatsiyasidan oʻtishni tavsiya qildi.	discussion	/ˌkɒnslˈteɪʃn/	3349
consumption	B2	n.	istemol qilingan	Understanding the role of consumption is vital for long-term growth.	Uzoq muddatli oʻsish uchun istemol qilinganning rolini tushunish juda muhimdir.		/kənsʌmp.ʃən/	3350
contemplate	B2	v.	chuqur oʻylamoq, mulohaza qilmoq	Take time each evening to contemplate your personal progress.	Har oqshom shaxsiy oʻsishingiz haqida chuqur mulohaza yuritishga vaqt ajrating.	ponder	/ˈkɒntəmpleɪt/	3351
contempt	B2	n.	mensimaslik, nafrat, hurmatsizlik	He showed utter contempt for dishonest and unfair practices.	U nohaq va vijdonsiz xatti-harakatlarga nisbatan chuqur nafrat bildirdi.	scorn	/kənˈtempt/	3352
contend	B2	v.	kurashmoq; qatʼiy taʼkidlamoq	Critics contend that the proposed policy ignores economic reality.	Tanqidchilar taklif etilayotgan siyosat iqtisodiy voqelikni hisobga olmaydi deb taʼkidlamoqdalar.	assert	/kənˈtend/	3353
contender	C1	n.	kurashmoq	Understanding the concept of contender is valuable in academic studies.	Ilmiy izlanishlarda kurashmoq tushunchasini chuqur anglash qadrlidir.		/kəntend/	3354
contention	C1	n.	mamnun jarayoni; mamnunish	Understanding the concept of contention is valuable in academic studies.	Ilmiy izlanishlarda mamnun jarayoni tushunchasini chuqur anglash qadrlidir.		/kəntent/	3355
continually	C1	adv.	davomiy tarzda, davomiyan	Understanding the concept of continually is valuable in academic studies.	Ilmiy izlanishlarda davomiy tarzda tushunchasini chuqur anglash qadrlidir.		/kəntɪn.ju.əl/	3356
contractor	B2	n.	bitim tuzuvchi	Modern development creates valuable opportunities in contractor.	Zamonaviy taraqqiyot bitim tuzuvchi sohasida qimmatli imkoniyatlar yaratadi.		/kəntræk.tər/	3357
contradiction	B2	n.	qarama-qarshilik, ziddiyat	There is a glaring contradiction between his promises and actions.	Uning vaʼdalari va amallari oʻrtasida yaqqol ziddiyat mavjud.	paradox	/ˌkɒntrəˈdɪkʃn/	3358
contributor	B2	n.	xodim	The committee analyzed the impact of contributor on society.	Qoʻmita xodimning jamiyatga taʼsirini tahlil qildi.		/kəntrɪb.jʊ.tər/	3359
controversial	B2	adj.	bahsli	It is essential to maintain a controversial standard in research.	Tadqiqotda bahsli meʼyorni saqlab qolish juda muhimdir.		/kɒn.trəvɜ.ʃəl/	3360
convention	B2	n.	odat	Modern development creates valuable opportunities in convention.	Zamonaviy taraqqiyot odat sohasida qimmatli imkoniyatlar yaratadi.		/kənvent.ʃən/	3361
conventional	B2	adj.	odatiy	They achieved a conventional result after months of dedicated work.	Ular oylik mashaqqatli mehnatdan soʻng odatiy natijaga erishdilar.		/kənvent.ʃən.əl/	3362
conversion	B2	n.	aylanish	The committee analyzed the impact of conversion on society.	Qoʻmita aylanishning jamiyatga taʼsirini tahlil qildi.		/kənvɜ:.ʃən/	3363
convict	B2	v.	ayblamoq	We must convict carefully to achieve the desired outcome.	Kutilgan natijaga erishish uchun biz ehtiyotkorlik bilan ayblamoqimiz kerak.		/kənvɪkt/	3364
conviction	B2	n.	qatʼiy ishonch, eʼtiqod; hukm	She defended her moral conviction despite heavy opposition.	U kuchli qarshilikka qaramay oʻzining qatʼiy maʼnaviy ishonchini himoya qildi.	belief	/kənˈvɪkʃn/	3365
convincing	C1	n.	convincing atamasi	Understanding the concept of convincing is valuable in academic studies.	Ilmiy izlanishlarda convincing atamasi tushunchasini chuqur anglash qadrlidir.		/convincing/	3366
cooperative	B2	adj.	ko'makdosh	We observed a cooperative improvement in student performance.	Biz talabalar koʻrsatkichlarida ko'makdosh oʻsishni kuzatdik.		/kəʊɒp.ər.ə.tɪv/	3367
coordination	B2	n.	bog'lanish	The new policy pays special attention to coordination.	Yangi siyosat bog'lanishga alohida eʼtibor qaratadi.		/kəʊɔ:.dɪneɪ.ʃən/	3368
coordinator	C1	n.	coordinator atamasi	Understanding the concept of coordinator is valuable in academic studies.	Ilmiy izlanishlarda coordinator atamasi tushunchasini chuqur anglash qadrlidir.		/coordinator/	3369
cop	B2	n.	politsiyachi	Understanding the role of cop is vital for long-term growth.	Uzoq muddatli oʻsish uchun politsiyachining rolini tushunish juda muhimdir.		/kɒp/	3370
copper	B2	n.	mis	The committee analyzed the impact of copper on society.	Qoʻmita misning jamiyatga taʼsirini tahlil qildi.		/kɒp.ər/	3371
copyright	B2	n.	mualliflik huquqi	The new policy pays special attention to copyright.	Yangi siyosat mualliflik huquqiga alohida eʼtibor qaratadi.		/kɒp.i.raɪt/	3372
correlate	B2	v.	aloqada bo'lmoq	The team worked together to correlate the project requirements.	Jamoa loyiha talablarini aloqada bo'lmoq uchun birgalikda ishladi.		/kɒr.ə.leɪt/	3373
correlation	B2	n.	bogʻliqlik, korrelyatsiya, oʻzaro aloqa	Statistical research reveals a direct correlation between reading and vocabulary.	Statistik tadqiqotlar kitob oʻqish va soʻz boyligi oʻrtasida bevosita bogʻliqlik borligini koʻrsatadi.	connection	/ˌkɒrəˈleɪʃn/	3374
correspondence	B2	n.	o'xshashlik	The committee analyzed the impact of correspondence on society.	Qoʻmita o'xshashlikning jamiyatga taʼsirini tahlil qildi.		/kɒr.ɪspɒn.dənts/	3375
correspondent	B2	n.	muxbir	The new policy pays special attention to correspondent.	Yangi siyosat muxbirga alohida eʼtibor qaratadi.		/kɒr.ɪspɒn.dənt/	3376
corresponding	B2	adj.	mos	The professor provided a corresponding explanation of the concept.	Professor tushuncha boʻyicha mos izoh berdi.		/kɒr.ɪspɒn.dɪŋ/	3377
corridor	B2	n.	yo'lak	Understanding the role of corridor is vital for long-term growth.	Uzoq muddatli oʻsish uchun yo'lakning rolini tushunish juda muhimdir.		/kɒr.ɪ.dɔ:r/	3378
corrupt	B2	adj.	buzuq	We observed a corrupt improvement in student performance.	Biz talabalar koʻrsatkichlarida buzuq oʻsishni kuzatdik.		/kərʌpt/	3379
corruption	B2	n.	buzuqlik	The new policy pays special attention to corruption.	Yangi siyosat buzuqlikga alohida eʼtibor qaratadi.		/kərʌp.ʃən/	3380
costly	B2	adj.	qimmat	The professor provided a costly explanation of the concept.	Professor tushuncha boʻyicha qimmat izoh berdi.		/kɒst.li/	3381
councillor	C1	n.	tashkilot	Understanding the concept of councillor is valuable in academic studies.	Ilmiy izlanishlarda tashkilot tushunchasini chuqur anglash qadrlidir.		/kaʊnt.səl/	3382
counselling	C1	n./adj.	maslahat bermoqayotgan; maslahat bermoqish	Understanding the concept of counselling is valuable in academic studies.	Ilmiy izlanishlarda maslahat bermoqayotgan tushunchasini chuqur anglash qadrlidir.		/kaʊnt.səl/	3383
counsellor	C1	n.	maslahat bermoq	Understanding the concept of counsellor is valuable in academic studies.	Ilmiy izlanishlarda maslahat bermoq tushunchasini chuqur anglash qadrlidir.		/kaʊnt.səl/	3384
counterpart	B2	n.	hamkasb, tengdosh vakil	The foreign minister met with his German counterpart for talks.	Tashqi ishlar vaziri muzokaralar uchun germaniyalik hamkasbi bilan uchrashdi.	equivalent	/ˈkaʊntəpɑːt/	3385
countless	B2	adj.	sanoqsiz	They achieved a countless result after months of dedicated work.	Ular oylik mashaqqatli mehnatdan soʻng sanoqsiz natijaga erishdilar.		/kaʊnt.ləs/	3386
coup	B2	n.	muvaffaqiyat	The committee analyzed the impact of coup on society.	Qoʻmita muvaffaqiyatning jamiyatga taʼsirini tahlil qildi.		/ku:/	3387
courtesy	B2	n.	odob	The new policy pays special attention to courtesy.	Yangi siyosat odobga alohida eʼtibor qaratadi.		/kɜ:.tə.si/	3388
crack	B2	v.	darz ketmoq	The team worked together to crack the project requirements.	Jamoa loyiha talablarini darz ketmoq uchun birgalikda ishladi.		/kræk/	3389
craft	B2	n.	kasb	Understanding the role of craft is vital for long-term growth.	Uzoq muddatli oʻsish uchun kasbning rolini tushunish juda muhimdir.		/krɑ:ft/	3390
crawl	B2	v.	emaklamoq	Experts recommend how to crawl effectively in this situation.	Mutaxassislar bunday vaziyatda qanday qilib samarali emaklamoqni tavsiya qiladilar.		/krɔ:l/	3391
credibility	C1	n.	credibility atamasi	Understanding the concept of credibility is valuable in academic studies.	Ilmiy izlanishlarda credibility atamasi tushunchasini chuqur anglash qadrlidir.		/credibility/	3392
credible	B2	adj.	ishonchga loyiq	The professor provided a credible explanation of the concept.	Professor tushuncha boʻyicha ishonchga loyiq izoh berdi.		/kred.ɪ.bl/	3393
creep	B2	v.	sudralmoq	You can creep new opportunities through daily practice.	Siz har kungi mashq orqali yangi imkoniyatlarni sudralmoqingiz mumkin.		/kri:p/	3394
critique	B2	n.	taqriz	The committee analyzed the impact of critique on society.	Qoʻmita taqrizning jamiyatga taʼsirini tahlil qildi.		/krɪti:k/	3395
crown	B2	n.	toj	The new policy pays special attention to crown.	Yangi siyosat tojga alohida eʼtibor qaratadi.		/kraʊn/	3396
crude	B2	adj.	xom	The professor provided a crude explanation of the concept.	Professor tushuncha boʻyicha xom izoh berdi.		/kru:d/	3397
cruise	B2	n.	dengiz sayohati	Understanding the role of cruise is vital for long-term growth.	Uzoq muddatli oʻsish uchun dengiz sayohatining rolini tushunish juda muhimdir.		/kru:z/	3398
crush	B2	n.	olomon	The committee analyzed the impact of crush on society.	Qoʻmita olomonning jamiyatga taʼsirini tahlil qildi.		/krʌʃ/	3399
cue	B2	n.	ishora	The new policy pays special attention to cue.	Yangi siyosat ishoraga alohida eʼtibor qaratadi.		/kju:/	3400
cult	B2	n.	sig'inish	Modern development creates valuable opportunities in cult.	Zamonaviy taraqqiyot sig'inish sohasida qimmatli imkoniyatlar yaratadi.		/kʌlt/	3401
curriculum	B2	n.	o'quv dasturi	Understanding the role of curriculum is vital for long-term growth.	Uzoq muddatli oʻsish uchun o'quv dasturining rolini tushunish juda muhimdir.		/kərɪk.jʊ.ləm/	3402
custody	B2	n.	qo'riqlash	The committee analyzed the impact of custody on society.	Qoʻmita qo'riqlashning jamiyatga taʼsirini tahlil qildi.		/kʌs.tə.di/	3403
cynical	B2	adj.	shubhali, kinoyali, odamlarga ishonmaydigan	He has a cynical outlook regarding political election campaign promises.	U saylovoldi siyosiy vaʼdalarga nisbatan kinoyali va shubha bilan qaraydi.	distrustful	/ˈsɪnɪkl/	3404
dairy	B2	n.	sutchilik fermasi	Modern development creates valuable opportunities in dairy.	Zamonaviy taraqqiyot sutchilik fermasi sohasida qimmatli imkoniyatlar yaratadi.		/deə.ri/	3405
dam	B2	n.	damba	Understanding the role of dam is vital for long-term growth.	Uzoq muddatli oʻsish uchun dambaning rolini tushunish juda muhimdir.		/dæm/	3406
damaging	C1	n.	damaging atamasi	Understanding the concept of damaging is valuable in academic studies.	Ilmiy izlanishlarda damaging atamasi tushunchasini chuqur anglash qadrlidir.		/damaging/	3407
deadline	C1	n.	o'lgan	Understanding the concept of deadline is valuable in academic studies.	Ilmiy izlanishlarda o'lgan tushunchasini chuqur anglash qadrlidir.		/ded/	3408
deadly	B2	adj.	xavfli	The professor provided a deadly explanation of the concept.	Professor tushuncha boʻyicha xavfli izoh berdi.		/ded.li/	3409
debris	B2	n.	vayrona qoldiqlari, chiqindi	Emergency rescue crews cleared fallen debris from the collapsed building.	Favqulodda qutqaruv guruhlari qulagan binodan tosh-shagʻal qoldiqlarini tozaladilar.	rubble	/ˈdebriː/	3410
debut	C1	n.	debut atamasi	Understanding the concept of debut is valuable in academic studies.	Ilmiy izlanishlarda debut atamasi tushunchasini chuqur anglash qadrlidir.		/debut/	3411
decision-making	C1	n./adj.	qarorayotgan; qarorish	Understanding the concept of decision-making is valuable in academic studies.	Ilmiy izlanishlarda qarorayotgan tushunchasini chuqur anglash qadrlidir.		/dɪsɪʒ.ən/	3412
deck	B2	n.	paluba	Modern development creates valuable opportunities in deck.	Zamonaviy taraqqiyot paluba sohasida qimmatli imkoniyatlar yaratadi.		/dek/	3413
dedicated	C1	n.	bag'ishlamoq	Understanding the concept of dedicated is valuable in academic studies.	Ilmiy izlanishlarda bag'ishlamoq tushunchasini chuqur anglash qadrlidir.		/ded.ɪ.keɪt/	3414
dedication	B2	n.	bag'ishlov	The committee analyzed the impact of dedication on society.	Qoʻmita bag'ishlovning jamiyatga taʼsirini tahlil qildi.		/ded.ɪkeɪ.ʃən/	3415
deed	B2	n.	harakat	The new policy pays special attention to deed.	Yangi siyosat harakatga alohida eʼtibor qaratadi.		/di:d/	3416
deem	B2	v.	deb hisoblamoq, baholamoq	The historic bridge was deemed unsafe and closed for restoration.	Tarixiy koʻprik xavfli deb hisoblandi va taʼmirlash uchun yopildi.	consider	/diːm/	3417
default	B2	n.	asl holat	Understanding the role of default is vital for long-term growth.	Uzoq muddatli oʻsish uchun asl holatning rolini tushunish juda muhimdir.		/dɪfɒlt/	3418
defect	B2	n., v.	nuqson, kamchilik; oʻz tomonini tark etmoq	Quality inspectors discovered a minor manufacturing defect in the engine.	Sifat nazoratchilari dvigatelda kichik ishlab chiqarish nuqsonini aniqladilar.	flaw	/ˈdiːfekt/	3419
defender	C1	n.	himoyalanmoq	Understanding the concept of defender is valuable in academic studies.	Ilmiy izlanishlarda himoyalanmoq tushunchasini chuqur anglash qadrlidir.		/dɪfend/	3420
defensive	B2	adj.	himoyalanadigan	The professor provided a defensive explanation of the concept.	Professor tushuncha boʻyicha himoyalanadigan izoh berdi.		/dɪfen t  .sɪv/	3421
deficiency	B2	n.	yetishmovchilik, tanqislik	Iron deficiency in blood can cause chronic weakness and fatigue.	Qonda temir moddasi yetishmovchiligi doimiy holsizlik va charchoq keltirib chiqarishi mumkin.	shortage	/dɪˈfɪʃnsi/	3422
deficit	B2	n.	taqchillik, kamomad, defitsit	The government took disciplined fiscal steps to shrink the budget deficit.	Hukumat byudjet taqchilligini kamaytirish uchun qatʼiy moliyaviy choralar koʻrdi.	shortfall	/ˈdefɪsɪt/	3423
defy	B2	v.	boʻysunmaslik, qarshi chiqmoq, rad etmoq	Brave innovators often defy conventional traditions to create the future.	Jasur novatorlar kelajakni yaratish uchun koʻpincha odatiy qoliplarni rad etadilar.	challenge	/dɪˈfaɪ/	3424
delegate	B2	v., n.	vakil qilmoq, topshirmoq; delegat	Effective managers learn to delegate operational duties to their team.	Samarali rahbarlar kundalik vazifalarni jamoaga ishonib topshirishni biladilar.	assign	/ˈdelɪɡət/	3425
delete	B2	v.	o'chirmoq	You can delete new opportunities through daily practice.	Siz har kungi mashq orqali yangi imkoniyatlarni o'chirmoqingiz mumkin.		/dɪli:t/	3426
democratic	B2	adj.	demokratik	We observed a democratic improvement in student performance.	Biz talabalar koʻrsatkichlarida demokratik oʻsishni kuzatdik.		/dem.əkræt.ɪk/	3427
demon	B2	n.	shayton	The new policy pays special attention to demon.	Yangi siyosat shaytonga alohida eʼtibor qaratadi.		/di:.mən/	3428
demonstration	B2	n.	ko'rgazma	Modern development creates valuable opportunities in demonstration.	Zamonaviy taraqqiyot ko'rgazma sohasida qimmatli imkoniyatlar yaratadi.		/dem.ənstreɪ.ʃən/	3429
denial	B2	n.	inkor	Understanding the role of denial is vital for long-term growth.	Uzoq muddatli oʻsish uchun inkorning rolini tushunish juda muhimdir.		/dɪnaɪ.əl/	3430
denounce	B2	v.	qoralomoq, fosh qilmoq, rad etmoq	Civic groups gathered to denounce corruption in public tenders.	Fuqarolik guruhlari davlat tenderlaridagi korrupsiyani qoralash uchun yigʻildilar.	condemn	/dɪˈnaʊns/	3431
dense	B2	adj.	zich	It is essential to maintain a dense standard in research.	Tadqiqotda zich meʼyorni saqlab qolish juda muhimdir.		/dents/	3432
density	B2	n.	zichlik	Modern development creates valuable opportunities in density.	Zamonaviy taraqqiyot zichlik sohasida qimmatli imkoniyatlar yaratadi.		/dent.sɪ.ti/	3433
depart	B2	v.	jo'namoq	You can depart new opportunities through daily practice.	Siz har kungi mashq orqali yangi imkoniyatlarni jo'namoqingiz mumkin.		/dɪpɑ:t/	3434
deploy	B2	v.	joylashtirmoq, safarbar qilmoq (kuchlarni)	The rescue department deployed specialized drones to search the forest.	Qutqaruv xizmati oʻrmondan qidirish uchun maxsus dronlarni safarbar qildi.	station	/dɪˈplɔɪ/	3435
deployment	C1	n.	joylashtirmoqlik, xususiyat	Understanding the concept of deployment is valuable in academic studies.	Ilmiy izlanishlarda joylashtirmoqlik tushunchasini chuqur anglash qadrlidir.		/dɪplɔɪ/	3436
deposit	B2	v.	depozit	The team worked together to deposit the project requirements.	Jamoa loyiha talablarini depozit uchun birgalikda ishladi.		/dɪpɒz.ɪt/	3437
depression	B2	n.	depressiya	Understanding the role of depression is vital for long-term growth.	Uzoq muddatli oʻsish uchun depressiyaning rolini tushunish juda muhimdir.		/dɪpreʃ.ən/	3438
deprive	B2	v.	mahrum qilmoq	Chronic sleep deprivation deprives the brain of essential recovery time.	Surunkali uyqusizlik miyani zaruriy tiklanish vaqtidan mahrum qiladi.	strip	/dɪˈpraɪv/	3439
descend	B2	v.	pastlamoq	We must descend carefully to achieve the desired outcome.	Kutilgan natijaga erishish uchun biz ehtiyotkorlik bilan pastlamoqimiz kerak.		/dɪsend/	3440
descent	B2	n.	avlod	Modern development creates valuable opportunities in descent.	Zamonaviy taraqqiyot avlod sohasida qimmatli imkoniyatlar yaratadi.		/dɪsent/	3441
designate	B2	v.	tayinlamoq, belgilamoq	The mayor designated the central square as a pedestrian walking zone.	Shahar hokimi markaziy maydonni piyodalar sayr qilish hududi deb belgiladi.	appoint	/ˈdezɪɡneɪt/	3442
desirable	B2	adj.	kerakli	We observed a desirable improvement in student performance.	Biz talabalar koʻrsatkichlarida kerakli oʻsishni kuzatdik.		/dɪzaɪə.rə.bl ̩/	3443
desktop	C1	n.	yozuv stoli	Understanding the concept of desktop is valuable in academic studies.	Ilmiy izlanishlarda yozuv stoli tushunchasini chuqur anglash qadrlidir.		/desk/	3444
destructive	B2	adj.	zararli	The professor provided a destructive explanation of the concept.	Professor tushuncha boʻyicha zararli izoh berdi.		/dɪstrʌk.tɪv/	3445
detain	B2	v.	olib qolmoq	You can detain new opportunities through daily practice.	Siz har kungi mashq orqali yangi imkoniyatlarni olib qolmoqingiz mumkin.		/dɪteɪn/	3446
detention	B2	n.	ushlanib qolish	The committee analyzed the impact of detention on society.	Qoʻmita ushlanib qolishning jamiyatga taʼsirini tahlil qildi.		/dɪten.tʃən/	3447
deteriorate	B2	v.	yomonlashmoq, buzilmoq	Without regular maintenance, historical buildings deteriorate rapidly.	Muntazam taʼmirlanmasa, tarixiy binolar tezda yomonlashib nuraydi.	worsen	/dɪˈtɪəriəreɪt/	3448
determination	B2	n.	qatiylik	Modern development creates valuable opportunities in determination.	Zamonaviy taraqqiyot qatiylik sohasida qimmatli imkoniyatlar yaratadi.		/dɪtɜ.mɪneɪ.ʃən/	3449
devastate	B2	v.	buzmoq	You can devastate new opportunities through daily practice.	Siz har kungi mashq orqali yangi imkoniyatlarni buzmoqingiz mumkin.		/dev.ə.steɪt/	3450
devil	B2	n.	shayton	The committee analyzed the impact of devil on society.	Qoʻmita shaytonning jamiyatga taʼsirini tahlil qildi.		/dev.əl/	3451
devise	B2	v.	oʻylab topmoq, ishlab chiqmoq (reja)	Engineers devised an ingenious cooling system for data centers.	Muhandislar maʼlumotlar markazi uchun ajoyib sovitish tizimini ishlab chiqdilar.	create	/dɪˈvaɪz/	3452
diagnose	B2	v.	tashxis qoʻymoq, aniqlamoq	Modern MRI scanners help doctors diagnose illnesses early.	Zamonaviy MRT apparatlari shifokorlarga kasalliklarni erta aniqlashda yordam beradi.	identify	/ˈdaɪəɡnəʊz/	3453
diagnosis	B2	n.	tashxis	Understanding the role of diagnosis is vital for long-term growth.	Uzoq muddatli oʻsish uchun tashxisning rolini tushunish juda muhimdir.		/daɪ.əgnəʊ.sɪs/	3454
dictate	B2	v.	buyurmoq, aytib turib yozdirmoq	Common sense should dictate our lifestyle choices and habits.	Sogʻlom aql bizning hayot tarzi va odatlarimizni belgilab berishi lozim.	order	/dɪkˈteɪt/	3455
dictator	B2	n.	diktator	The new policy pays special attention to dictator.	Yangi siyosat diktatorga alohida eʼtibor qaratadi.		/dɪkteɪ.tər/	3456
dignity	B2	n.	qadr-qimmat, gʻurur, obroʻ	Every human being deserves to live with freedom and dignity.	Har bir inson erkinlik va qadr-qimmat bilan yashashga loyiqdir.	self-respect	/ˈdɪɡnəti/	3457
dilemma	B2	n.	mushkul tanlov, dilemma	He faced an ethical dilemma between personal loyalty and professional duty.	U shaxsiy sadoqat va kasbiy burch oʻrtasidagi mushkul tanlovga duch keldi.	predicament	/dɪˈlemə/	3458
dip	B2	v.	botirmoq	Experts recommend how to dip effectively in this situation.	Mutaxassislar bunday vaziyatda qanday qilib samarali botirmoqni tavsiya qiladilar.		/dɪp/	3459
diplomat	B2	n.	diplomat	The new policy pays special attention to diplomat.	Yangi siyosat diplomatga alohida eʼtibor qaratadi.		/dɪp.lə.mæt/	3460
diplomatic	B2	adj.	diplomatik	The professor provided a diplomatic explanation of the concept.	Professor tushuncha boʻyicha diplomatik izoh berdi.		/dɪp.ləmæt.ɪk/	3461
disability	B2	n.	qila olmaslik	Understanding the role of disability is vital for long-term growth.	Uzoq muddatli oʻsish uchun qila olmaslikning rolini tushunish juda muhimdir.		/dɪs.əbɪl.ɪ.ti/	3462
disabled	B2	adj.	nogiron	We observed a disabled improvement in student performance.	Biz talabalar koʻrsatkichlarida nogiron oʻsishni kuzatdik.		/dɪseɪ.bl ̩d/	3463
disappoint	B2	v.	xafa qilmoq	We must disappoint carefully to achieve the desired outcome.	Kutilgan natijaga erishish uchun biz ehtiyotkorlik bilan xafa qilmoqimiz kerak.		/dɪs.əpɔɪnt/	3464
disappointment	B2	n.	ko'ngli qolish	Modern development creates valuable opportunities in disappointment.	Zamonaviy taraqqiyot ko'ngli qolish sohasida qimmatli imkoniyatlar yaratadi.		/dɪs.əpɔɪnt.mənt/	3465
disastrous	C1	n.	disastrous atamasi	Understanding the concept of disastrous is valuable in academic studies.	Ilmiy izlanishlarda disastrous atamasi tushunchasini chuqur anglash qadrlidir.		/disastrous/	3466
discard	B2	v.	tashlab yubormoq	Experts recommend how to discard effectively in this situation.	Mutaxassislar bunday vaziyatda qanday qilib samarali tashlab yubormoqni tavsiya qiladilar.		/dɪskɑ:d/	3467
discharge	B2	v.	ketishga ruxsat bermoq	We must discharge carefully to achieve the desired outcome.	Kutilgan natijaga erishish uchun biz ehtiyotkorlik bilan ketishga ruxsat bermoqimiz kerak.		/dɪstʃɑ:dʒ/	3468
disclose	B2	v.	oshkor qilmoq, fosh etmoq	The company is legally required to disclose its quarterly financial results.	Kompaniya choraklik moliyaviy natijalarini qonunan oshkor qilishi shart.	reveal	/dɪsˈkləʊz/	3469
disclosure	C1	n.	disk	Understanding the concept of disclosure is valuable in academic studies.	Ilmiy izlanishlarda disk tushunchasini chuqur anglash qadrlidir.		/dɪsk/	3470
discourage	B2	v.	ishonchni yo'qotmoq	Experts recommend how to discourage effectively in this situation.	Mutaxassislar bunday vaziyatda qanday qilib samarali ishonchni yo'qotmoqni tavsiya qiladilar.		/dɪskʌr.ɪdʒ/	3471
discourse	B2	n.	munozara, ilmiy nutq, muloqot	Academic discourse elevates the intellectual depth of university seminars.	Ilmiy muloqot va munozara universitet seminarlarining intellektual saviyasini koʻtaradi.	discussion	/ˈdɪskɔːs/	3472
discretion	B2	n.	ehtiyotkorlik	Modern development creates valuable opportunities in discretion.	Zamonaviy taraqqiyot ehtiyotkorlik sohasida qimmatli imkoniyatlar yaratadi.		/dɪskreʃ.ən/	3473
discrimination	B2	n.	kamsitilish	Understanding the role of discrimination is vital for long-term growth.	Uzoq muddatli oʻsish uchun kamsitilishning rolini tushunish juda muhimdir.		/dɪskrɪm.ɪneɪ.ʃən/	3474
dismissal	B2	n.	ishdan bo'shatish	The committee analyzed the impact of dismissal on society.	Qoʻmita ishdan bo'shatishning jamiyatga taʼsirini tahlil qildi.		/dɪsmɪs.əl/	3475
disorder	B2	n.	tartibsizlik	The new policy pays special attention to disorder.	Yangi siyosat tartibsizlikga alohida eʼtibor qaratadi.		/dɪsɔ:.dər/	3476
disposal	B2	n.	xalos bo'lish	Modern development creates valuable opportunities in disposal.	Zamonaviy taraqqiyot xalos bo'lish sohasida qimmatli imkoniyatlar yaratadi.		/dɪspəʊ.zəl/	3477
dispute	B2	n., v.	nizo, bahs; bahslashmoq	The two business partners settled their dispute through neutral arbitration.	Ikki hamkor oʻzaro nizoni xolis hakamlik sudi orqali hal qildilar.	conflict	/dɪˈspjuːt/	3478
disrupt	B2	v.	buzmoq, toʻxtatib qoʻymoq, izdan chiqarmoq	Bad weather threatened to disrupt international flight schedules.	Noqulay ob-havo xalqaro parvozlar jadvalini izdan chiqarish xavfini soldi.	interrupt	/dɪsˈrʌpt/	3479
disruption	C1	n.	buzmoq jarayoni; buzmoqish	Understanding the concept of disruption is valuable in academic studies.	Ilmiy izlanishlarda buzmoq jarayoni tushunchasini chuqur anglash qadrlidir.		/dɪsrʌpt/	3480
dissolve	B2	v.	eritmoq	The team worked together to dissolve the project requirements.	Jamoa loyiha talablarini eritmoq uchun birgalikda ishladi.		/dɪzɒlv/	3481
distant	B2	adj.	uzoq	They achieved a distant result after months of dedicated work.	Ular oylik mashaqqatli mehnatdan soʻng uzoq natijaga erishdilar.		/dɪs.tənt/	3482
distinction	B2	n.	farq	The committee analyzed the impact of distinction on society.	Qoʻmita farqning jamiyatga taʼsirini tahlil qildi.		/dɪstɪŋk.ʃən/	3483
distinctive	B2	adj.	oʻziga xos, ajralib turadigan	The ancient mosque features distinctive turquoise mosaic domes.	Qadimiy masjid oʻziga xos feruza gumbazlari bilan ajralib turadi.	characteristic	/dɪˈstɪŋktɪv/	3484
distract	B2	v.	chalg'itmoq	The team worked together to distract the project requirements.	Jamoa loyiha talablarini chalg'itmoq uchun birgalikda ishladi.		/dɪstrækt/	3485
distress	B2	n.	qayg'u	Understanding the role of distress is vital for long-term growth.	Uzoq muddatli oʻsish uchun qayg'uning rolini tushunish juda muhimdir.		/dɪstres/	3486
disturb	B2	v.	xalaqit qilmoq	Experts recommend how to disturb effectively in this situation.	Mutaxassislar bunday vaziyatda qanday qilib samarali xalaqit qilmoqni tavsiya qiladilar.		/dɪstɜ:b/	3487
disturbing	C1	n./adj.	xalaqit qilmoqayotgan; xalaqit qilmoqish	Understanding the concept of disturbing is valuable in academic studies.	Ilmiy izlanishlarda xalaqit qilmoqayotgan tushunchasini chuqur anglash qadrlidir.		/dɪstɜ:b/	3488
dive	B2	v.	kalla tashlamoq	The team worked together to dive the project requirements.	Jamoa loyiha talablarini kalla tashlamoq uchun birgalikda ishladi.		/daɪv/	3489
diversity	B2	n.	farq	Understanding the role of diversity is vital for long-term growth.	Uzoq muddatli oʻsish uchun farqning rolini tushunish juda muhimdir.		/daɪvɜ:.sɪ.ti/	3490
divert	B2	v.	chetga burmoq	Experts recommend how to divert effectively in this situation.	Mutaxassislar bunday vaziyatda qanday qilib samarali chetga burmoqni tavsiya qiladilar.		/daɪvɜ:t/	3491
divine	B2	adj.	ilohiy	It is essential to maintain a divine standard in research.	Tadqiqotda ilohiy meʼyorni saqlab qolish juda muhimdir.		/dɪvaɪn/	3492
doctrine	B2	n.	taʼlimot, doktrina, asosiy tamoyil	Military commanders reviewed the defense doctrine before the drills.	Harbiy qoʻmondonlar mashgʻulotlar oldidan mudofaa doktrinasini koʻrib chiqdilar.	dogma	/ˈdɒktrɪn/	3493
documentation	C1	n.	hujjat jarayoni; hujjatish	Understanding the concept of documentation is valuable in academic studies.	Ilmiy izlanishlarda hujjat jarayoni tushunchasini chuqur anglash qadrlidir.		/dɒk.jʊ.mənt/	3494
dominance	C1	n.	dominance atamasi	Understanding the concept of dominance is valuable in academic studies.	Ilmiy izlanishlarda dominance atamasi tushunchasini chuqur anglash qadrlidir.		/dominance/	3495
donation	B2	n.	tortiq	The new policy pays special attention to donation.	Yangi siyosat tortiqga alohida eʼtibor qaratadi.		/dəʊneɪ.ʃən/	3496
downtown	B2	adj.	shahar markazi	The professor provided a downtown explanation of the concept.	Professor tushuncha boʻyicha shahar markazi izoh berdi.		/daʊntaʊn/	3497
drain	B2	v.	qurimoq	You can drain new opportunities through daily practice.	Siz har kungi mashq orqali yangi imkoniyatlarni qurimoqingiz mumkin.		/dreɪn/	3498
drift	B2	v.	sekin yurmoq	Experts recommend how to drift effectively in this situation.	Mutaxassislar bunday vaziyatda qanday qilib samarali sekin yurmoqni tavsiya qiladilar.		/drɪft/	3499
driving	C1	n.	driving atamasi	Understanding the concept of driving is valuable in academic studies.	Ilmiy izlanishlarda driving atamasi tushunchasini chuqur anglash qadrlidir.		/driving/	3500
drought	B2	n.	qurg'oqchilik	Modern development creates valuable opportunities in drought.	Zamonaviy taraqqiyot qurg'oqchilik sohasida qimmatli imkoniyatlar yaratadi.		/draʊt/	3501
drown	B2	v.	cho'kib o'lmoq	You can drown new opportunities through daily practice.	Siz har kungi mashq orqali yangi imkoniyatlarni cho'kib o'lmoqingiz mumkin.		/draʊn/	3502
dual	B2	adj.	juft	We observed a dual improvement in student performance.	Biz talabalar koʻrsatkichlarida juft oʻsishni kuzatdik.		/dju:.əl/	3503
dub	B2	v.	nomlamoq	We must dub carefully to achieve the desired outcome.	Kutilgan natijaga erishish uchun biz ehtiyotkorlik bilan nomlamoqimiz kerak.		/dʌb/	3504
dull	B2	adj.	zerikarli	The professor provided a dull explanation of the concept.	Professor tushuncha boʻyicha zerikarli izoh berdi.		/dʌl/	3505
dumb	B2	adj.	soqov	They achieved a dumb result after months of dedicated work.	Ular oylik mashaqqatli mehnatdan soʻng soqov natijaga erishdilar.		/dʌm/	3506
dump	B2	v.	irg'itmoq	Experts recommend how to dump effectively in this situation.	Mutaxassislar bunday vaziyatda qanday qilib samarali irg'itmoqni tavsiya qiladilar.		/dʌmp/	3507
duo	C1	n.	duo atamasi	Understanding the concept of duo is valuable in academic studies.	Ilmiy izlanishlarda duo atamasi tushunchasini chuqur anglash qadrlidir.		/duo/	3508
ease	B2	v.	rohat	The team worked together to ease the project requirements.	Jamoa loyiha talablarini rohat uchun birgalikda ishladi.		/i:z/	3509
echo	B2	n.	aks-sado	Understanding the role of echo is vital for long-term growth.	Uzoq muddatli oʻsish uchun aks-sadoning rolini tushunish juda muhimdir.		ek.əʊ/	3510
ecological	C1	n.	ecological atamasi	Understanding the concept of ecological is valuable in academic studies.	Ilmiy izlanishlarda ecological atamasi tushunchasini chuqur anglash qadrlidir.		/ecological/	3511
economics	B2	n.	iqtisodiyot	The new policy pays special attention to economics.	Yangi siyosat iqtisodiyotga alohida eʼtibor qaratadi.		/i:.kənɒm.ɪks/	3512
economist	B2	n.	iqtisodchi	Modern development creates valuable opportunities in economist.	Zamonaviy taraqqiyot iqtisodchi sohasida qimmatli imkoniyatlar yaratadi.		/ɪkɒn.ə.mɪst/	3513
editorial	B2	n.	nashriyotga oid	Understanding the role of editorial is vital for long-term growth.	Uzoq muddatli oʻsish uchun nashriyotga oidning rolini tushunish juda muhimdir.		/ed.ɪtɔ.ri.əl/	3514
educator	C1	n.	educator atamasi	Understanding the concept of educator is valuable in academic studies.	Ilmiy izlanishlarda educator atamasi tushunchasini chuqur anglash qadrlidir.		/educator/	3515
effectiveness	C1	n.	tasirlilik, xususiyat	Understanding the concept of effectiveness is valuable in academic studies.	Ilmiy izlanishlarda tasirlilik tushunchasini chuqur anglash qadrlidir.		/ɪfek.tɪv/	3516
efficiency	B2	n.	samaradorlik	Modern development creates valuable opportunities in efficiency.	Zamonaviy taraqqiyot samaradorlik sohasida qimmatli imkoniyatlar yaratadi.		/ɪfɪʃ.ənt.si/	3517
ego	B2	n.	o'zini sevmoq	Understanding the role of ego is vital for long-term growth.	Uzoq muddatli oʻsish uchun o'zini sevmoqning rolini tushunish juda muhimdir.		/i:.gəʊ/	3518
elbow	B2	n.	tirsak	The committee analyzed the impact of elbow on society.	Qoʻmita tirsakning jamiyatga taʼsirini tahlil qildi.		/el.bəʊ/	3519
electronics	B2	n.	elektronika	The new policy pays special attention to electronics.	Yangi siyosat elektronikaga alohida eʼtibor qaratadi.		/ɪlektrɒn.ɪks/	3520
elevate	B2	v.	ko'tarmoq	The team worked together to elevate the project requirements.	Jamoa loyiha talablarini ko'tarmoq uchun birgalikda ishladi.		/el.ɪ.veɪt/	3521
elite	B2	n.	elita	Understanding the role of elite is vital for long-term growth.	Uzoq muddatli oʻsish uchun elitaning rolini tushunish juda muhimdir.		/ɪli:t/	3522
embark	C1	v.	boshlamoq, kirishmoq (yangi ishga)	Graduates are eager to embark on exciting professional careers.	Bitiruvchilar oʻzlarining hayajonli kasbiy yoʻllarini boshlashga intilmoqdalar.	begin	/ɪmˈbɑːk/	3523
embarrassment	C1	n.	tashvishga solmoqlik, xususiyat	Understanding the concept of embarrassment is valuable in academic studies.	Ilmiy izlanishlarda tashvishga solmoqlik tushunchasini chuqur anglash qadrlidir.		/ɪmbær.əs/	3524
embassy	B2	n.	elchixona	Modern development creates valuable opportunities in embassy.	Zamonaviy taraqqiyot elchixona sohasida qimmatli imkoniyatlar yaratadi.		/em.bə.si/	3525
embed	B2	v.	joylashtirmoq	You can embed new opportunities through daily practice.	Siz har kungi mashq orqali yangi imkoniyatlarni joylashtirmoqingiz mumkin.		/ɪmbed/	3526
embody	C1	v.	oʻzida mujassam etmoq, gavdalantirmoq	Her leadership style embodies compassion, focus, and unwavering integrity.	Uning yetakchilik uslubi mehr-shafqat, diqqat va mustahkam halollikni oʻzida mujassam etadi.	personify	/ɪmˈbɒdi/	3527
embrace	B2	v.	qabul qilmoq	We must embrace carefully to achieve the desired outcome.	Kutilgan natijaga erishish uchun biz ehtiyotkorlik bilan qabul qilmoqimiz kerak.		/ɪmbreɪs/	3528
emergence	B2	n.	paydo bo'lish	Modern development creates valuable opportunities in emergence.	Zamonaviy taraqqiyot paydo bo'lish sohasida qimmatli imkoniyatlar yaratadi.		/ɪmɜ:.dʒənts/	3529
emission	B2	n.	energiya jo'natish	Understanding the role of emission is vital for long-term growth.	Uzoq muddatli oʻsish uchun energiya jo'natishning rolini tushunish juda muhimdir.		/ɪmɪʃ.ən/	3530
emotionally	C1	adv.	hayajonli tarzda, hayajonlian	Understanding the concept of emotionally is valuable in academic studies.	Ilmiy izlanishlarda hayajonli tarzda tushunchasini chuqur anglash qadrlidir.		/ɪməʊ.ʃən.əl/	3531
empire	B2	n.	imperiya	The new policy pays special attention to empire.	Yangi siyosat imperiyaga alohida eʼtibor qaratadi.		/em.paɪər/	3532
empower	B2	v.	vakolat bermoq	The team worked together to empower the project requirements.	Jamoa loyiha talablarini vakolat bermoq uchun birgalikda ishladi.		/ɪmpaʊər/	3533
enact	C1	v.	qonun sifatida qabul qilmoq, kuchga kiritmoq	The legislature met to enact fresh workplace safety laws.	Qonun chiqaruvchi organ mehnat xavfsizligining yangi qoidalarini kuchga kiritish uchun yigʻildi.	legislate	/ɪnˈækt/	3534
encompass	C1	v.	qamrab olmoq, oʻz ichiga olmoq	The modern syllabus encompasses both theoretical and practical modules.	Zamonaviy oʻquv dasturi ham nazariy, ham amaliy fanlarni toʻliq qamrab oladi.	include	/ɪnˈkʌmpəs/	3535
encouragement	B2	n.	ruhlantirish	The new policy pays special attention to encouragement.	Yangi siyosat ruhlantirishga alohida eʼtibor qaratadi.		/ɪnkʌr.ɪdʒ.mənt/	3536
encouraging	C1	n.	encouraging atamasi	Understanding the concept of encouraging is valuable in academic studies.	Ilmiy izlanishlarda encouraging atamasi tushunchasini chuqur anglash qadrlidir.		/encouraging/	3537
endeavour	C1	n., v.	saʼy-harakat, intilish; intilmoq	We wish you the greatest success in your scientific endeavour.	Sizga ilmiy intilishlaringizda ulkan muvaffaqiyatlar tilaymiz.	effort	/ɪnˈdevər/	3538
endorse	C1	v.	maʼqullamoq, qoʻllab-quvvatlamoq	Top medical specialists officially endorsed the new treatment method.	Yetakchi tibbiyot mutaxassislari yangi davolash usulini rasman maʼqulladilar.	support	/ɪnˈdɔːs/	3539
endorsement	C1	n.	tasdiqlamoqlik, xususiyat	Understanding the concept of endorsement is valuable in academic studies.	Ilmiy izlanishlarda tasdiqlamoqlik tushunchasini chuqur anglash qadrlidir.		/ɪndɔ:s/	3540
endure	C1	v.	bardosh bermoq, chidamoq	Marathon runners train their minds to endure intense physical strain.	Marafon yuguruvchilari ogʻir jismoniy yuklamalarga chidash uchun oʻz irodalarini chiniqtiradilar.	withstand	/ɪnˈdjʊər/	3541
enforce	C1	v.	majburiy qilmoq, ijrosini taʼminlamoq	Police officers work diligently to enforce road traffic rules.	Ichki ishlar xodimlari yoʻl harakati qoidalarining bajarilishini qatʼiy taʼminlaydilar.	implement	/ɪnˈfɔːs/	3542
enforcement	C1	n.	majbur qilmoqlik, xususiyat	Understanding the concept of enforcement is valuable in academic studies.	Ilmiy izlanishlarda majbur qilmoqlik tushunchasini chuqur anglash qadrlidir.		/ɪnfɔ:s/	3543
engaging	C1	n.	engaging atamasi	Understanding the concept of engaging is valuable in academic studies.	Ilmiy izlanishlarda engaging atamasi tushunchasini chuqur anglash qadrlidir.		/engaging/	3544
enjoyable	B2	adj.	yoqimli	The professor provided a enjoyable explanation of the concept.	Professor tushuncha boʻyicha yoqimli izoh berdi.		/ɪndʒɔɪ.ə.bl ̩/	3545
enquire	B2	v.	surishtirmoq	You can enquire new opportunities through daily practice.	Siz har kungi mashq orqali yangi imkoniyatlarni surishtirmoqingiz mumkin.		/ɪnkwaɪər/	3546
enrich	B2	v.	boyitmoq	Experts recommend how to enrich effectively in this situation.	Mutaxassislar bunday vaziyatda qanday qilib samarali boyitmoqni tavsiya qiladilar.		/ɪnrɪtʃ/	3547
enrol	B2	v.	ro'yxatga yozilmoq	We must enrol carefully to achieve the desired outcome.	Kutilgan natijaga erishish uchun biz ehtiyotkorlik bilan ro'yxatga yozilmoqimiz kerak.		/ɪnrəʊl/	3548
ensue	B2	v.	ergashmoq	The team worked together to ensue the project requirements.	Jamoa loyiha talablarini ergashmoq uchun birgalikda ishladi.		/ɪnsju:/	3549
enterprise	B2	n.	korxona	Understanding the role of enterprise is vital for long-term growth.	Uzoq muddatli oʻsish uchun korxonaning rolini tushunish juda muhimdir.		/en.tə.praɪz/	3550
entertaining	C1	n./adj.	ko'nglini olmoqayotgan; ko'nglini olmoqish	Understanding the concept of entertaining is valuable in academic studies.	Ilmiy izlanishlarda ko'nglini olmoqayotgan tushunchasini chuqur anglash qadrlidir.		/en.təteɪn/	3551
enthusiast	C1	n.	enthusiast atamasi	Understanding the concept of enthusiast is valuable in academic studies.	Ilmiy izlanishlarda enthusiast atamasi tushunchasini chuqur anglash qadrlidir.		/enthusiast/	3552
entitle	B2	v.	sarlavha	The team worked together to entitle the project requirements.	Jamoa loyiha talablarini sarlavha uchun birgalikda ishladi.		/ɪntaɪ.tl ̩/	3553
entity	B2	n.	borliq	Understanding the role of entity is vital for long-term growth.	Uzoq muddatli oʻsish uchun borliqning rolini tushunish juda muhimdir.		/en.tɪ.ti/	3554
entrepreneur	B2	n.	tadbirkor	The committee analyzed the impact of entrepreneur on society.	Qoʻmita tadbirkorning jamiyatga taʼsirini tahlil qildi.		/ɒn.trə.prənɜ:r/	3555
envelope	B2	n.	konvert	The new policy pays special attention to envelope.	Yangi siyosat konvertga alohida eʼtibor qaratadi.		/en.və.ləʊp/	3556
epidemic	C1	n.	epidemiya, keng tarqalgan yuqumli kasallik	Vaccination campaigns prevented the rapid spread of the epidemic.	Vaksinatsiya tadbirlari epidemiyaning tez tarqalishining oldini oldi.	outbreak	/ˌepɪˈdemɪk/	3557
equality	B2	n.	tenglik	Understanding the role of equality is vital for long-term growth.	Uzoq muddatli oʻsish uchun tenglikning rolini tushunish juda muhimdir.		/ɪkwɒl.ɪ.ti/	3558
equation	B2	n.	tenglama	The committee analyzed the impact of equation on society.	Qoʻmita tenglamaning jamiyatga taʼsirini tahlil qildi.		/ɪkweɪ.ʒən/	3559
equip	B2	v.	taminlamoq	We must equip carefully to achieve the desired outcome.	Kutilgan natijaga erishish uchun biz ehtiyotkorlik bilan taminlamoqimiz kerak.		/ɪkwɪp/	3560
erect	B2	v.	qurmoq	The team worked together to erect the project requirements.	Jamoa loyiha talablarini qurmoq uchun birgalikda ishladi.		/ɪrekt/	3561
erupt	B2	v.	vulqon otilishi	You can erupt new opportunities through daily practice.	Siz har kungi mashq orqali yangi imkoniyatlarni vulqon otilishiingiz mumkin.		/ɪrʌpt/	3562
escalate	C1	v.	kuchaymoq, keskinlashmoq (mojaro)	Both governments urged calm to avoid escalating the border dispute.	Har ikki hukumat chegara mojarosi kuchayib ketishining oldini olish uchun xotirjamlikka chaqirdi.	intensify	/ˈeskəleɪt/	3563
essence	C1	n.	mohiyat, asl maʼno, asos	Compassion and discipline are the true essence of noble leadership.	Mehr-shafqat va intizom olijanob yetakchilikning asl mohiyatidir.	core	/ˈesns/	3564
eternal	B2	adj.	abadiy	The professor provided a eternal explanation of the concept.	Professor tushuncha boʻyicha abadiy izoh berdi.		/ɪtɜ:.nəl/	3565
ethic	B2	n.	axloq tizimi	Understanding the role of ethic is vital for long-term growth.	Uzoq muddatli oʻsish uchun axloq tizimining rolini tushunish juda muhimdir.		/eθ.ɪk/	3566
ethnic	B2	adj.	etnik	We observed a ethnic improvement in student performance.	Biz talabalar koʻrsatkichlarida etnik oʻsishni kuzatdik.		/eθ.nɪk/	3567
evacuate	B2	v.	evakuatsiya qilmoq	We must evacuate carefully to achieve the desired outcome.	Kutilgan natijaga erishish uchun biz ehtiyotkorlik bilan evakuatsiya qilmoqimiz kerak.		/ɪvæk.ju.eɪt/	3568
evaluation	C1	n.	evaluation atamasi	Understanding the concept of evaluation is valuable in academic studies.	Ilmiy izlanishlarda evaluation atamasi tushunchasini chuqur anglash qadrlidir.		/evaluation/	3569
evoke	C1	v.	uygʻotmoq, esga solmoq (xotirani)	The melody evokes fond memories of warm childhood summers.	Ushbu kuy bolalikdagi issiq va baxtli yoz kunlarining xotiralarini uygʻotadi.	arouse	/ɪˈvəʊk/	3570
evolution	B2	n.	evolutsiya	The committee analyzed the impact of evolution on society.	Qoʻmita evolutsiyaning jamiyatga taʼsirini tahlil qildi.		/i.vəlu.ʃən/	3571
evolutionary	C1	n.	evolutsiya	Understanding the concept of evolutionary is valuable in academic studies.	Ilmiy izlanishlarda evolutsiya tushunchasini chuqur anglash qadrlidir.		/i.vəlu.ʃən/	3572
evolve	B2	v.	rivojlantirmoq	The team worked together to evolve the project requirements.	Jamoa loyiha talablarini rivojlantirmoq uchun birgalikda ishladi.		/ɪvɒlv/	3573
exaggerate	B2	v.	oshirib gapirmoq	You can exaggerate new opportunities through daily practice.	Siz har kungi mashq orqali yangi imkoniyatlarni oshirib gapirmoqingiz mumkin.		/ɪgzædʒ.ə.reɪt/	3574
excellence	C1	n.	ortiq bo'lmoq	Understanding the concept of excellence is valuable in academic studies.	Ilmiy izlanishlarda ortiq bo'lmoq tushunchasini chuqur anglash qadrlidir.		/ɪksel/	3575
excess	B2	n.	ortiq	The new policy pays special attention to excess.	Yangi siyosat ortiqga alohida eʼtibor qaratadi.		/ekses/	3576
exclusion	B2	n.	chiqarib tashlash	Modern development creates valuable opportunities in exclusion.	Zamonaviy taraqqiyot chiqarib tashlash sohasida qimmatli imkoniyatlar yaratadi.		/ɪksklu.ʒən/	3577
execution	B2	n.	ijro	Understanding the role of execution is vital for long-term growth.	Uzoq muddatli oʻsish uchun ijroning rolini tushunish juda muhimdir.		/ek.sɪkju:.ʃən/	3578
exert	C1	v.	ishga solmoq, sarflamoq (kuchni)	You must exert full mental effort to master advanced English concepts.	Ilgʻor ingliz tili tushunchalarini oʻzlashtirish uchun butun aqliy kuchingizni ishga solishingiz kerak.	apply	/ɪɡˈzɜːt/	3579
exhibit	B2	v.	ko'rgazmaga qo'ymoq	We must exhibit carefully to achieve the desired outcome.	Kutilgan natijaga erishish uchun biz ehtiyotkorlik bilan ko'rgazmaga qo'ymoqimiz kerak.		/ɪgzɪb.ɪt/	3580
exile	C1	n., v.	surgun; quvgʻin qilmoq	The poet spent decades in foreign exile, writing nostalgic verses.	Shoir oʻnlab yillarini xorijiy surgunda sogʻinchli sheʼrlar yozib oʻtkazdi.	banishment	/ˈekzaɪl/	3581
expenditure	B2	n.	xarajat	Understanding the role of expenditure is vital for long-term growth.	Uzoq muddatli oʻsish uchun xarajatning rolini tushunish juda muhimdir.		/ɪkspen.dɪ.tʃər/	3582
expertise	B2	n.	ekspertiza	The committee analyzed the impact of expertise on society.	Qoʻmita ekspertizaning jamiyatga taʼsirini tahlil qildi.		/ek.spɜ:ti:z/	3583
expire	B2	v.	tugamoq	We must expire carefully to achieve the desired outcome.	Kutilgan natijaga erishish uchun biz ehtiyotkorlik bilan tugamoqimiz kerak.		/ɪkspaɪər/	3584
exploit	C1	v., n.	foydalanmoq, ekspluatatsiya qilmoq; jasorat	Smart companies ethically exploit new technology to improve life.	Aqlli kompaniyalar hayotni yaxshilash uchun yangi texnologiyalardan unumli foydalanadilar.	utilize	/ɪkˈsplɔɪt/	3585
exploitation	C1	n.	ishlatmoq jarayoni; ishlatmoqish	Understanding the concept of exploitation is valuable in academic studies.	Ilmiy izlanishlarda ishlatmoq jarayoni tushunchasini chuqur anglash qadrlidir.		/ɪksplɔɪt/	3586
explosive	B2	adj.	portlovchi	We observed a explosive improvement in student performance.	Biz talabalar koʻrsatkichlarida portlovchi oʻsishni kuzatdik.		/ɪkspləʊ.sɪv/	3587
exposure	B2	n.	fosh qilish	The new policy pays special attention to exposure.	Yangi siyosat fosh qilishga alohida eʼtibor qaratadi.		/ɪkspəʊ.ʒər/	3588
extract	B2	v.	olib tashlamoq	The team worked together to extract the project requirements.	Jamoa loyiha talablarini olib tashlamoq uchun birgalikda ishladi.		/ɪkstrækt/	3589
extremist	C1	n.	extremist atamasi	Understanding the concept of extremist is valuable in academic studies.	Ilmiy izlanishlarda extremist atamasi tushunchasini chuqur anglash qadrlidir.		/extremist/	3590
fabric	B2	n.	mato	The committee analyzed the impact of fabric on society.	Qoʻmita matoning jamiyatga taʼsirini tahlil qildi.		/fæb.rɪk/	3591
fabulous	B2	adj.	ajoyib	It is essential to maintain a fabulous standard in research.	Tadqiqotda ajoyib meʼyorni saqlab qolish juda muhimdir.		/fæb.jʊ.ləs/	3592
faction	C1	n.	fraksiya, guruh, boʻlinma	The ruling political party split into two opposing factions.	Hukmron siyosiy partiya ikkita qarama-qarshi guruhga boʻlinib ketdi.	clique	/ˈfækʃn/	3593
faculty	B2	n.	fakultet	Understanding the role of faculty is vital for long-term growth.	Uzoq muddatli oʻsish uchun fakultetning rolini tushunish juda muhimdir.		/fæk.əl.ti/	3594
fade	B2	v.	so'limoq	Experts recommend how to fade effectively in this situation.	Mutaxassislar bunday vaziyatda qanday qilib samarali so'limoqni tavsiya qiladilar.		/feɪd/	3595
fairness	C1	n.	adolatlilik, xususiyat	Understanding the concept of fairness is valuable in academic studies.	Ilmiy izlanishlarda adolatlilik tushunchasini chuqur anglash qadrlidir.		/feər/	3596
fake	B2	adj.	soxta	The professor provided a fake explanation of the concept.	Professor tushuncha boʻyicha soxta izoh berdi.		/feɪk/	3597
fame	B2	n.	mashhurlik	Understanding the role of fame is vital for long-term growth.	Uzoq muddatli oʻsish uchun mashhurlikning rolini tushunish juda muhimdir.		/feɪm/	3598
fantasy	B2	n.	fantaziya	The committee analyzed the impact of fantasy on society.	Qoʻmita fantaziyaning jamiyatga taʼsirini tahlil qildi.		/fæn.tə.si/	3599
fare	C1	n.	yo'l haqi	The new policy pays special attention to fare.	Yangi siyosat yo'l haqiga alohida eʼtibor qaratadi.		/feər/	3600
fatal	C1	adj.	halokatli	The professor provided a fatal explanation of the concept.	Professor tushuncha boʻyicha halokatli izoh berdi.		/feɪ.təl/	3601
fate	C1	n.	taqdir	Understanding the role of fate is vital for long-term growth.	Uzoq muddatli oʻsish uchun taqdirning rolini tushunish juda muhimdir.		/feɪt/	3602
favourable	C1	adj.	maqbul	We observed a favourable improvement in student performance.	Biz talabalar koʻrsatkichlarida maqbul oʻsishni kuzatdik.		/feɪ.vər.ə.bl/	3603
feat	C1	n.	jasorat	The new policy pays special attention to feat.	Yangi siyosat jasoratga alohida eʼtibor qaratadi.		/fi:t/	3604
federal	C1	adj.	federal	The professor provided a federal explanation of the concept.	Professor tushuncha boʻyicha federal izoh berdi.		/fed.ər.əl/	3605
feminist	C1	n.	feminist	Understanding the role of feminist is vital for long-term growth.	Uzoq muddatli oʻsish uchun feministning rolini tushunish juda muhimdir.		/fem.ɪ.nɪst/	3606
fever	C1	n.	isitma	The committee analyzed the impact of fever on society.	Qoʻmita isitmaning jamiyatga taʼsirini tahlil qildi.		/fi:.vər/	3607
fibre	C1	n.	tola	The new policy pays special attention to fibre.	Yangi siyosat tolaga alohida eʼtibor qaratadi.		/faɪ.bər/	3608
fierce	C1	adj.	yovuz	The professor provided a fierce explanation of the concept.	Professor tushuncha boʻyicha yovuz izoh berdi.		/fɪəs/	3609
film-maker	C1	n.	film	Understanding the concept of film-maker is valuable in academic studies.	Ilmiy izlanishlarda film tushunchasini chuqur anglash qadrlidir.		/fɪlm/	3610
filter	C1	n.	filtr	The committee analyzed the impact of filter on society.	Qoʻmita filtrning jamiyatga taʼsirini tahlil qildi.		/fɪl.tər/	3611
fine	C1	adj.	yaxshi	It is essential to maintain a fine standard in research.	Tadqiqotda yaxshi meʼyorni saqlab qolish juda muhimdir.		/faɪn/	3612
firearm	C1	n.	olov	Understanding the concept of firearm is valuable in academic studies.	Ilmiy izlanishlarda olov tushunchasini chuqur anglash qadrlidir.		/faɪər/	3613
firefighter	C1	n.	olov	Understanding the concept of firefighter is valuable in academic studies.	Ilmiy izlanishlarda olov tushunchasini chuqur anglash qadrlidir.		/faɪər/	3614
firework	C1	n.	mushak	The committee analyzed the impact of firework on society.	Qoʻmita mushakning jamiyatga taʼsirini tahlil qildi.		/faɪə.wɜ:k/	3615
firm	C1	adj.	pishiq	It is essential to maintain a firm standard in research.	Tadqiqotda pishiq meʼyorni saqlab qolish juda muhimdir.		/fɜ:m/	3616
fixture	C1	n.	ko'chmas jihoz	Modern development creates valuable opportunities in fixture.	Zamonaviy taraqqiyot ko'chmas jihoz sohasida qimmatli imkoniyatlar yaratadi.		/fɪks.tʃər/	3617
flavour	C1	n.	maza	Understanding the role of flavour is vital for long-term growth.	Uzoq muddatli oʻsish uchun mazaning rolini tushunish juda muhimdir.		/fleɪ.vər/	3618
flaw	C1	n.	ayb	The committee analyzed the impact of flaw on society.	Qoʻmita aybning jamiyatga taʼsirini tahlil qildi.		/flɔ:/	3619
flawed	C1	n.	ayb	Understanding the concept of flawed is valuable in academic studies.	Ilmiy izlanishlarda ayb tushunchasini chuqur anglash qadrlidir.		/flɔ:/	3620
flee	C1	v.	qochmoq	The team worked together to flee the project requirements.	Jamoa loyiha talablarini qochmoq uchun birgalikda ishladi.		/fli:/	3621
flesh	C1	n.	go'sht	Understanding the role of flesh is vital for long-term growth.	Uzoq muddatli oʻsish uchun go'shtning rolini tushunish juda muhimdir.		/fleʃ/	3622
flexibility	C1	n.	egmoqlik, xususiyat	Understanding the concept of flexibility is valuable in academic studies.	Ilmiy izlanishlarda egmoqlik tushunchasini chuqur anglash qadrlidir.		/fleks/	3623
flourish	C1	v.	gullab-yashnamoq, ravnaq topmoq	Arts and trade flourish in peaceful and stable environments.	Tinch va barqaror jamiyatda sanʼat va savdo-sotiq gullab-yashnaydi.	thrive	/ˈflʌrɪʃ/	3624
fluid	C1	n.	suyuqlik	Modern development creates valuable opportunities in fluid.	Zamonaviy taraqqiyot suyuqlik sohasida qimmatli imkoniyatlar yaratadi.		/flu:.ɪd/	3625
fond	C1	adj.	mehribon	They achieved a fond result after months of dedicated work.	Ular oylik mashaqqatli mehnatdan soʻng mehribon natijaga erishdilar.		/fɒnd/	3626
fool	C1	n.	ahmoq	The committee analyzed the impact of fool on society.	Qoʻmita ahmoqning jamiyatga taʼsirini tahlil qildi.		/fu:l/	3627
footage	C1	n.	oyoq	Understanding the concept of footage is valuable in academic studies.	Ilmiy izlanishlarda oyoq tushunchasini chuqur anglash qadrlidir.		/fʊt/	3628
forecast	C1	v.	taxmin qilmoq	The team worked together to forecast the project requirements.	Jamoa loyiha talablarini taxmin qilmoq uchun birgalikda ishladi.		/fɔ.kɑst/	3629
foreigner	C1	n.	chet ellik	Understanding the role of foreigner is vital for long-term growth.	Uzoq muddatli oʻsish uchun chet ellikning rolini tushunish juda muhimdir.		/fɒr.ə.nər/	3630
forge	C1	n.	temirchilik	The committee analyzed the impact of forge on society.	Qoʻmita temirchilikning jamiyatga taʼsirini tahlil qildi.		/fɔ:dʒ/	3631
formation	C1	n.	shakllanish	The new policy pays special attention to formation.	Yangi siyosat shakllanishga alohida eʼtibor qaratadi.		/fɔ:meɪ.ʃən/	3632
formulate	C1	v.	tariflab bermoq	The team worked together to formulate the project requirements.	Jamoa loyiha talablarini tariflab bermoq uchun birgalikda ishladi.		/fɔ:.mjʊ.leɪt/	3633
forth	C1	adv.	oldinga	You can forth new opportunities through daily practice.	Siz har kungi mashq orqali yangi imkoniyatlarni oldingaingiz mumkin.		/fɔ:θ/	3634
forthcoming	C1	adj.	kelajakda	We observed a forthcoming improvement in student performance.	Biz talabalar koʻrsatkichlarida kelajakda oʻsishni kuzatdik.		/fɔ:θkʌm.ɪŋ/	3635
fortunate	C1	adj.	omadli	It is essential to maintain a fortunate standard in research.	Tadqiqotda omadli meʼyorni saqlab qolish juda muhimdir.		/fɔ:.tʃən.ət/	3636
forum	C1	n.	forum	Modern development creates valuable opportunities in forum.	Zamonaviy taraqqiyot forum sohasida qimmatli imkoniyatlar yaratadi.		/fɔ:.rəm/	3637
fossil	C1	n.	toshga aylanish	Understanding the role of fossil is vital for long-term growth.	Uzoq muddatli oʻsish uchun toshga aylanishning rolini tushunish juda muhimdir.		/fɒs.əl/	3638
foundation	C1	n.	tashkil topish	The committee analyzed the impact of foundation on society.	Qoʻmita tashkil topishning jamiyatga taʼsirini tahlil qildi.		/faʊndeɪ.ʃən/	3639
fraction	C1	n.	bo'lak	The new policy pays special attention to fraction.	Yangi siyosat bo'lakga alohida eʼtibor qaratadi.		/fræk.ʃən/	3640
fragile	C1	adj.	nozik	The professor provided a fragile explanation of the concept.	Professor tushuncha boʻyicha nozik izoh berdi.		/frædʒ.aɪl/	3641
fragment	C1	n.	qism	Understanding the role of fragment is vital for long-term growth.	Uzoq muddatli oʻsish uchun qismning rolini tushunish juda muhimdir.		/fræg.mənt/	3642
framework	C1	n.	struktura	The committee analyzed the impact of framework on society.	Qoʻmita strukturaning jamiyatga taʼsirini tahlil qildi.		/freɪm.wɜ:k/	3643
franchise	C1	n.	ovoz berish huquqi	The new policy pays special attention to franchise.	Yangi siyosat ovoz berish huquqiga alohida eʼtibor qaratadi.		/fræn.tʃaɪz/	3644
fraud	C1	n.	firibgarlik	Modern development creates valuable opportunities in fraud.	Zamonaviy taraqqiyot firibgarlik sohasida qimmatli imkoniyatlar yaratadi.		/frɔ:d/	3645
frequent	C1	adj.	tez-tez  takrorlanadigan	They achieved a frequent result after months of dedicated work.	Ular oylik mashaqqatli mehnatdan soʻng tez-tez  takrorlanadigan natijaga erishdilar.		/fri:.kwənt/	3646
frustrated	C1	n.	barbod qilmoq	Understanding the concept of frustrated is valuable in academic studies.	Ilmiy izlanishlarda barbod qilmoq tushunchasini chuqur anglash qadrlidir.		/frʌstreɪt/	3647
frustrating	C1	n.	frustrating atamasi	Understanding the concept of frustrating is valuable in academic studies.	Ilmiy izlanishlarda frustrating atamasi tushunchasini chuqur anglash qadrlidir.		/frustrating/	3648
frustration	C1	n.	ko'ngil sovishi	Modern development creates valuable opportunities in frustration.	Zamonaviy taraqqiyot ko'ngil sovishi sohasida qimmatli imkoniyatlar yaratadi.		/frʌstreɪ.ʃən/	3649
fulfil	C1	v.	bajarmoq	You can fulfil new opportunities through daily practice.	Siz har kungi mashq orqali yangi imkoniyatlarni bajarmoqingiz mumkin.		/fʊlfɪl/	3650
full-time	C1	adj.	to'liq	We observed a full-time improvement in student performance.	Biz talabalar koʻrsatkichlarida to'liq oʻsishni kuzatdik.		/fʊltaɪm/	3651
functional	C1	n.	vazifa	Understanding the concept of functional is valuable in academic studies.	Ilmiy izlanishlarda vazifa tushunchasini chuqur anglash qadrlidir.		/fʌŋk.ʃən/	3652
fundraising	C1	n./adj.	fondayotgan; fondish	Understanding the concept of fundraising is valuable in academic studies.	Ilmiy izlanishlarda fondayotgan tushunchasini chuqur anglash qadrlidir.		/fʌnd/	3653
funeral	C1	n.	dafn marosimi	Understanding the role of funeral is vital for long-term growth.	Uzoq muddatli oʻsish uchun dafn marosimining rolini tushunish juda muhimdir.		/fju:.nər.əl/	3654
furious	C1	adj.	qahrli	We observed a furious improvement in student performance.	Biz talabalar koʻrsatkichlarida qahrli oʻsishni kuzatdik.		/fjʊə.ri.əs/	3655
gallon	C1	n.	gallon	The new policy pays special attention to gallon.	Yangi siyosat gallonga alohida eʼtibor qaratadi.		/gæl.ən/	3656
gambling	C1	n.	gambling atamasi	Understanding the concept of gambling is valuable in academic studies.	Ilmiy izlanishlarda gambling atamasi tushunchasini chuqur anglash qadrlidir.		/gambling/	3657
gaming	C1	n.	gaming atamasi	Understanding the concept of gaming is valuable in academic studies.	Ilmiy izlanishlarda gaming atamasi tushunchasini chuqur anglash qadrlidir.		/gaming/	3658
gay	C1	adj.	gey	We observed a gay improvement in student performance.	Biz talabalar koʻrsatkichlarida gey oʻsishni kuzatdik.		/geɪ/	3659
gaze	C1	v.	tikilib qaramoq	We must gaze carefully to achieve the desired outcome.	Kutilgan natijaga erishish uchun biz ehtiyotkorlik bilan tikilib qaramoqimiz kerak.		/geɪz/	3660
gear	C1	n.	mexanizm	Modern development creates valuable opportunities in gear.	Zamonaviy taraqqiyot mexanizm sohasida qimmatli imkoniyatlar yaratadi.		/gɪər/	3661
gender	C1	n.	jins	Understanding the role of gender is vital for long-term growth.	Uzoq muddatli oʻsish uchun jinsning rolini tushunish juda muhimdir.		/dʒen.dər/	3662
gene	C1	n.	gen	The committee analyzed the impact of gene on society.	Qoʻmita genning jamiyatga taʼsirini tahlil qildi.		/dʒi:n/	3663
generic	C1	n.	gen	Understanding the concept of generic is valuable in academic studies.	Ilmiy izlanishlarda gen tushunchasini chuqur anglash qadrlidir.		/dʒi:n/	3664
genetic	C1	adj.	irsiy	The professor provided a genetic explanation of the concept.	Professor tushuncha boʻyicha irsiy izoh berdi.		/dʒənet.ɪk/	3665
genius	C1	n.	daho	Understanding the role of genius is vital for long-term growth.	Uzoq muddatli oʻsish uchun dahoning rolini tushunish juda muhimdir.		/dʒi:.ni.əs/	3666
genocide	C1	n.	genosid	The committee analyzed the impact of genocide on society.	Qoʻmita genosidning jamiyatga taʼsirini tahlil qildi.		/dʒen.ə.saɪd/	3667
genuine	C1	adj.	haqiqiy, samimiy, asl	True friendships are built on genuine mutual trust and honesty.	Haqiqiy doʻstlik samimiy ishonch va halollik ustiga quriladi.	authentic	/ˈdʒenjuɪn/	3668
gesture	C1	n.	imo-ishora	Modern development creates valuable opportunities in gesture.	Zamonaviy taraqqiyot imo-ishora sohasida qimmatli imkoniyatlar yaratadi.		/dʒes.tʃər/	3669
gig	C1	n.	gig atamasi	Understanding the concept of gig is valuable in academic studies.	Ilmiy izlanishlarda gig atamasi tushunchasini chuqur anglash qadrlidir.		/gig/	3670
glimpse	C1	v.	ko'z tashlamoq	Experts recommend how to glimpse effectively in this situation.	Mutaxassislar bunday vaziyatda qanday qilib samarali ko'z tashlamoqni tavsiya qiladilar.		/glɪmps/	3671
globalization	C1	n.	dunyoviy jarayoni; dunyoviyish	Understanding the concept of globalization is valuable in academic studies.	Ilmiy izlanishlarda dunyoviy jarayoni tushunchasini chuqur anglash qadrlidir.		/gləʊ.bəl/	3672
globe	C1	n.	yer shari	Modern development creates valuable opportunities in globe.	Zamonaviy taraqqiyot yer shari sohasida qimmatli imkoniyatlar yaratadi.		/gləʊb/	3673
glorious	C1	adj.	sharafli	They achieved a glorious result after months of dedicated work.	Ular oylik mashaqqatli mehnatdan soʻng sharafli natijaga erishdilar.		/glɔ:.ri.əs/	3674
glory	C1	n.	sharaf	The committee analyzed the impact of glory on society.	Qoʻmita sharafning jamiyatga taʼsirini tahlil qildi.		/glɔ:.ri/	3675
goodness	C1	n.	yaxshilik	The new policy pays special attention to goodness.	Yangi siyosat yaxshilikga alohida eʼtibor qaratadi.		/gʊd.nəs/	3676
gorgeous	C1	adj.	juda go'zal	The professor provided a gorgeous explanation of the concept.	Professor tushuncha boʻyicha juda go'zal izoh berdi.		/gɔ:.dʒəs/	3677
grace	C1	n.	nazokat	Understanding the role of grace is vital for long-term growth.	Uzoq muddatli oʻsish uchun nazokatning rolini tushunish juda muhimdir.		/greɪs/	3678
graphic	C1	adj.	ravshan	We observed a graphic improvement in student performance.	Biz talabalar koʻrsatkichlarida ravshan oʻsishni kuzatdik.		/græf.ɪk/	3679
graphics	C1	n.	ravshan	Understanding the concept of graphics is valuable in academic studies.	Ilmiy izlanishlarda ravshan tushunchasini chuqur anglash qadrlidir.		/græf.ɪk/	3680
grasp	C1	v.	tutib olmoq	The team worked together to grasp the project requirements.	Jamoa loyiha talablarini tutib olmoq uchun birgalikda ishladi.		/grɑ:sp/	3681
grave	C1	n.	qabr	Understanding the role of grave is vital for long-term growth.	Uzoq muddatli oʻsish uchun qabrning rolini tushunish juda muhimdir.		/greɪv/	3682
gravity	C1	n.	tortishish kuchi	The committee analyzed the impact of gravity on society.	Qoʻmita tortishish kuchining jamiyatga taʼsirini tahlil qildi.		/græv.ɪ.ti/	3683
greenhouse	C1	n.	issiqxona	The new policy pays special attention to greenhouse.	Yangi siyosat issiqxonaga alohida eʼtibor qaratadi.		/gri:n.haʊs/	3684
grid	C1	n.	panjara	Modern development creates valuable opportunities in grid.	Zamonaviy taraqqiyot panjara sohasida qimmatli imkoniyatlar yaratadi.		/grɪd/	3685
grief	C1	n.	g'am	Understanding the role of grief is vital for long-term growth.	Uzoq muddatli oʻsish uchun g'amning rolini tushunish juda muhimdir.		/gri:f/	3686
grin	C1	n.	tirjaymoq	The committee analyzed the impact of grin on society.	Qoʻmita tirjaymoqning jamiyatga taʼsirini tahlil qildi.		/grɪn/	3687
grind	C1	v.	maydalamoq	We must grind carefully to achieve the desired outcome.	Kutilgan natijaga erishish uchun biz ehtiyotkorlik bilan maydalamoqimiz kerak.		/graɪnd/	3688
grip	C1	v.	siqmoq	The team worked together to grip the project requirements.	Jamoa loyiha talablarini siqmoq uchun birgalikda ishladi.		/grɪp/	3689
grocery	C1	n.	sotuvchi	Understanding the concept of grocery is valuable in academic studies.	Ilmiy izlanishlarda sotuvchi tushunchasini chuqur anglash qadrlidir.		/grəʊ.sər/	3690
guerrilla	C1	n.	partizan	The committee analyzed the impact of guerrilla on society.	Qoʻmita partizanning jamiyatga taʼsirini tahlil qildi.		/gərɪl.ə/	3691
guidance	C1	n.	yordam	The new policy pays special attention to guidance.	Yangi siyosat yordamga alohida eʼtibor qaratadi.		/gaɪ.dənts/	3692
guideline	C1	n.	qo'llanma	Understanding the concept of guideline is valuable in academic studies.	Ilmiy izlanishlarda qo'llanma tushunchasini chuqur anglash qadrlidir.		/gaɪd/	3693
guilt	C1	n.	gunoh	Understanding the role of guilt is vital for long-term growth.	Uzoq muddatli oʻsish uchun gunohning rolini tushunish juda muhimdir.		/gɪlt/	3694
gut	C1	n.	ichak	The committee analyzed the impact of gut on society.	Qoʻmita ichakning jamiyatga taʼsirini tahlil qildi.		/gʌt/	3695
habitat	C1	n.	tabiiy muhit	The new policy pays special attention to habitat.	Yangi siyosat tabiiy muhitga alohida eʼtibor qaratadi.		/hæb.ɪ.tæt/	3696
hail	C1	n.	do'l	Modern development creates valuable opportunities in hail.	Zamonaviy taraqqiyot do'l sohasida qimmatli imkoniyatlar yaratadi.		/heɪl/	3697
halfway	C1	n.	yarim	Understanding the concept of halfway is valuable in academic studies.	Ilmiy izlanishlarda yarim tushunchasini chuqur anglash qadrlidir.		/hɑ:f/	3698
halt	C1	v.	to'xtamoq	Experts recommend how to halt effectively in this situation.	Mutaxassislar bunday vaziyatda qanday qilib samarali to'xtamoqni tavsiya qiladilar.		/hɒlt/	3699
handful	C1	n.	hovuch	The new policy pays special attention to handful.	Yangi siyosat hovuchga alohida eʼtibor qaratadi.		/hænd.fʊl/	3700
handling	C1	n./adj.	qo'layotgan; qo'lish	Understanding the concept of handling is valuable in academic studies.	Ilmiy izlanishlarda qo'layotgan tushunchasini chuqur anglash qadrlidir.		/hænd/	3701
handy	C1	adj.	qulay	They achieved a handy result after months of dedicated work.	Ular oylik mashaqqatli mehnatdan soʻng qulay natijaga erishdilar.		/hæn.di/	3702
harassment	C1	n.	bezovta qilmoqlik, xususiyat	Understanding the concept of harassment is valuable in academic studies.	Ilmiy izlanishlarda bezovta qilmoqlik tushunchasini chuqur anglash qadrlidir.		/hær.əs/	3703
harbour	C1	n.	port	The new policy pays special attention to harbour.	Yangi siyosat portga alohida eʼtibor qaratadi.		/hɑ:.bər/	3704
hardware	C1	n.	elektronik qism	Modern development creates valuable opportunities in hardware.	Zamonaviy taraqqiyot elektronik qism sohasida qimmatli imkoniyatlar yaratadi.		/hɑ:d.weər/	3705
harmony	C1	n.	uyg'unlik	Understanding the role of harmony is vital for long-term growth.	Uzoq muddatli oʻsish uchun uyg'unlikning rolini tushunish juda muhimdir.		/hɑ:.mə.ni/	3706
harsh	C1	adj.	zolim	We observed a harsh improvement in student performance.	Biz talabalar koʻrsatkichlarida zolim oʻsishni kuzatdik.		/hɑ:ʃ/	3707
harvest	C1	n.	hosilni yig'ish	The new policy pays special attention to harvest.	Yangi siyosat hosilni yig'ishga alohida eʼtibor qaratadi.		/hɑ:.vɪst/	3708
hatred	C1	n.	nafratlanish	Modern development creates valuable opportunities in hatred.	Zamonaviy taraqqiyot nafratlanish sohasida qimmatli imkoniyatlar yaratadi.		/heɪ.trɪd/	3709
haunt	C1	v.	davomiy qiynalmoq	You can haunt new opportunities through daily practice.	Siz har kungi mashq orqali yangi imkoniyatlarni davomiy qiynalmoqingiz mumkin.		/hɔ:nt/	3710
hazard	C1	n.	xavf	The committee analyzed the impact of hazard on society.	Qoʻmita xavfning jamiyatga taʼsirini tahlil qildi.		/hæz.əd/	3711
headquarters	C1	n.	qarorgoh	The new policy pays special attention to headquarters.	Yangi siyosat qarorgohga alohida eʼtibor qaratadi.		/hedkwɔ:.təz/	3712
heal	C1	v.	davolamoq	The team worked together to heal the project requirements.	Jamoa loyiha talablarini davolamoq uchun birgalikda ishladi.		/hi:l/	3713
healthcare	C1	n.	sog'liq	Understanding the concept of healthcare is valuable in academic studies.	Ilmiy izlanishlarda sog'liq tushunchasini chuqur anglash qadrlidir.		/helθ/	3714
heighten	C1	v.	ko'tarmoq	Experts recommend how to heighten effectively in this situation.	Mutaxassislar bunday vaziyatda qanday qilib samarali ko'tarmoqni tavsiya qiladilar.		/haɪ.tən/	3715
helmet	C1	n.	kaska	The new policy pays special attention to helmet.	Yangi siyosat kaskaga alohida eʼtibor qaratadi.		/hel.mət/	3716
hence	C1	adv.	shu sababdan	The team worked together to hence the project requirements.	Jamoa loyiha talablarini shu sababdan uchun birgalikda ishladi.		/hents/	3717
herb	C1	n.	o'simlik	Understanding the role of herb is vital for long-term growth.	Uzoq muddatli oʻsish uchun o'simlikning rolini tushunish juda muhimdir.		/hɜ:b/	3718
heritage	C1	n.	meros	The committee analyzed the impact of heritage on society.	Qoʻmita merosning jamiyatga taʼsirini tahlil qildi.		/her.ɪ.tɪdʒ/	3719
hidden	C1	n.	hidden atamasi	Understanding the concept of hidden is valuable in academic studies.	Ilmiy izlanishlarda hidden atamasi tushunchasini chuqur anglash qadrlidir.		/hidden/	3720
hierarchy	C1	n.	ierarxiya, mansab pillapoyasi	There is a clear corporate hierarchy in multinational organizations.	Xalqaro kompaniyalarda aniq boshqaruv ierarxiyasi va pogʻonalari mavjud.	ranking	/ˈhaɪərɑːki/	3721
high-profile	C1	n.	baland	Understanding the concept of high-profile is valuable in academic studies.	Ilmiy izlanishlarda baland tushunchasini chuqur anglash qadrlidir.		/haɪ/	3722
highway	C1	n.	katta yo'l	The committee analyzed the impact of highway on society.	Qoʻmita katta yo'lning jamiyatga taʼsirini tahlil qildi.		/haɪ.weɪ/	3723
hilarious	C1	adj.	kulgili	It is essential to maintain a hilarious standard in research.	Tadqiqotda kulgili meʼyorni saqlab qolish juda muhimdir.		/hɪleə.ri.əs/	3724
hint	C1	n.	ishora	Modern development creates valuable opportunities in hint.	Zamonaviy taraqqiyot ishora sohasida qimmatli imkoniyatlar yaratadi.		/hɪnt/	3725
hip	C1	n.	son	Understanding the role of hip is vital for long-term growth.	Uzoq muddatli oʻsish uchun sonning rolini tushunish juda muhimdir.		/hɪp/	3726
historian	C1	n.	tarixchi	The committee analyzed the impact of historian on society.	Qoʻmita tarixchining jamiyatga taʼsirini tahlil qildi.		/hɪstɔ:.ri.ən/	3727
homeland	C1	n.	uy	Understanding the concept of homeland is valuable in academic studies.	Ilmiy izlanishlarda uy tushunchasini chuqur anglash qadrlidir.		/həʊm/	3728
homeless	C1	adj.	uysiz	The professor provided a homeless explanation of the concept.	Professor tushuncha boʻyicha uysiz izoh berdi.		/həʊm.ləs/	3729
honesty	C1	n.	rostgo'ylik	Understanding the role of honesty is vital for long-term growth.	Uzoq muddatli oʻsish uchun rostgo'ylikning rolini tushunish juda muhimdir.		/ɒn.ə.sti/	3730
hook	C1	n.	ilgak	The committee analyzed the impact of hook on society.	Qoʻmita ilgakning jamiyatga taʼsirini tahlil qildi.		/hʊk/	3731
hopeful	C1	adj.	umidvor	It is essential to maintain a hopeful standard in research.	Tadqiqotda umidvor meʼyorni saqlab qolish juda muhimdir.		/həʊp.fəl/	3732
horizon	C1	n.	gorizont	Modern development creates valuable opportunities in horizon.	Zamonaviy taraqqiyot gorizont sohasida qimmatli imkoniyatlar yaratadi.		/həraɪ.zən/	3733
horn	C1	n.	shox	Understanding the role of horn is vital for long-term growth.	Uzoq muddatli oʻsish uchun shoxning rolini tushunish juda muhimdir.		/hɔ:n/	3734
hostile	C1	adj.	dushmanlarcha	We observed a hostile improvement in student performance.	Biz talabalar koʻrsatkichlarida dushmanlarcha oʻsishni kuzatdik.		/hɒs.taɪl/	3735
hostility	C1	n.	dushmanlik	The new policy pays special attention to hostility.	Yangi siyosat dushmanlikga alohida eʼtibor qaratadi.		/hɒstɪl.ɪ.ti/	3736
humanitarian	C1	adj.	insoniylik	The professor provided a humanitarian explanation of the concept.	Professor tushuncha boʻyicha insoniylik izoh berdi.		/hju:mæn.ɪteə.ri.ən/	3737
humanity	C1	n.	insoniyat	Understanding the role of humanity is vital for long-term growth.	Uzoq muddatli oʻsish uchun insoniyatning rolini tushunish juda muhimdir.		/hjumæn.ə.ti/	3738
humble	C1	adj.	kamtar	We observed a humble improvement in student performance.	Biz talabalar koʻrsatkichlarida kamtar oʻsishni kuzatdik.		/hʌm.bl/	3739
hunger	C1	n.	ochlik	The new policy pays special attention to hunger.	Yangi siyosat ochlikga alohida eʼtibor qaratadi.		/hʌŋ.gər/	3740
hydrogen	C1	n.	vodorod	Modern development creates valuable opportunities in hydrogen.	Zamonaviy taraqqiyot vodorod sohasida qimmatli imkoniyatlar yaratadi.		/haɪ.drɪ.dʒən/	3741
hypothesis	C1	n.	gipoteza, ilmiy faraz, taxmin	The scientist conducted rigorous trials to test her hypothesis.	Olima oʻz ilmiy gipotezasini tekshirish uchun qatʼiy sinovlar oʻtkazdi.	theory	/haɪˈpɒθəsɪs/	3742
icon	C1	n.	ikona	The committee analyzed the impact of icon on society.	Qoʻmita ikonaning jamiyatga taʼsirini tahlil qildi.		/aɪ.kɒn/	3743
identical	C1	adj.	bir xil	It is essential to maintain a identical standard in research.	Tadqiqotda bir xil meʼyorni saqlab qolish juda muhimdir.		/aɪden.tɪ.kəl/	3744
identification	C1	n.	guvohnoma	Modern development creates valuable opportunities in identification.	Zamonaviy taraqqiyot guvohnoma sohasida qimmatli imkoniyatlar yaratadi.		/aɪden.tɪ.fɪkeɪ.ʃən/	3745
ideological	C1	n.	ideological atamasi	Understanding the concept of ideological is valuable in academic studies.	Ilmiy izlanishlarda ideological atamasi tushunchasini chuqur anglash qadrlidir.		/ideological/	3746
ideology	C1	n.	mafkura	The committee analyzed the impact of ideology on society.	Qoʻmita mafkuraning jamiyatga taʼsirini tahlil qildi.		/aɪ.diɒl.ə.dʒi/	3747
idiot	C1	n.	ahmoq	The new policy pays special attention to idiot.	Yangi siyosat ahmoqga alohida eʼtibor qaratadi.		/ɪd.i.ət/	3748
ignorance	C1	n.	bilimsizlik	Modern development creates valuable opportunities in ignorance.	Zamonaviy taraqqiyot bilimsizlik sohasida qimmatli imkoniyatlar yaratadi.		/ɪg.nr.ənts/	3749
illusion	C1	n.	illyuza	Understanding the role of illusion is vital for long-term growth.	Uzoq muddatli oʻsish uchun illyuzaning rolini tushunish juda muhimdir.		/ɪlu:.ʒən/	3750
imagery	C1	n.	obraz	Understanding the concept of imagery is valuable in academic studies.	Ilmiy izlanishlarda obraz tushunchasini chuqur anglash qadrlidir.		/ɪm.ɪdʒ/	3751
immense	C1	adj.	keng	It is essential to maintain a immense standard in research.	Tadqiqotda keng meʼyorni saqlab qolish juda muhimdir.		/ɪments/	3752
immigration	C1	n.	ko'chish	Modern development creates valuable opportunities in immigration.	Zamonaviy taraqqiyot ko'chish sohasida qimmatli imkoniyatlar yaratadi.		/ɪm.ɪgreɪ.ʃən/	3753
imminent	C1	adj.	kutilayotgan, yaqin qolgan (xavf)	Meteorologists issued warnings about an imminent coastal storm.	Meteorologlar yaqinlashib kelayotgan kuchli boʻron haqida ogohlantirish berishdi.	impending	/ˈɪmɪnənt/	3754
immune	C1	adj.	himoyalangan	We observed a immune improvement in student performance.	Biz talabalar koʻrsatkichlarida himoyalangan oʻsishni kuzatdik.		/ɪmju:n/	3755
implementation	C1	n.	amalga oshirmoq jarayoni; amalga oshirmoqish	Understanding the concept of implementation is valuable in academic studies.	Ilmiy izlanishlarda amalga oshirmoq jarayoni tushunchasini chuqur anglash qadrlidir.		/ɪm.plɪ.ment/	3756
implication	C1	n.	jalb qilish	Modern development creates valuable opportunities in implication.	Zamonaviy taraqqiyot jalb qilish sohasida qimmatli imkoniyatlar yaratadi.		/ɪm.plɪkeɪ.ʃən/	3757
imprison	C1	v.	qamamoq	You can imprison new opportunities through daily practice.	Siz har kungi mashq orqali yangi imkoniyatlarni qamamoqingiz mumkin.		/ɪmprɪz.ən/	3758
imprisonment	C1	n.	qamash	The committee analyzed the impact of imprisonment on society.	Qoʻmita qamashning jamiyatga taʼsirini tahlil qildi.		/ɪmprɪzənmənt/	3759
inability	C1	n.	qobiliyatsizlik	The new policy pays special attention to inability.	Yangi siyosat qobiliyatsizlikga alohida eʼtibor qaratadi.		/ɪn.əbɪl.ɪ.ti/	3760
inadequate	C1	adj.	yetarli emas	The professor provided a inadequate explanation of the concept.	Professor tushuncha boʻyicha yetarli emas izoh berdi.		/ɪnæd.ɪ.kwət/	3761
inappropriate	C1	adj.	noloyiq	They achieved a inappropriate result after months of dedicated work.	Ular oylik mashaqqatli mehnatdan soʻng noloyiq natijaga erishdilar.		/ɪn.əprəʊ.pri.ət/	3762
incentive	C1	n.	ragʻbat, turtki, moddiy manfaat	Bonus payments provide a strong financial incentive to work diligently.	Mukofot toʻlovlari qunt bilan ishlash uchun kuchli moddiy ragʻbat beradi.	motivation	/ɪnˈsentɪv/	3763
incidence	C1	n.	daraja, uchrash tezligi (kasallikning)	Proper hygiene substantially reduces the incidence of waterborne disease.	Toʻgʻri gigiyena yuqumli kasalliklarning tarqalish darajasini sezilarli kamaytiradi.	rate	/ˈɪnsɪdəns/	3764
inclined	C1	n.	xohlamoq	Understanding the concept of inclined is valuable in academic studies.	Ilmiy izlanishlarda xohlamoq tushunchasini chuqur anglash qadrlidir.		/ɪnklaɪn/	3765
inclusion	C1	n.	qo'shish	Understanding the role of inclusion is vital for long-term growth.	Uzoq muddatli oʻsish uchun qo'shishning rolini tushunish juda muhimdir.		/ɪnklu:.ʒən/	3766
incorporate	C1	v.	o'z ichiga olmoq	Experts recommend how to incorporate effectively in this situation.	Mutaxassislar bunday vaziyatda qanday qilib samarali o'z ichiga olmoqni tavsiya qiladilar.		/ɪnkɔ:.pəreɪt/	3767
incorrect	C1	adj.	xato	It is essential to maintain a incorrect standard in research.	Tadqiqotda xato meʼyorni saqlab qolish juda muhimdir.		/ɪn.kərekt/	3768
incur	C1	n.	incur atamasi	Understanding the concept of incur is valuable in academic studies.	Ilmiy izlanishlarda incur atamasi tushunchasini chuqur anglash qadrlidir.		/incur/	3769
independence	C1	n.	mustaqillik	Understanding the role of independence is vital for long-term growth.	Uzoq muddatli oʻsish uchun mustaqillikning rolini tushunish juda muhimdir.		/ɪn.dɪpen.dənts/	3770
index	C1	n.	ko'rsatkich	The committee analyzed the impact of index on society.	Qoʻmita ko'rsatkichning jamiyatga taʼsirini tahlil qildi.		/ɪn.deks/	3771
indication	C1	n.	ko'rsatma	The new policy pays special attention to indication.	Yangi siyosat ko'rsatmaga alohida eʼtibor qaratadi.		/ɪn.dɪkeɪ.ʃən/	3772
indicator	C1	n.	ko'rsatkich	Modern development creates valuable opportunities in indicator.	Zamonaviy taraqqiyot ko'rsatkich sohasida qimmatli imkoniyatlar yaratadi.		/ɪn.dɪ.keɪ.tər/	3773
indictment	C1	n.	ayblov	Understanding the role of indictment is vital for long-term growth.	Uzoq muddatli oʻsish uchun ayblovning rolini tushunish juda muhimdir.		/ɪndaɪt.mənt/	3774
indigenous	C1	adj.	mahalliy, tub, oʻsha yerga xos	Researchers document the languages and herbal lore of indigenous peoples.	Tadqiqotchilar tub aholining tillari va dorivor oʻsimliklar ilmini yozib olmoqdalar.	native	/ɪnˈdɪdʒənəs/	3775
induce	C1	v.	ko'ndirmoq	We must induce carefully to achieve the desired outcome.	Kutilgan natijaga erishish uchun biz ehtiyotkorlik bilan ko'ndirmoqimiz kerak.		/ɪndju:s/	3776
indulge	C1	v.	rohatlanmoq	The team worked together to indulge the project requirements.	Jamoa loyiha talablarini rohatlanmoq uchun birgalikda ishladi.		/ɪndʌldʒ/	3777
inequality	C1	n.	tengsizlik	Understanding the role of inequality is vital for long-term growth.	Uzoq muddatli oʻsish uchun tengsizlikning rolini tushunish juda muhimdir.		/ɪn.ɪkwɒl.ə.ti/	3778
inevitable	C1	adj.	muqarrar	We observed a inevitable improvement in student performance.	Biz talabalar koʻrsatkichlarida muqarrar oʻsishni kuzatdik.		/ɪnev.ɪ.tə.bl ̩/	3779
infamous	C1	adj.	badnom bo'lgan	It is essential to maintain a infamous standard in research.	Tadqiqotda badnom bo'lgan meʼyorni saqlab qolish juda muhimdir.		/ɪn.fə.məs/	3780
infant	C1	n.	go'dak	Modern development creates valuable opportunities in infant.	Zamonaviy taraqqiyot go'dak sohasida qimmatli imkoniyatlar yaratadi.		/ɪn.fənt/	3781
infect	C1	v.	yuqmoq	You can infect new opportunities through daily practice.	Siz har kungi mashq orqali yangi imkoniyatlarni yuqmoqingiz mumkin.		/ɪnfekt/	3782
infer	C1	v.	xulosa chiqarmoq	Experts recommend how to infer effectively in this situation.	Mutaxassislar bunday vaziyatda qanday qilib samarali xulosa chiqarmoqni tavsiya qiladilar.		/ɪnfɜ:r/	3783
inflation	C1	n.	inflyatsiya	The new policy pays special attention to inflation.	Yangi siyosat inflyatsiyaga alohida eʼtibor qaratadi.		/ɪnfleɪ.ʃən/	3784
inflict	C1	v.	majburlamoq	The team worked together to inflict the project requirements.	Jamoa loyiha talablarini majburlamoq uchun birgalikda ishladi.		/ɪnflɪkt/	3785
influential	C1	adj.	ta'sir ko'rsatadigan	They achieved a influential result after months of dedicated work.	Ular oylik mashaqqatli mehnatdan soʻng ta'sir ko'rsatadigan natijaga erishdilar.		/ɪn.fluen.tʃəl/	3786
info	C1	n.	info atamasi	Understanding the concept of info is valuable in academic studies.	Ilmiy izlanishlarda info atamasi tushunchasini chuqur anglash qadrlidir.		/info/	3787
infrastructure	C1	n.	infratuzilma, moddiy asos	High-speed trains and bridges are vital parts of national infrastructure.	Tezyurar poyezdlar va koʻpriklar milliy infratuzilmaning muhim qismlaridir.	facilities	/ˈɪnfrəstrʌktʃər/	3788
inhabitant	C1	n.	yashovchi	Modern development creates valuable opportunities in inhabitant.	Zamonaviy taraqqiyot yashovchi sohasida qimmatli imkoniyatlar yaratadi.		/ɪnhæb.ɪ.tənt/	3789
inherent	C1	adj.	tug'ma	They achieved a inherent result after months of dedicated work.	Ular oylik mashaqqatli mehnatdan soʻng tug'ma natijaga erishdilar.		/ɪnher.ənt/	3790
inherit	C1	v.	meros olmoq	Experts recommend how to inherit effectively in this situation.	Mutaxassislar bunday vaziyatda qanday qilib samarali meros olmoqni tavsiya qiladilar.		/ɪnher.ɪt/	3791
inhibit	C1	v.	taqiqlamoq	We must inhibit carefully to achieve the desired outcome.	Kutilgan natijaga erishish uchun biz ehtiyotkorlik bilan taqiqlamoqimiz kerak.		/ɪnhɪb.ɪt/	3792
inject	C1	v.	ukol qilmoq	The team worked together to inject the project requirements.	Jamoa loyiha talablarini ukol qilmoq uchun birgalikda ishladi.		/ɪndʒekt/	3793
injection	C1	n.	emlash	Understanding the role of injection is vital for long-term growth.	Uzoq muddatli oʻsish uchun emlashning rolini tushunish juda muhimdir.		/ɪndʒek.ʃən/	3794
injustice	C1	n.	adolatsizlik	The committee analyzed the impact of injustice on society.	Qoʻmita adolatsizlikning jamiyatga taʼsirini tahlil qildi.		/ɪndʒʌs.tɪs/	3795
ink	C1	n.	siyoh	The new policy pays special attention to ink.	Yangi siyosat siyohga alohida eʼtibor qaratadi.		/ɪŋk/	3796
inmate	C1	n.	bemor	Modern development creates valuable opportunities in inmate.	Zamonaviy taraqqiyot bemor sohasida qimmatli imkoniyatlar yaratadi.		/ɪn.meɪt/	3797
innovation	C1	n.	yangilik	Understanding the role of innovation is vital for long-term growth.	Uzoq muddatli oʻsish uchun yangilikning rolini tushunish juda muhimdir.		/ɪn.əʊveɪ.ʃən/	3798
innovative	C1	n.	innovative atamasi	Understanding the concept of innovative is valuable in academic studies.	Ilmiy izlanishlarda innovative atamasi tushunchasini chuqur anglash qadrlidir.		/innovative/	3799
input	C1	n.	kiritish	The new policy pays special attention to input.	Yangi siyosat kiritishga alohida eʼtibor qaratadi.		/ɪn.pʊt/	3800
insert	C1	v.	qo'shmoq	The team worked together to insert the project requirements.	Jamoa loyiha talablarini qo'shmoq uchun birgalikda ishladi.		/ɪnsɜ:t/	3801
insertion	C1	n.	qo'shish	Understanding the role of insertion is vital for long-term growth.	Uzoq muddatli oʻsish uchun qo'shishning rolini tushunish juda muhimdir.		/ɪnsɜ:.ʃən/	3802
insider	C1	n.	ichki qism	Understanding the concept of insider is valuable in academic studies.	Ilmiy izlanishlarda ichki qism tushunchasini chuqur anglash qadrlidir.		/ɪnsaɪd/	3803
inspect	C1	v.	ko'rib chiqmoq	We must inspect carefully to achieve the desired outcome.	Kutilgan natijaga erishish uchun biz ehtiyotkorlik bilan ko'rib chiqmoqimiz kerak.		/ɪnspekt/	3804
inspiration	C1	n.	ilhomlanish	Modern development creates valuable opportunities in inspiration.	Zamonaviy taraqqiyot ilhomlanish sohasida qimmatli imkoniyatlar yaratadi.		/ɪn.spɪreɪ.ʃən/	3805
installation	C1	n.	o'rnatish	Understanding the role of installation is vital for long-term growth.	Uzoq muddatli oʻsish uchun o'rnatishning rolini tushunish juda muhimdir.		/ɪn.stəleɪ.ʃən/	3806
instant	C1	adj.	darhol	We observed a instant improvement in student performance.	Biz talabalar koʻrsatkichlarida darhol oʻsishni kuzatdik.		/ɪn.stənt/	3807
instinct	C1	n.	instinkt	The new policy pays special attention to instinct.	Yangi siyosat instinktga alohida eʼtibor qaratadi.		/ɪn.stɪŋkt/	3808
institutional	C1	n.	tashkilot	Understanding the concept of institutional is valuable in academic studies.	Ilmiy izlanishlarda tashkilot tushunchasini chuqur anglash qadrlidir.		/ɪntstɪtju:.ʃən/	3809
instrumental	C1	adj.	asbobga oid	They achieved a instrumental result after months of dedicated work.	Ular oylik mashaqqatli mehnatdan soʻng asbobga oid natijaga erishdilar.		/ɪnstrəmen.təl/	3810
insufficient	C1	adj.	nuqson	We observed a insufficient improvement in student performance.	Biz talabalar koʻrsatkichlarida nuqson oʻsishni kuzatdik.		/ɪn.səfɪʃ.ənt/	3811
insult	C1	v.	haqorat qilmoq	We must insult carefully to achieve the desired outcome.	Kutilgan natijaga erishish uchun biz ehtiyotkorlik bilan haqorat qilmoqimiz kerak.		/ɪn.sʌlt/	3812
intact	C1	adj.	butun	The professor provided a intact explanation of the concept.	Professor tushuncha boʻyicha butun izoh berdi.		/ɪntækt/	3813
intake	C1	n.	foydalanish	Understanding the role of intake is vital for long-term growth.	Uzoq muddatli oʻsish uchun foydalanishning rolini tushunish juda muhimdir.		/ɪn.teɪk/	3814
integral	C1	adj.	ajralmas	We observed a integral improvement in student performance.	Biz talabalar koʻrsatkichlarida ajralmas oʻsishni kuzatdik.		/ɪn.tɪ.grəl/	3815
integrate	C1	v.	birlashtirmoq	We must integrate carefully to achieve the desired outcome.	Kutilgan natijaga erishish uchun biz ehtiyotkorlik bilan birlashtirmoqimiz kerak.		/ɪn.tɪ.greɪt/	3816
integrated	C1	n.	birlashtirmoq	Understanding the concept of integrated is valuable in academic studies.	Ilmiy izlanishlarda birlashtirmoq tushunchasini chuqur anglash qadrlidir.		/ɪn.tɪ.greɪt/	3817
integration	C1	adj.	birlashtirish	They achieved a integration result after months of dedicated work.	Ular oylik mashaqqatli mehnatdan soʻng birlashtirish natijaga erishdilar.		/ɪn.tɪ.greɪ.tɪd/	3818
integrity	C1	n.	halollik	The committee analyzed the impact of integrity on society.	Qoʻmita halollikning jamiyatga taʼsirini tahlil qildi.		/ɪnteg.rə.ti/	3819
intellectual	C1	adj.	aqliy	It is essential to maintain a intellectual standard in research.	Tadqiqotda aqliy meʼyorni saqlab qolish juda muhimdir.		/ɪntlektju.əl/	3820
intensify	C1	v.	kuchaytirmoq	The team worked together to intensify the project requirements.	Jamoa loyiha talablarini kuchaytirmoq uchun birgalikda ishladi.		/ɪntentsɪ.faɪ/	3821
intensity	C1	n.	g'ayrat	Understanding the role of intensity is vital for long-term growth.	Uzoq muddatli oʻsish uchun g'ayratning rolini tushunish juda muhimdir.		/ɪntentsɪ.ti/	3822
intensive	C1	adj.	intensiv	We observed a intensive improvement in student performance.	Biz talabalar koʻrsatkichlarida intensiv oʻsishni kuzatdik.		/ɪntent.sɪv/	3823
intent	C1	n.	maqsad	The new policy pays special attention to intent.	Yangi siyosat maqsadga alohida eʼtibor qaratadi.		/ɪntent/	3824
interaction	C1	n.	birga qilingan harakat	Modern development creates valuable opportunities in interaction.	Zamonaviy taraqqiyot birga qilingan harakat sohasida qimmatli imkoniyatlar yaratadi.		/ɪn.təræk.ʃən/	3825
interactive	C1	n.	birga harakat qilmoq	Understanding the concept of interactive is valuable in academic studies.	Ilmiy izlanishlarda birga harakat qilmoq tushunchasini chuqur anglash qadrlidir.		/ɪn.tərækt/	3826
interface	C1	n.	dafn qilmoq	Understanding the concept of interface is valuable in academic studies.	Ilmiy izlanishlarda dafn qilmoq tushunchasini chuqur anglash qadrlidir.		/ɪntɜ:r/	3827
interfere	C1	v.	aralashmoq	We must interfere carefully to achieve the desired outcome.	Kutilgan natijaga erishish uchun biz ehtiyotkorlik bilan aralashmoqimiz kerak.		/ɪn.təfɪər/	3828
interference	C1	n.	aralashish	Modern development creates valuable opportunities in interference.	Zamonaviy taraqqiyot aralashish sohasida qimmatli imkoniyatlar yaratadi.		/ɪn.təfɪə.rənts/	3829
interim	C1	n.	dafn qilmoq	Understanding the concept of interim is valuable in academic studies.	Ilmiy izlanishlarda dafn qilmoq tushunchasini chuqur anglash qadrlidir.		/ɪntɜ:r/	3830
interior	C1	n.	ichki qism	The committee analyzed the impact of interior on society.	Qoʻmita ichki qismning jamiyatga taʼsirini tahlil qildi.		/ɪntɪə.ri.ər/	3831
intermediate	C1	adj.	o'rtacha	It is essential to maintain a intermediate standard in research.	Tadqiqotda o'rtacha meʼyorni saqlab qolish juda muhimdir.		/ɪn.təmi:.di.ət/	3832
interpretation	C1	n.	tarjima qilmoq jarayoni; tarjima qilmoqish	Understanding the concept of interpretation is valuable in academic studies.	Ilmiy izlanishlarda tarjima qilmoq jarayoni tushunchasini chuqur anglash qadrlidir.		/ɪntɜ:.prɪt/	3833
interval	C1	n.	oraliq	Understanding the role of interval is vital for long-term growth.	Uzoq muddatli oʻsish uchun oraliqning rolini tushunish juda muhimdir.		/ɪn.tə.vəl/	3834
intervene	C1	v.	vositachilik qilmoq	Experts recommend how to intervene effectively in this situation.	Mutaxassislar bunday vaziyatda qanday qilib samarali vositachilik qilmoqni tavsiya qiladilar.		/ɪn.təvi:n/	3835
intervention	C1	n.	aralashish	The new policy pays special attention to intervention.	Yangi siyosat aralashishga alohida eʼtibor qaratadi.		/ɪn.təven.ʃən/	3836
intimate	C1	adj.	yaqin	The professor provided a intimate explanation of the concept.	Professor tushuncha boʻyicha yaqin izoh berdi.		/ɪn.tɪ.mət/	3837
intriguing	C1	n.	intriguing atamasi	Understanding the concept of intriguing is valuable in academic studies.	Ilmiy izlanishlarda intriguing atamasi tushunchasini chuqur anglash qadrlidir.		/intriguing/	3838
invade	C1	v.	bosib olmoq	Experts recommend how to invade effectively in this situation.	Mutaxassislar bunday vaziyatda qanday qilib samarali bosib olmoqni tavsiya qiladilar.		/ɪnveɪd/	3839
invasion	C1	n.	bosib olish	The new policy pays special attention to invasion.	Yangi siyosat bosib olishga alohida eʼtibor qaratadi.		/ɪnveɪ.ʒən/	3840
investigator	C1	n.	pul qo'ymoq	Understanding the concept of investigator is valuable in academic studies.	Ilmiy izlanishlarda pul qo'ymoq tushunchasini chuqur anglash qadrlidir.		/ɪnvest/	3841
invisible	C1	adj.	ko'rinmaydigan	They achieved a invisible result after months of dedicated work.	Ular oylik mashaqqatli mehnatdan soʻng ko'rinmaydigan natijaga erishdilar.		/ɪnvɪz.ɪ.bl ̩/	3842
invoke	C1	v.	yolvormoq	Experts recommend how to invoke effectively in this situation.	Mutaxassislar bunday vaziyatda qanday qilib samarali yolvormoqni tavsiya qiladilar.		/ɪnvəʊk/	3843
ironic	C1	adj.	kinoyali	It is essential to maintain a ironic standard in research.	Tadqiqotda kinoyali meʼyorni saqlab qolish juda muhimdir.		/aɪərɒn.ɪk/	3844
irony	C1	n.	kinoya	Modern development creates valuable opportunities in irony.	Zamonaviy taraqqiyot kinoya sohasida qimmatli imkoniyatlar yaratadi.		/aɪərə.ni/	3845
irrelevant	C1	adj.	daxli bo'lmagan	They achieved a irrelevant result after months of dedicated work.	Ular oylik mashaqqatli mehnatdan soʻng daxli bo'lmagan natijaga erishdilar.		/ɪrel.ɪ.vənt/	3846
isolation	C1	n.	ajratib qo'yish	The committee analyzed the impact of isolation on society.	Qoʻmita ajratib qo'yishning jamiyatga taʼsirini tahlil qildi.		/aɪ.səl.eɪ.ʃən/	3847
jail	C1	n.	qamoqxona	The new policy pays special attention to jail.	Yangi siyosat qamoqxonaga alohida eʼtibor qaratadi.		/dʒeɪl/	3848
jet	C1	v.	satmolyot	The team worked together to jet the project requirements.	Jamoa loyiha talablarini satmolyot uchun birgalikda ishladi.		/dʒet/	3849
journalism	C1	n.	jurnalistika	Understanding the role of journalism is vital for long-term growth.	Uzoq muddatli oʻsish uchun jurnalistikaning rolini tushunish juda muhimdir.		/dʒɜ:.nə.lɪ.zəm/	3850
judicial	C1	adj.	sudga oid	We observed a judicial improvement in student performance.	Biz talabalar koʻrsatkichlarida sudga oid oʻsishni kuzatdik.		/dʒu:dɪʃ.əl/	3851
junction	C1	n.	birikish	The new policy pays special attention to junction.	Yangi siyosat birikishga alohida eʼtibor qaratadi.		/dʒʌŋk.ʃən/	3852
jurisdiction	C1	n.	yurisdiksiya	Modern development creates valuable opportunities in jurisdiction.	Zamonaviy taraqqiyot yurisdiksiya sohasida qimmatli imkoniyatlar yaratadi.		/dʒʊə.rɪsdɪk.ʃən/	3853
jury	C1	n.	sud maslahatchilari	Understanding the role of jury is vital for long-term growth.	Uzoq muddatli oʻsish uchun sud maslahatchilarining rolini tushunish juda muhimdir.		/dʒʊə.ri/	3854
justification	C1	n.	oqlanish	The committee analyzed the impact of justification on society.	Qoʻmita oqlanishning jamiyatga taʼsirini tahlil qildi.		/dʒʌs.tɪ.fɪkeɪ.ʃən/	3855
kidnap	C1	v.	bola o'girlamoq	We must kidnap carefully to achieve the desired outcome.	Kutilgan natijaga erishish uchun biz ehtiyotkorlik bilan bola o'girlamoqimiz kerak.		/kɪd.næp/	3856
kidney	C1	n.	buyrak	Modern development creates valuable opportunities in kidney.	Zamonaviy taraqqiyot buyrak sohasida qimmatli imkoniyatlar yaratadi.		/kɪd.ni/	3857
kingdom	C1	n.	qirollik	Understanding the role of kingdom is vital for long-term growth.	Uzoq muddatli oʻsish uchun qirollikning rolini tushunish juda muhimdir.		/kɪŋ.dəm/	3858
kit	C1	n.	asbob	The committee analyzed the impact of kit on society.	Qoʻmita asbobning jamiyatga taʼsirini tahlil qildi.		/kɪt/	3859
lad	C1	n.	yigit	The new policy pays special attention to lad.	Yangi siyosat yigitga alohida eʼtibor qaratadi.		/læd/	3860
ladder	C1	n.	narvon	Modern development creates valuable opportunities in ladder.	Zamonaviy taraqqiyot narvon sohasida qimmatli imkoniyatlar yaratadi.		/lædər/	3861
landlord	C1	n.	mehmonxona egasi	Understanding the role of landlord is vital for long-term growth.	Uzoq muddatli oʻsish uchun mehmonxona egasining rolini tushunish juda muhimdir.		/lænd.lɔ:d/	3862
landmark	C1	n.	bosqich	The committee analyzed the impact of landmark on society.	Qoʻmita bosqichning jamiyatga taʼsirini tahlil qildi.		/lænd.mɑ:k/	3863
lane	C1	n.	ko'cha	The new policy pays special attention to lane.	Yangi siyosat ko'chaga alohida eʼtibor qaratadi.		/leɪn/	3864
lap	C1	n.	oyoq	Modern development creates valuable opportunities in lap.	Zamonaviy taraqqiyot oyoq sohasida qimmatli imkoniyatlar yaratadi.		/læp/	3865
large-scale	C1	n.	katta	Understanding the concept of large-scale is valuable in academic studies.	Ilmiy izlanishlarda katta tushunchasini chuqur anglash qadrlidir.		/lɑ:dʒ/	3866
laser	C1	n.	lazer	The committee analyzed the impact of laser on society.	Qoʻmita lazerning jamiyatga taʼsirini tahlil qildi.		/leɪ.zər/	3867
latter	C1	adj.	oxirgisi	It is essential to maintain a latter standard in research.	Tadqiqotda oxirgisi meʼyorni saqlab qolish juda muhimdir.		/læt.ər/	3868
lawn	C1	n.	o'tloq	Modern development creates valuable opportunities in lawn.	Zamonaviy taraqqiyot o'tloq sohasida qimmatli imkoniyatlar yaratadi.		/lɔ:n/	3869
lawsuit	C1	n.	sudlashish	Understanding the role of lawsuit is vital for long-term growth.	Uzoq muddatli oʻsish uchun sudlashishning rolini tushunish juda muhimdir.		/lɔ:.sju:t/	3870
leaflet	C1	n.	buklet	The committee analyzed the impact of leaflet on society.	Qoʻmita bukletning jamiyatga taʼsirini tahlil qildi.		/li:.flət/	3871
leak	C1	v.	sizib chiqmoq	We must leak carefully to achieve the desired outcome.	Kutilgan natijaga erishish uchun biz ehtiyotkorlik bilan sizib chiqmoqimiz kerak.		/li:k/	3872
leap	C1	v.	sakramoq	The team worked together to leap the project requirements.	Jamoa loyiha talablarini sakramoq uchun birgalikda ishladi.		/li:p/	3873
legacy	C1	n.	meros	Understanding the role of legacy is vital for long-term growth.	Uzoq muddatli oʻsish uchun merosning rolini tushunish juda muhimdir.		/leg.ə.si/	3874
legend	C1	n.	afsona	The committee analyzed the impact of legend on society.	Qoʻmita afsonaning jamiyatga taʼsirini tahlil qildi.		/ledʒ.ənd/	3875
legendary	C1	adj.	afsonaviy	It is essential to maintain a legendary standard in research.	Tadqiqotda afsonaviy meʼyorni saqlab qolish juda muhimdir.		/ledʒ.ən.dri/	3876
legislation	C1	n.	qonunchilik, qonun loyihasi	Parliament passed strict environmental legislation to curb factory pollution.	Parlament zavod chiqindilarini cheklash uchun qatʼiy ekologik qonunchilikni qabul qildi.	law	/ˌledʒɪsˈleɪʃn/	3877
legislative	C1	adj.	qonun chiqaruvchi	They achieved a legislative result after months of dedicated work.	Ular oylik mashaqqatli mehnatdan soʻng qonun chiqaruvchi natijaga erishdilar.		/ledʒ.ɪ.slə.tɪv/	3878
legislature	C1	n.	legislature atamasi	Understanding the concept of legislature is valuable in academic studies.	Ilmiy izlanishlarda legislature atamasi tushunchasini chuqur anglash qadrlidir.		/legislature/	3879
legitimate	C1	adj.	qonuniy	It is essential to maintain a legitimate standard in research.	Tadqiqotda qonuniy meʼyorni saqlab qolish juda muhimdir.		/lədʒɪt.ɪ.mət/	3880
lengthy	C1	adj.	uzoq vaqt	The professor provided a lengthy explanation of the concept.	Professor tushuncha boʻyicha uzoq vaqt izoh berdi.		/leŋk.θi/	3881
lens	C1	n.	linza	Understanding the role of lens is vital for long-term growth.	Uzoq muddatli oʻsish uchun linzaning rolini tushunish juda muhimdir.		/lenz/	3882
lesbian	C1	n.	lezbi	The committee analyzed the impact of lesbian on society.	Qoʻmita lezbining jamiyatga taʼsirini tahlil qildi.		/lez.bi.ən/	3883
lesser	C1	adj.	kichikroq	It is essential to maintain a lesser standard in research.	Tadqiqotda kichikroq meʼyorni saqlab qolish juda muhimdir.		/les.ər/	3884
lethal	C1	adj.	o'ldiradigan	The professor provided a lethal explanation of the concept.	Professor tushuncha boʻyicha o'ldiradigan izoh berdi.		/li:.θəl/	3885
liable	C1	adj.	javobgar	They achieved a liable result after months of dedicated work.	Ular oylik mashaqqatli mehnatdan soʻng javobgar natijaga erishdilar.		/laɪ.ə.bl ̩/	3886
liberal	C1	adj.	liberal	We observed a liberal improvement in student performance.	Biz talabalar koʻrsatkichlarida liberal oʻsishni kuzatdik.		/lɪb.ər.əl/	3887
liberation	C1	n.	ozod etish	The new policy pays special attention to liberation.	Yangi siyosat ozod etishga alohida eʼtibor qaratadi.		/lɪb.əreɪ.ʃən/	3888
liberty	C1	n.	ozodlik	Modern development creates valuable opportunities in liberty.	Zamonaviy taraqqiyot ozodlik sohasida qimmatli imkoniyatlar yaratadi.		/lɪb.ə.ti/	3889
license	C1	n.	bitlar	Understanding the concept of license is valuable in academic studies.	Ilmiy izlanishlarda bitlar tushunchasini chuqur anglash qadrlidir.		/laɪs/	3890
lifelong	C1	adj.	umrbod	We observed a lifelong improvement in student performance.	Biz talabalar koʻrsatkichlarida umrbod oʻsishni kuzatdik.		/laɪf.lɒŋ/	3891
lifetime	C1	n.	umr	The new policy pays special attention to lifetime.	Yangi siyosat umrga alohida eʼtibor qaratadi.		/laɪf.taɪm/	3892
likelihood	C1	n.	ehtimollik	Modern development creates valuable opportunities in likelihood.	Zamonaviy taraqqiyot ehtimollik sohasida qimmatli imkoniyatlar yaratadi.		/laɪ.kli.hʊd/	3893
likewise	C1	adv.	shunungdek	You can likewise new opportunities through daily practice.	Siz har kungi mashq orqali yangi imkoniyatlarni shunungdekingiz mumkin.		/laɪk.waɪz/	3894
limb	C1	n.	azo	The committee analyzed the impact of limb on society.	Qoʻmita azoning jamiyatga taʼsirini tahlil qildi.		/lɪm/	3895
limitation	C1	n.	chegaralash	The new policy pays special attention to limitation.	Yangi siyosat chegaralashga alohida eʼtibor qaratadi.		/lɪm.ɪteɪ.ʃən/	3896
line-up	C1	n.	chiziq	Understanding the concept of line-up is valuable in academic studies.	Ilmiy izlanishlarda chiziq tushunchasini chuqur anglash qadrlidir.		/laɪn/	3897
linear	C1	adj.	chiziqli	They achieved a linear result after months of dedicated work.	Ular oylik mashaqqatli mehnatdan soʻng chiziqli natijaga erishdilar.		/lɪn.i.ər/	3898
linger	C1	v.	ushlanib qolmoq	Experts recommend how to linger effectively in this situation.	Mutaxassislar bunday vaziyatda qanday qilib samarali ushlanib qolmoqni tavsiya qiladilar.		/lɪŋ.gər/	3899
listing	C1	n./adj.	ro'yxatayotgan; ro'yxatish	Understanding the concept of listing is valuable in academic studies.	Ilmiy izlanishlarda ro'yxatayotgan tushunchasini chuqur anglash qadrlidir.		/lɪst/	3900
literacy	C1	n.	savodxonlik	Modern development creates valuable opportunities in literacy.	Zamonaviy taraqqiyot savodxonlik sohasida qimmatli imkoniyatlar yaratadi.		/lɪt.ər.ə.si/	3901
literally	C1	adv.	haqiqiy	You can literally new opportunities through daily practice.	Siz har kungi mashq orqali yangi imkoniyatlarni haqiqiyingiz mumkin.		/lɪt.ər.əl.i/	3902
literary	C1	adj.	adabiy	We observed a literary improvement in student performance.	Biz talabalar koʻrsatkichlarida adabiy oʻsishni kuzatdik.		/lɪt.ər.ər.i/	3903
litre	C1	n.	litr	The new policy pays special attention to litre.	Yangi siyosat litrga alohida eʼtibor qaratadi.		/li:.tər/	3904
litter	C1	n.	chiqindi	Modern development creates valuable opportunities in litter.	Zamonaviy taraqqiyot chiqindi sohasida qimmatli imkoniyatlar yaratadi.		/lɪt.ər/	3905
lobby	C1	v.	ko'ndirmoq	You can lobby new opportunities through daily practice.	Siz har kungi mashq orqali yangi imkoniyatlarni ko'ndirmoqingiz mumkin.		/lɒb.i/	3906
log	C1	n.	kunda	The committee analyzed the impact of log on society.	Qoʻmita kundaning jamiyatga taʼsirini tahlil qildi.		/lɒg/	3907
logic	C1	n.	mantiq	The new policy pays special attention to logic.	Yangi siyosat mantiqga alohida eʼtibor qaratadi.		/lɒdʒ.ɪk/	3908
logo	C1	n.	logo atamasi	Understanding the concept of logo is valuable in academic studies.	Ilmiy izlanishlarda logo atamasi tushunchasini chuqur anglash qadrlidir.		/logo/	3909
long-standing	C1	n./adj.	uzunayotgan; uzunish	Understanding the concept of long-standing is valuable in academic studies.	Ilmiy izlanishlarda uzunayotgan tushunchasini chuqur anglash qadrlidir.		/lɒŋ/	3910
long-time	C1	n.	uzun	Understanding the concept of long-time is valuable in academic studies.	Ilmiy izlanishlarda uzun tushunchasini chuqur anglash qadrlidir.		/lɒŋ/	3911
loom	C1	v.	ko'rinmoq	We must loom carefully to achieve the desired outcome.	Kutilgan natijaga erishish uchun biz ehtiyotkorlik bilan ko'rinmoqimiz kerak.		/lu:m/	3912
loop	C1	n.	halqa	Modern development creates valuable opportunities in loop.	Zamonaviy taraqqiyot halqa sohasida qimmatli imkoniyatlar yaratadi.		/lu:p/	3913
lottery	C1	n.	lotereya	Understanding the role of lottery is vital for long-term growth.	Uzoq muddatli oʻsish uchun lotereyaning rolini tushunish juda muhimdir.		/lɒt.ər.i/	3914
loyal	C1	adj.	sodiq	We observed a loyal improvement in student performance.	Biz talabalar koʻrsatkichlarida sodiq oʻsishni kuzatdik.		/lɔɪ.əl/	3915
loyalty	C1	n.	vafo	The new policy pays special attention to loyalty.	Yangi siyosat vafoga alohida eʼtibor qaratadi.		/lɔɪ.əl.ti/	3916
lyric	C1	n.	sher	Modern development creates valuable opportunities in lyric.	Zamonaviy taraqqiyot sher sohasida qimmatli imkoniyatlar yaratadi.		/lɪr.ɪk/	3917
machinery	C1	n.	mashina jihozlari	Understanding the role of machinery is vital for long-term growth.	Uzoq muddatli oʻsish uchun mashina jihozlarining rolini tushunish juda muhimdir.		/məʃi:.nə.ri/	3918
magical	C1	adj.	sehrli	We observed a magical improvement in student performance.	Biz talabalar koʻrsatkichlarida sehrli oʻsishni kuzatdik.		/mædʒ.ɪ.kəl/	3919
magistrate	C1	n.	sud hakami	The new policy pays special attention to magistrate.	Yangi siyosat sud hakamiga alohida eʼtibor qaratadi.		/mædʒ.ɪ.streɪt/	3920
magnetic	C1	adj.	tortiluvchan	The professor provided a magnetic explanation of the concept.	Professor tushuncha boʻyicha tortiluvchan izoh berdi.		/mægnet.ɪk/	3921
magnificent	C1	adj.	hashamatli	They achieved a magnificent result after months of dedicated work.	Ular oylik mashaqqatli mehnatdan soʻng hashamatli natijaga erishdilar.		/mægnɪf.ɪ.sənt/	3922
magnitude	C1	n.	o'lcham	The committee analyzed the impact of magnitude on society.	Qoʻmita o'lchamning jamiyatga taʼsirini tahlil qildi.		/mæg.nɪ.tju:d/	3923
mainland	C1	adj.	materik	It is essential to maintain a mainland standard in research.	Tadqiqotda materik meʼyorni saqlab qolish juda muhimdir.		/meɪnlænd/	3924
mainstream	C1	n.	asosiy	Understanding the concept of mainstream is valuable in academic studies.	Ilmiy izlanishlarda asosiy tushunchasini chuqur anglash qadrlidir.		/meɪn/	3925
maintenance	C1	n.	qo'llash	Understanding the role of maintenance is vital for long-term growth.	Uzoq muddatli oʻsish uchun qo'llashning rolini tushunish juda muhimdir.		/meɪn.tɪ.nənts/	3926
major	C1	adj.	muhim	We observed a major improvement in student performance.	Biz talabalar koʻrsatkichlarida muhim oʻsishni kuzatdik.		/meɪ.dʒər/	3927
make-up	C1	n.	grim	The new policy pays special attention to make-up.	Yangi siyosat grimga alohida eʼtibor qaratadi.		/meɪk.ʌp/	3928
making	C1	n.	making atamasi	Understanding the concept of making is valuable in academic studies.	Ilmiy izlanishlarda making atamasi tushunchasini chuqur anglash qadrlidir.		/making/	3929
mandate	C1	n.	mandat	Understanding the role of mandate is vital for long-term growth.	Uzoq muddatli oʻsish uchun mandatning rolini tushunish juda muhimdir.		/mæn.deɪt/	3930
mandatory	C1	n.	mandatory atamasi	Understanding the concept of mandatory is valuable in academic studies.	Ilmiy izlanishlarda mandatory atamasi tushunchasini chuqur anglash qadrlidir.		/mandatory/	3931
manifest	C1	v.	aniq ko'rsatmoq	We must manifest carefully to achieve the desired outcome.	Kutilgan natijaga erishish uchun biz ehtiyotkorlik bilan aniq ko'rsatmoqimiz kerak.		/mæn.ɪ.fest/	3932
manipulate	C1	v.	boshqarmoq	The team worked together to manipulate the project requirements.	Jamoa loyiha talablarini boshqarmoq uchun birgalikda ishladi.		/mənɪp.jʊ.leɪt/	3933
manipulation	C1	n.	manipulation atamasi	Understanding the concept of manipulation is valuable in academic studies.	Ilmiy izlanishlarda manipulation atamasi tushunchasini chuqur anglash qadrlidir.		/manipulation/	3934
manufacturing	C1	n.	manufacturing atamasi	Understanding the concept of manufacturing is valuable in academic studies.	Ilmiy izlanishlarda manufacturing atamasi tushunchasini chuqur anglash qadrlidir.		/manufacturing/	3935
manuscript	C1	n.	asl nusxa	The new policy pays special attention to manuscript.	Yangi siyosat asl nusxaga alohida eʼtibor qaratadi.		/mæn.jʊ.skrɪpt/	3936
marathon	C1	n.	marafon	Modern development creates valuable opportunities in marathon.	Zamonaviy taraqqiyot marafon sohasida qimmatli imkoniyatlar yaratadi.		/mær.ə.θən/	3937
march	C1	n.	mart	Understanding the role of march is vital for long-term growth.	Uzoq muddatli oʻsish uchun martning rolini tushunish juda muhimdir.		/mɑ:tʃ/	3938
margin	C1	n.	farq	The committee analyzed the impact of margin on society.	Qoʻmita farqning jamiyatga taʼsirini tahlil qildi.		/mɑ:.dʒɪn/	3939
marginal	C1	adj.	kam	It is essential to maintain a marginal standard in research.	Tadqiqotda kam meʼyorni saqlab qolish juda muhimdir.		/mɑ:.dʒɪ.nəl/	3940
marine	C1	adj.	dengizga oid	The professor provided a marine explanation of the concept.	Professor tushuncha boʻyicha dengizga oid izoh berdi.		/məri:n/	3941
marketplace	C1	n.	bozor	Understanding the concept of marketplace is valuable in academic studies.	Ilmiy izlanishlarda bozor tushunchasini chuqur anglash qadrlidir.		/mɑ:.kɪt/	3942
martial	C1	adj.	harbiy	We observed a martial improvement in student performance.	Biz talabalar koʻrsatkichlarida harbiy oʻsishni kuzatdik.		/mɑ:.ʃəl/	3943
mask	C1	n.	niqob	The new policy pays special attention to mask.	Yangi siyosat niqobga alohida eʼtibor qaratadi.		/mɑ:sk/	3944
massacre	C1	v.	ommaviy qirg'in qilmoq	The team worked together to massacre the project requirements.	Jamoa loyiha talablarini ommaviy qirg'in qilmoq uchun birgalikda ishladi.		/mæs.ə.kər/	3945
mate	C1	n.	do'st	Understanding the role of mate is vital for long-term growth.	Uzoq muddatli oʻsish uchun do'stning rolini tushunish juda muhimdir.		/meɪt/	3946
mathematical	C1	n.	mathematical atamasi	Understanding the concept of mathematical is valuable in academic studies.	Ilmiy izlanishlarda mathematical atamasi tushunchasini chuqur anglash qadrlidir.		/mathematical/	3947
mature	C1	adj.	voyaga yetgan	It is essential to maintain a mature standard in research.	Tadqiqotda voyaga yetgan meʼyorni saqlab qolish juda muhimdir.		/mətjʊər/	3948
maximize	C1	n.	hikmatli so'z	Understanding the concept of maximize is valuable in academic studies.	Ilmiy izlanishlarda hikmatli so'z tushunchasini chuqur anglash qadrlidir.		/mæk.sɪm/	3949
mayor	C1	n.	mer	Understanding the role of mayor is vital for long-term growth.	Uzoq muddatli oʻsish uchun merning rolini tushunish juda muhimdir.		/meər/	3950
meaningful	C1	adj.	manoli	We observed a meaningful improvement in student performance.	Biz talabalar koʻrsatkichlarida manoli oʻsishni kuzatdik.		/mi:.nɪŋ.fəl/	3951
meantime	C1	n.	shu vaqt ichida	The new policy pays special attention to meantime.	Yangi siyosat shu vaqt ichidaga alohida eʼtibor qaratadi.		/mi:n.taɪm/	3952
mechanic	C1	n.	mexanik	Modern development creates valuable opportunities in mechanic.	Zamonaviy taraqqiyot mexanik sohasida qimmatli imkoniyatlar yaratadi.		/məkæn.ɪk/	3953
mechanical	C1	adj.	mexanikaga oid	They achieved a mechanical result after months of dedicated work.	Ular oylik mashaqqatli mehnatdan soʻng mexanikaga oid natijaga erishdilar.		/məkæn.ɪ.kəl/	3954
mechanism	C1	n.	mexanizm, ishlash tizimi	The biological mechanism of immunity protects our cells against bacteria.	Immunitetning biologik mexanizmi hujayralarimizni bakteriyalardan himoya qiladi.	system	/ˈmekənɪzəm/	3955
medal	C1	n.	medal	The new policy pays special attention to medal.	Yangi siyosat medalga alohida eʼtibor qaratadi.		/med.əl/	3956
medication	C1	n.	davolanish	Modern development creates valuable opportunities in medication.	Zamonaviy taraqqiyot davolanish sohasida qimmatli imkoniyatlar yaratadi.		/med.ɪkeɪ.ʃən/	3957
medieval	C1	adj.	o'rta asrlarga oid	They achieved a medieval result after months of dedicated work.	Ular oylik mashaqqatli mehnatdan soʻng o'rta asrlarga oid natijaga erishdilar.		/med.ii:.vəl/	3958
meditation	C1	n.	mulohaza qilish	The committee analyzed the impact of meditation on society.	Qoʻmita mulohaza qilishning jamiyatga taʼsirini tahlil qildi.		/med.ɪteɪ.ʃən/	3959
melody	C1	n.	kuy	The new policy pays special attention to melody.	Yangi siyosat kuyga alohida eʼtibor qaratadi.		/mel.ə.di/	3960
membership	C1	n.	azolik	Modern development creates valuable opportunities in membership.	Zamonaviy taraqqiyot azolik sohasida qimmatli imkoniyatlar yaratadi.		/mem.bə.ʃɪp/	3961
memo	C1	n.	bayyonoma	Understanding the role of memo is vital for long-term growth.	Uzoq muddatli oʻsish uchun bayyonomaning rolini tushunish juda muhimdir.		/mem.əʊ/	3962
memoir	C1	n.	bayyonoma	Understanding the concept of memoir is valuable in academic studies.	Ilmiy izlanishlarda bayyonoma tushunchasini chuqur anglash qadrlidir.		/mem.əʊ/	3963
memorable	C1	adj.	unutilmas	It is essential to maintain a memorable standard in research.	Tadqiqotda unutilmas meʼyorni saqlab qolish juda muhimdir.		/mem.ər.ə.bl/	3964
memorial	C1	n.	haykal	Modern development creates valuable opportunities in memorial.	Zamonaviy taraqqiyot haykal sohasida qimmatli imkoniyatlar yaratadi.		/məmɔ:.ri.əl/	3965
mentor	C1	n.	mentor atamasi	Understanding the concept of mentor is valuable in academic studies.	Ilmiy izlanishlarda mentor atamasi tushunchasini chuqur anglash qadrlidir.		/mentor/	3966
merchant	C1	n.	savdogar	The committee analyzed the impact of merchant on society.	Qoʻmita savdogarning jamiyatga taʼsirini tahlil qildi.		/mɜ:.tʃənt/	3967
mercy	C1	n.	rahmdillik	The new policy pays special attention to mercy.	Yangi siyosat rahmdillikga alohida eʼtibor qaratadi.		/mɜ:.si/	3968
mere	C1	adj.	muhim emas	The professor provided a mere explanation of the concept.	Professor tushuncha boʻyicha muhim emas izoh berdi.		/mɪər/	3969
merge	C1	v.	birlashmoq	You can merge new opportunities through daily practice.	Siz har kungi mashq orqali yangi imkoniyatlarni birlashmoqingiz mumkin.		/mɜ:dʒ/	3970
merger	C1	n.	birlashmoq	Understanding the concept of merger is valuable in academic studies.	Ilmiy izlanishlarda birlashmoq tushunchasini chuqur anglash qadrlidir.		/mɜ:dʒ/	3971
merit	C1	v.	loyiq bo'lmoq	We must merit carefully to achieve the desired outcome.	Kutilgan natijaga erishish uchun biz ehtiyotkorlik bilan loyiq bo'lmoqimiz kerak.		/mer.ɪt/	3972
metaphor	C1	n.	metafora	Modern development creates valuable opportunities in metaphor.	Zamonaviy taraqqiyot metafora sohasida qimmatli imkoniyatlar yaratadi.		/met.ə.fɔ:r/	3973
methodology	C1	n.	usul	Understanding the concept of methodology is valuable in academic studies.	Ilmiy izlanishlarda usul tushunchasini chuqur anglash qadrlidir.		/meθ.əd/	3974
midst	C1	n.	o'rta qismi	The committee analyzed the impact of midst on society.	Qoʻmita o'rta qismining jamiyatga taʼsirini tahlil qildi.		/mɪdst/	3975
migration	C1	n.	ko'chish	The new policy pays special attention to migration.	Yangi siyosat ko'chishga alohida eʼtibor qaratadi.		/maɪgreɪ.ʃən/	3976
militant	C1	adj.	kurashuvchan	The professor provided a militant explanation of the concept.	Professor tushuncha boʻyicha kurashuvchan izoh berdi.		/mɪl.ɪ.tənt/	3977
militia	C1	n.	militsiya	Understanding the role of militia is vital for long-term growth.	Uzoq muddatli oʻsish uchun militsiyaning rolini tushunish juda muhimdir.		/mɪlɪʃ.ə/	3978
mill	C1	n.	tegirmon	The committee analyzed the impact of mill on society.	Qoʻmita tegirmonning jamiyatga taʼsirini tahlil qildi.		/mɪl/	3979
miner	C1	n.	konchi	The new policy pays special attention to miner.	Yangi siyosat konchiga alohida eʼtibor qaratadi.		/maɪ.nər/	3980
minimal	C1	adj.	minimal	The professor provided a minimal explanation of the concept.	Professor tushuncha boʻyicha minimal izoh berdi.		/mɪn.ɪ.məl/	3981
minimize	C1	v.	kamaytirmoq	You can minimize new opportunities through daily practice.	Siz har kungi mashq orqali yangi imkoniyatlarni kamaytirmoqingiz mumkin.		/mɪn.ɪ.maɪz/	3982
mining	C1	n.	qazish	The committee analyzed the impact of mining on society.	Qoʻmita qazishning jamiyatga taʼsirini tahlil qildi.		/maɪ.nɪŋ/	3983
ministry	C1	n.	vazirlik	The new policy pays special attention to ministry.	Yangi siyosat vazirlikga alohida eʼtibor qaratadi.		/mɪn.ɪ.stri/	3984
miracle	C1	n.	mo'jiza	Modern development creates valuable opportunities in miracle.	Zamonaviy taraqqiyot mo'jiza sohasida qimmatli imkoniyatlar yaratadi.		/mɪr.ɪ.kl ̩/	3985
miserable	C1	adj.	baxtsiz	They achieved a miserable result after months of dedicated work.	Ular oylik mashaqqatli mehnatdan soʻng baxtsiz natijaga erishdilar.		/mɪz.ər.ə.bl/	3986
misery	C1	n.	qashshoqlik	The committee analyzed the impact of misery on society.	Qoʻmita qashshoqlikning jamiyatga taʼsirini tahlil qildi.		/mɪz.ər.i/	3987
misleading	C1	n./adj.	yo'ldan urmoqayotgan; yo'ldan urmoqish	Understanding the concept of misleading is valuable in academic studies.	Ilmiy izlanishlarda yo'ldan urmoqayotgan tushunchasini chuqur anglash qadrlidir.		/mɪsli:d/	3988
mob	C1	n.	xaloyiq	Modern development creates valuable opportunities in mob.	Zamonaviy taraqqiyot xaloyiq sohasida qimmatli imkoniyatlar yaratadi.		/mɒb/	3989
mobility	C1	n.	mobility atamasi	Understanding the concept of mobility is valuable in academic studies.	Ilmiy izlanishlarda mobility atamasi tushunchasini chuqur anglash qadrlidir.		/mobility/	3990
mobilize	C1	v.	safarbar etmoq	Experts recommend how to mobilize effectively in this situation.	Mutaxassislar bunday vaziyatda qanday qilib samarali safarbar etmoqni tavsiya qiladilar.		/məʊ.bɪ.laɪz/	3991
mode	C1	n.	yo'l	The new policy pays special attention to mode.	Yangi siyosat yo'lga alohida eʼtibor qaratadi.		/məʊd/	3992
moderate	C1	adj.	o'rtacha	The professor provided a moderate explanation of the concept.	Professor tushuncha boʻyicha o'rtacha izoh berdi.		/mɒd.ər.ət/	3993
modest	C1	adj.	katta bo'lmagan	They achieved a modest result after months of dedicated work.	Ular oylik mashaqqatli mehnatdan soʻng katta bo'lmagan natijaga erishdilar.		/mɒd.ɪst/	3994
modification	C1	n.	turlanish	The committee analyzed the impact of modification on society.	Qoʻmita turlanishning jamiyatga taʼsirini tahlil qildi.		/mɒd.ɪ.fɪkeɪ.ʃən/	3995
momentum	C1	n.	kuch	The new policy pays special attention to momentum.	Yangi siyosat kuchga alohida eʼtibor qaratadi.		/məmen.təm/	3996
monk	C1	n.	rohib	Modern development creates valuable opportunities in monk.	Zamonaviy taraqqiyot rohib sohasida qimmatli imkoniyatlar yaratadi.		/mʌŋk/	3997
monopoly	C1	n.	monopoliya	Understanding the role of monopoly is vital for long-term growth.	Uzoq muddatli oʻsish uchun monopoliyaning rolini tushunish juda muhimdir.		/mənɒp.əl.i/	3998
monster	C1	n.	maxluq	The committee analyzed the impact of monster on society.	Qoʻmita maxluqning jamiyatga taʼsirini tahlil qildi.		/mɒnt.stər/	3999
monthly	C1	adj.	oylik	It is essential to maintain a monthly standard in research.	Tadqiqotda oylik meʼyorni saqlab qolish juda muhimdir.		/mʌnt.θli/	4000
monument	C1	n.	haykal	Modern development creates valuable opportunities in monument.	Zamonaviy taraqqiyot haykal sohasida qimmatli imkoniyatlar yaratadi.		/mɒn.jʊ.mənt/	4001
morality	C1	n.	axloq	Understanding the role of morality is vital for long-term growth.	Uzoq muddatli oʻsish uchun axloqning rolini tushunish juda muhimdir.		/məræl.ə.ti/	4002
mortgage	C1	n.	garov	The committee analyzed the impact of mortgage on society.	Qoʻmita garovning jamiyatga taʼsirini tahlil qildi.		/mɔ:.gɪdʒ/	4003
mosque	C1	n.	masjid	The new policy pays special attention to mosque.	Yangi siyosat masjidga alohida eʼtibor qaratadi.		/mɒsk/	4004
motion	C1	n.	harakat	Modern development creates valuable opportunities in motion.	Zamonaviy taraqqiyot harakat sohasida qimmatli imkoniyatlar yaratadi.		/məʊ.ʃən/	4005
motivation	C1	n.	undash	Understanding the role of motivation is vital for long-term growth.	Uzoq muddatli oʻsish uchun undashning rolini tushunish juda muhimdir.		/məʊ.tɪveɪ.ʃən/	4006
motive	C1	n.	sabab	The committee analyzed the impact of motive on society.	Qoʻmita sababning jamiyatga taʼsirini tahlil qildi.		/məʊ.tɪv/	4007
motorist	C1	n.	haydovchi	The new policy pays special attention to motorist.	Yangi siyosat haydovchiga alohida eʼtibor qaratadi.		/məʊ.tər.ɪst/	4008
moving	C1	n.	moving atamasi	Understanding the concept of moving is valuable in academic studies.	Ilmiy izlanishlarda moving atamasi tushunchasini chuqur anglash qadrlidir.		/moving/	4009
municipal	C1	adj.	shaharga oid	They achieved a municipal result after months of dedicated work.	Ular oylik mashaqqatli mehnatdan soʻng shaharga oid natijaga erishdilar.		/mju:nɪs.ɪ.pəl/	4010
mutual	C1	adj.	o'zaro	We observed a mutual improvement in student performance.	Biz talabalar koʻrsatkichlarida o'zaro oʻsishni kuzatdik.		/mju:.tʃu.əl/	4011
myth	C1	n.	afsona	The new policy pays special attention to myth.	Yangi siyosat afsonaga alohida eʼtibor qaratadi.		/mɪθ/	4012
naked	C1	adj.	yalang'och	The professor provided a naked explanation of the concept.	Professor tushuncha boʻyicha yalang'och izoh berdi.		/neɪ.kɪd/	4013
nasty	C1	adj.	jirkanch	They achieved a nasty result after months of dedicated work.	Ular oylik mashaqqatli mehnatdan soʻng jirkanch natijaga erishdilar.		/nɑ:.sti/	4014
nationwide	C1	n.	millat	Understanding the concept of nationwide is valuable in academic studies.	Ilmiy izlanishlarda millat tushunchasini chuqur anglash qadrlidir.		/neɪ.ʃən/	4015
naval	C1	adj.	flotiga oid	It is essential to maintain a naval standard in research.	Tadqiqotda flotiga oid meʼyorni saqlab qolish juda muhimdir.		/neɪ.vəl/	4016
navigation	C1	n.	kemani boshqarish	Modern development creates valuable opportunities in navigation.	Zamonaviy taraqqiyot kemani boshqarish sohasida qimmatli imkoniyatlar yaratadi.		/næv.ɪgeɪ.ʃən/	4017
nearby	C1	adj.	yaqinida	They achieved a nearby result after months of dedicated work.	Ular oylik mashaqqatli mehnatdan soʻng yaqinida natijaga erishdilar.		/nɪəbaɪ/	4018
necessity	C1	n.	zarurat	The committee analyzed the impact of necessity on society.	Qoʻmita zaruratning jamiyatga taʼsirini tahlil qildi.		/nəses.ɪ.ti/	4019
neighbouring	C1	adj.	qo'shni	It is essential to maintain a neighbouring standard in research.	Tadqiqotda qo'shni meʼyorni saqlab qolish juda muhimdir.		/neɪ.bər.ɪŋ/	4020
nest	C1	n.	in	Modern development creates valuable opportunities in nest.	Zamonaviy taraqqiyot in sohasida qimmatli imkoniyatlar yaratadi.		/nest/	4021
net	C1	n.	to'r	Understanding the role of net is vital for long-term growth.	Uzoq muddatli oʻsish uchun to'rning rolini tushunish juda muhimdir.		/net/	4022
neutral	C1	adj.	betaraf	We observed a neutral improvement in student performance.	Biz talabalar koʻrsatkichlarida betaraf oʻsishni kuzatdik.		/nju:.trəl/	4023
newly	C1	adv.	yaqinda	We must newly carefully to achieve the desired outcome.	Kutilgan natijaga erishish uchun biz ehtiyotkorlik bilan yaqindaimiz kerak.		/nju:.li/	4024
newsletter	C1	n.	yangilik	Understanding the concept of newsletter is valuable in academic studies.	Ilmiy izlanishlarda yangilik tushunchasini chuqur anglash qadrlidir.		/nju:z/	4025
niche	C1	n.	tokcha	Understanding the role of niche is vital for long-term growth.	Uzoq muddatli oʻsish uchun tokchaning rolini tushunish juda muhimdir.		/ni:ʃ/	4026
noble	C1	adj.	asl	We observed a noble improvement in student performance.	Biz talabalar koʻrsatkichlarida asl oʻsishni kuzatdik.		/nəʊ.bl/	4027
nod	C1	v.	boshni qimirlatmoq	We must nod carefully to achieve the desired outcome.	Kutilgan natijaga erishish uchun biz ehtiyotkorlik bilan boshni qimirlatmoqimiz kerak.		/nɒd/	4028
nominate	C1	v.	nomzod ko'rsatmoq	The team worked together to nominate the project requirements.	Jamoa loyiha talablarini nomzod ko'rsatmoq uchun birgalikda ishladi.		/nɒm.ɪ.neɪt/	4029
nomination	C1	n.	nomzodlikka qo'yish	Understanding the role of nomination is vital for long-term growth.	Uzoq muddatli oʻsish uchun nomzodlikka qo'yishning rolini tushunish juda muhimdir.		/nɒm.ɪneɪ.ʃən/	4030
nominee	C1	n.	nomzod	The committee analyzed the impact of nominee on society.	Qoʻmita nomzodning jamiyatga taʼsirini tahlil qildi.		/nɒm.ɪni:/	4031
non-profit	C1	n.	non-profit atamasi	Understanding the concept of non-profit is valuable in academic studies.	Ilmiy izlanishlarda non-profit atamasi tushunchasini chuqur anglash qadrlidir.		/non-profit/	4032
nonetheless	C1	adv.	shunga qaramay	The team worked together to nonetheless the project requirements.	Jamoa loyiha talablarini shunga qaramay uchun birgalikda ishladi.		/nʌn.ðəles/	4033
nonsense	C1	n.	safsata	Understanding the role of nonsense is vital for long-term growth.	Uzoq muddatli oʻsish uchun safsataning rolini tushunish juda muhimdir.		/nɒn.sənts/	4034
norm	C1	n.	namuna	The committee analyzed the impact of norm on society.	Qoʻmita namunaning jamiyatga taʼsirini tahlil qildi.		/nɔ:m/	4035
notable	C1	adj.	taniqli	It is essential to maintain a notable standard in research.	Tadqiqotda taniqli meʼyorni saqlab qolish juda muhimdir.		/nəʊ.tə.bl ̩/	4036
notorious	C1	adj.	yomon otli	The professor provided a notorious explanation of the concept.	Professor tushuncha boʻyicha yomon otli izoh berdi.		/nəʊtɔ:.ri.əs/	4037
novel	C1	n.	roman	Understanding the role of novel is vital for long-term growth.	Uzoq muddatli oʻsish uchun romanning rolini tushunish juda muhimdir.		/nɒv.əl/	4038
novelist	C1	n.	yozuvchi	The committee analyzed the impact of novelist on society.	Qoʻmita yozuvchining jamiyatga taʼsirini tahlil qildi.		/nɒv.əl.ɪst/	4039
nursery	C1	n.	bolalar bog'chasi	The new policy pays special attention to nursery.	Yangi siyosat bolalar bog'chasiga alohida eʼtibor qaratadi.		/nɜ:.sər.i/	4040
nursing	C1	adj.	hamshiralik	The professor provided a nursing explanation of the concept.	Professor tushuncha boʻyicha hamshiralik izoh berdi.		/nɜ:.sɪŋ/	4041
nutrition	C1	n.	oziqlantirish	Understanding the role of nutrition is vital for long-term growth.	Uzoq muddatli oʻsish uchun oziqlantirishning rolini tushunish juda muhimdir.		/nju:trɪʃ.ən/	4042
obesity	C1	n.	semizlik	The committee analyzed the impact of obesity on society.	Qoʻmita semizlikning jamiyatga taʼsirini tahlil qildi.		/əʊbi:.sɪ.ti/	4043
objection	C1	n.	etiroz	The new policy pays special attention to objection.	Yangi siyosat etirozga alohida eʼtibor qaratadi.		/əbdʒek.ʃən/	4044
oblige	C1	v.	majbur qilmoq	The team worked together to oblige the project requirements.	Jamoa loyiha talablarini majbur qilmoq uchun birgalikda ishladi.		/əblaɪdʒ/	4045
observer	C1	n.	kuzatuvchi	Understanding the role of observer is vital for long-term growth.	Uzoq muddatli oʻsish uchun kuzatuvchining rolini tushunish juda muhimdir.		/əbzɜ:vər/	4046
obsess	C1	v.	qamrab olmoq	Experts recommend how to obsess effectively in this situation.	Mutaxassislar bunday vaziyatda qanday qilib samarali qamrab olmoqni tavsiya qiladilar.		/əbses/	4047
obsession	C1	n.	berilib ketish	The new policy pays special attention to obsession.	Yangi siyosat berilib ketishga alohida eʼtibor qaratadi.		/əbseʃ.ən/	4048
obstacle	C1	n.	to'siq	Modern development creates valuable opportunities in obstacle.	Zamonaviy taraqqiyot to'siq sohasida qimmatli imkoniyatlar yaratadi.		/ɒb.stɪ.kl/	4049
occasional	C1	adj.	tasodifiy	They achieved a occasional result after months of dedicated work.	Ular oylik mashaqqatli mehnatdan soʻng tasodifiy natijaga erishdilar.		/əkeɪ.ʒən.əl/	4050
occupation	C1	n.	kasb	The committee analyzed the impact of occupation on society.	Qoʻmita kasbning jamiyatga taʼsirini tahlil qildi.		/ɒk.jʊpeɪ.ʃən/	4051
occupy	C1	v.	yashamoq	We must occupy carefully to achieve the desired outcome.	Kutilgan natijaga erishish uchun biz ehtiyotkorlik bilan yashamoqimiz kerak.		/ɒk.jʊ.paɪ/	4052
occurrence	C1	n.	hodisa	Modern development creates valuable opportunities in occurrence.	Zamonaviy taraqqiyot hodisa sohasida qimmatli imkoniyatlar yaratadi.		/əkʌr.ənts/	4053
odds	C1	n.	imkoniyat	Understanding the role of odds is vital for long-term growth.	Uzoq muddatli oʻsish uchun imkoniyatning rolini tushunish juda muhimdir.		/ɒdz/	4054
offender	C1	n.	jinoyatchi	The committee analyzed the impact of offender on society.	Qoʻmita jinoyatchining jamiyatga taʼsirini tahlil qildi.		/əfen.dər/	4055
offspring	C1	n.	bola	The new policy pays special attention to offspring.	Yangi siyosat bolaga alohida eʼtibor qaratadi.		/ɒf.sprɪŋ/	4056
ongoing	C1	n.	ongoing atamasi	Understanding the concept of ongoing is valuable in academic studies.	Ilmiy izlanishlarda ongoing atamasi tushunchasini chuqur anglash qadrlidir.		/ongoing/	4057
opera	C1	n.	opera	Understanding the role of opera is vital for long-term growth.	Uzoq muddatli oʻsish uchun operaning rolini tushunish juda muhimdir.		/ɒp.ər.ə/	4058
operational	C1	n.	faoliyat	Understanding the concept of operational is valuable in academic studies.	Ilmiy izlanishlarda faoliyat tushunchasini chuqur anglash qadrlidir.		/ɒp.əreɪ.ʃən/	4059
operator	C1	n.	operator	The new policy pays special attention to operator.	Yangi siyosat operatorga alohida eʼtibor qaratadi.		/ɒp.ər.eɪ.tər/	4060
opt	C1	n.	opt atamasi	Understanding the concept of opt is valuable in academic studies.	Ilmiy izlanishlarda opt atamasi tushunchasini chuqur anglash qadrlidir.		/opt/	4061
optical	C1	adj.	optik	They achieved a optical result after months of dedicated work.	Ular oylik mashaqqatli mehnatdan soʻng optik natijaga erishdilar.		/ɒp.tɪ.kəl/	4062
optimism	C1	n.	optimizm	The committee analyzed the impact of optimism on society.	Qoʻmita optimizmning jamiyatga taʼsirini tahlil qildi.		/ɒp.tɪ.mɪ.zəm/	4063
optimistic	C1	adj.	optimistik	It is essential to maintain a optimistic standard in research.	Tadqiqotda optimistik meʼyorni saqlab qolish juda muhimdir.		/ɒp.tɪmɪs.tɪk/	4064
oral	C1	adj.	og'zaki	The professor provided a oral explanation of the concept.	Professor tushuncha boʻyicha og'zaki izoh berdi.		/ɔ:.rəl/	4065
orchestra	C1	n.	orkestr	Understanding the role of orchestra is vital for long-term growth.	Uzoq muddatli oʻsish uchun orkestrning rolini tushunish juda muhimdir.		/ɔ:.kɪ.strə/	4066
organic	C1	adj.	organik	We observed a organic improvement in student performance.	Biz talabalar koʻrsatkichlarida organik oʻsishni kuzatdik.		/ɔ:gæn.ɪk/	4067
organizational	C1	n.	tashkilot	Understanding the concept of organizational is valuable in academic studies.	Ilmiy izlanishlarda tashkilot tushunchasini chuqur anglash qadrlidir.		/ɔ:.gən.aɪzeɪ.ʃən/	4068
orientation	C1	n.	sharq jarayoni; sharqish	Understanding the concept of orientation is valuable in academic studies.	Ilmiy izlanishlarda sharq jarayoni tushunchasini chuqur anglash qadrlidir.		/ði:ɔ.ri:.ənt/	4069
outbreak	C1	n.	to'satdan boshlanish	Understanding the role of outbreak is vital for long-term growth.	Uzoq muddatli oʻsish uchun to'satdan boshlanishning rolini tushunish juda muhimdir.		/aʊt.breɪk/	4070
outfit	C1	n.	guruh	The committee analyzed the impact of outfit on society.	Qoʻmita guruhning jamiyatga taʼsirini tahlil qildi.		/aʊt.fɪt/	4071
outing	C1	n.	outing atamasi	Understanding the concept of outing is valuable in academic studies.	Ilmiy izlanishlarda outing atamasi tushunchasini chuqur anglash qadrlidir.		/outing/	4072
outlet	C1	n.	chiqish yo'li	Modern development creates valuable opportunities in outlet.	Zamonaviy taraqqiyot chiqish yo'li sohasida qimmatli imkoniyatlar yaratadi.		/aʊt.let/	4073
outlook	C1	n.	dunyoqarash	Understanding the role of outlook is vital for long-term growth.	Uzoq muddatli oʻsish uchun dunyoqarashning rolini tushunish juda muhimdir.		/aʊt.lʊk/	4074
output	C1	n.	mahsulot	The committee analyzed the impact of output on society.	Qoʻmita mahsulotning jamiyatga taʼsirini tahlil qildi.		/aʊt.pʊt/	4075
outrage	C1	n.	g'azab	The new policy pays special attention to outrage.	Yangi siyosat g'azabga alohida eʼtibor qaratadi.		/aʊt.reɪdʒ/	4076
outsider	C1	n.	tashqi tomon	Understanding the concept of outsider is valuable in academic studies.	Ilmiy izlanishlarda tashqi tomon tushunchasini chuqur anglash qadrlidir.		/aʊtsaɪd/	4077
outstanding	C1	adj.	mashhur	They achieved a outstanding result after months of dedicated work.	Ular oylik mashaqqatli mehnatdan soʻng mashhur natijaga erishdilar.		/aʊtstæn.dɪŋ/	4078
overly	C1	adv.	ustida tarzda, ustidaan	Understanding the concept of overly is valuable in academic studies.	Ilmiy izlanishlarda ustida tarzda tushunchasini chuqur anglash qadrlidir.		/əʊ.vər/	4079
overnight	C1	adj.	tuni bilan	It is essential to maintain a overnight standard in research.	Tadqiqotda tuni bilan meʼyorni saqlab qolish juda muhimdir.		/əʊ.vənaɪt/	4080
overseas	C1	adj.	xorijiy	The professor provided a overseas explanation of the concept.	Professor tushuncha boʻyicha xorijiy izoh berdi.		/əʊ.vəsi:z/	4081
oversee	C1	v.	ko'rib chiqmoq	You can oversee new opportunities through daily practice.	Siz har kungi mashq orqali yangi imkoniyatlarni ko'rib chiqmoqingiz mumkin.		/əʊ.vəsi:/	4082
overturn	C1	v.	to'ntarmoq	Experts recommend how to overturn effectively in this situation.	Mutaxassislar bunday vaziyatda qanday qilib samarali to'ntarmoqni tavsiya qiladilar.		/əʊ.vətɜ:n/	4083
overwhelm	C1	v.	ustun kelmoq	We must overwhelm carefully to achieve the desired outcome.	Kutilgan natijaga erishish uchun biz ehtiyotkorlik bilan ustun kelmoqimiz kerak.		/əʊ.vəwelm/	4084
overwhelming	C1	adj.	yengilmas	The professor provided a overwhelming explanation of the concept.	Professor tushuncha boʻyicha yengilmas izoh berdi.		/əʊ.vəwel.mɪŋ/	4085
ownership	C1	n.	mulk egasi	Understanding the concept of ownership is valuable in academic studies.	Ilmiy izlanishlarda mulk egasi tushunchasini chuqur anglash qadrlidir.		/əʊ.nər/	4086
oxygen	C1	n.	kislorod	The committee analyzed the impact of oxygen on society.	Qoʻmita kislorodning jamiyatga taʼsirini tahlil qildi.		/ɒk.sɪ.dʒən/	4087
pad	C1	n.	yostiqcha	The new policy pays special attention to pad.	Yangi siyosat yostiqchaga alohida eʼtibor qaratadi.		/pæd/	4088
palm	C1	n.	palma	Modern development creates valuable opportunities in palm.	Zamonaviy taraqqiyot palma sohasida qimmatli imkoniyatlar yaratadi.		/pɑ:m/	4089
panic	C1	n.	vahima	Understanding the role of panic is vital for long-term growth.	Uzoq muddatli oʻsish uchun vahimaning rolini tushunish juda muhimdir.		/pæn.ɪk/	4090
parade	C1	n.	parad	The committee analyzed the impact of parade on society.	Qoʻmita paradning jamiyatga taʼsirini tahlil qildi.		/pəreɪd/	4091
parallel	C1	adj.	parallel	It is essential to maintain a parallel standard in research.	Tadqiqotda parallel meʼyorni saqlab qolish juda muhimdir.		/pær.ə.lel/	4092
parameter	C1	n.	parametr	Modern development creates valuable opportunities in parameter.	Zamonaviy taraqqiyot parametr sohasida qimmatli imkoniyatlar yaratadi.		/pəræm.ɪ.tər/	4093
parental	C1	n.	ota-ona	Understanding the concept of parental is valuable in academic studies.	Ilmiy izlanishlarda ota-ona tushunchasini chuqur anglash qadrlidir.		/peə.rənt/	4094
parish	C1	n.	yer	The committee analyzed the impact of parish on society.	Qoʻmita yerning jamiyatga taʼsirini tahlil qildi.		/pær.ɪʃ/	4095
parliamentary	C1	n.	parlament	Understanding the concept of parliamentary is valuable in academic studies.	Ilmiy izlanishlarda parlament tushunchasini chuqur anglash qadrlidir.		/pɑ:.lɪ.mənt/	4096
part-time	C1	adj.	qisqartirilgan	The professor provided a part-time explanation of the concept.	Professor tushuncha boʻyicha qisqartirilgan izoh berdi.		/pɑ:ttaɪm/	4097
partial	C1	adj.	qisman	They achieved a partial result after months of dedicated work.	Ular oylik mashaqqatli mehnatdan soʻng qisman natijaga erishdilar.		/pɑ:.ʃəl/	4098
participation	C1	n.	qism jarayoni; qismish	Understanding the concept of participation is valuable in academic studies.	Ilmiy izlanishlarda qism jarayoni tushunchasini chuqur anglash qadrlidir.		/pɑ:t/	4099
partnership	C1	n.	sheriklik	The new policy pays special attention to partnership.	Yangi siyosat sheriklikga alohida eʼtibor qaratadi.		/pɑ:t.nə.ʃɪp/	4100
passionate	C1	adj.	ehtirosli	The professor provided a passionate explanation of the concept.	Professor tushuncha boʻyicha ehtirosli izoh berdi.		/pæʃ.ən.ət/	4101
pastor	C1	n.	o'tgan	Understanding the concept of pastor is valuable in academic studies.	Ilmiy izlanishlarda o'tgan tushunchasini chuqur anglash qadrlidir.		/pɑ:st/	4102
patch	C1	n.	yamoq	The committee analyzed the impact of patch on society.	Qoʻmita yamoqning jamiyatga taʼsirini tahlil qildi.		/pætʃ/	4103
patent	C1	n.	patent	The new policy pays special attention to patent.	Yangi siyosat patentga alohida eʼtibor qaratadi.		/peɪ.tənt/	4104
pathway	C1	n.	yo'lka	Understanding the concept of pathway is valuable in academic studies.	Ilmiy izlanishlarda yo'lka tushunchasini chuqur anglash qadrlidir.		/pɑ:θ/	4105
patience	C1	n.	sabr	Understanding the role of patience is vital for long-term growth.	Uzoq muddatli oʻsish uchun sabrning rolini tushunish juda muhimdir.		/peɪ.ʃənts/	4106
patrol	C1	v.	qo'riqlamoq	Experts recommend how to patrol effectively in this situation.	Mutaxassislar bunday vaziyatda qanday qilib samarali qo'riqlamoqni tavsiya qiladilar.		/pətrəʊl/	4107
patron	C1	n.	homiy	The new policy pays special attention to patron.	Yangi siyosat homiyga alohida eʼtibor qaratadi.		/peɪ.trən/	4108
pause	C1	n.	pauza	Modern development creates valuable opportunities in pause.	Zamonaviy taraqqiyot pauza sohasida qimmatli imkoniyatlar yaratadi.		/pɔ:z/	4109
peak	C1	n.	cho'qqi	Understanding the role of peak is vital for long-term growth.	Uzoq muddatli oʻsish uchun cho'qqining rolini tushunish juda muhimdir.		/pi:k/	4110
peasant	C1	n.	dehqon	The committee analyzed the impact of peasant on society.	Qoʻmita dehqonning jamiyatga taʼsirini tahlil qildi.		/pez.ənt/	4111
peculiar	C1	adj.	g'aroyib	It is essential to maintain a peculiar standard in research.	Tadqiqotda g'aroyib meʼyorni saqlab qolish juda muhimdir.		/pɪkju:.li.ər/	4112
peer	C1	n.	teng	Modern development creates valuable opportunities in peer.	Zamonaviy taraqqiyot teng sohasida qimmatli imkoniyatlar yaratadi.		/pɪər/	4113
penalty	C1	n.	jazo	Understanding the role of penalty is vital for long-term growth.	Uzoq muddatli oʻsish uchun jazoning rolini tushunish juda muhimdir.		/pen.əl.ti/	4114
perception	C1	n.	fikr	The committee analyzed the impact of perception on society.	Qoʻmita fikrning jamiyatga taʼsirini tahlil qildi.		/pəsep.ʃən/	4115
persist	C1	v.	matonat ko'rsatmoq	We must persist carefully to achieve the desired outcome.	Kutilgan natijaga erishish uchun biz ehtiyotkorlik bilan matonat ko'rsatmoqimiz kerak.		/pəsɪst/	4116
persistent	C1	adj.	matonatli	The professor provided a persistent explanation of the concept.	Professor tushuncha boʻyicha matonatli izoh berdi.		/pəsɪs.tənt/	4117
personnel	C1	n.	xodimlar	Understanding the role of personnel is vital for long-term growth.	Uzoq muddatli oʻsish uchun xodimlarning rolini tushunish juda muhimdir.		/pɜ:.sənel/	4118
petition	C1	n.	so'rovnoma	The committee analyzed the impact of petition on society.	Qoʻmita so'rovnomaning jamiyatga taʼsirini tahlil qildi.		/pətɪʃ.ən/	4119
philosopher	C1	n.	faylasuf	The new policy pays special attention to philosopher.	Yangi siyosat faylasufga alohida eʼtibor qaratadi.		/fɪlɒs.ə.fər/	4120
philosophical	C1	n.	philosophical atamasi	Understanding the concept of philosophical is valuable in academic studies.	Ilmiy izlanishlarda philosophical atamasi tushunchasini chuqur anglash qadrlidir.		/philosophical/	4121
physician	C1	n.	shifokor	Understanding the role of physician is vital for long-term growth.	Uzoq muddatli oʻsish uchun shifokorning rolini tushunish juda muhimdir.		/fɪzɪʃ.ən/	4122
pill	C1	n.	dori	The committee analyzed the impact of pill on society.	Qoʻmita dorining jamiyatga taʼsirini tahlil qildi.		/pɪl/	4123
pioneer	C1	n.	birinchi boshlovchi	The new policy pays special attention to pioneer.	Yangi siyosat birinchi boshlovchiga alohida eʼtibor qaratadi.		/paɪənɪər/	4124
pipeline	C1	n.	quvur	Modern development creates valuable opportunities in pipeline.	Zamonaviy taraqqiyot quvur sohasida qimmatli imkoniyatlar yaratadi.		/paɪp.laɪn/	4125
pirate	C1	n.	qaroqchi	Understanding the role of pirate is vital for long-term growth.	Uzoq muddatli oʻsish uchun qaroqchining rolini tushunish juda muhimdir.		/paɪ.rət/	4126
pit	C1	n.	chuqurlik	The committee analyzed the impact of pit on society.	Qoʻmita chuqurlikning jamiyatga taʼsirini tahlil qildi.		/pɪt/	4127
pity	C1	n.	achinish	The new policy pays special attention to pity.	Yangi siyosat achinishga alohida eʼtibor qaratadi.		/pɪt.i/	4128
plea	C1	n.	iltimos	Modern development creates valuable opportunities in plea.	Zamonaviy taraqqiyot iltimos sohasida qimmatli imkoniyatlar yaratadi.		/pli:/	4129
plead	C1	v.	yolvormoq	You can plead new opportunities through daily practice.	Siz har kungi mashq orqali yangi imkoniyatlarni yolvormoqingiz mumkin.		/pli:d/	4130
pledge	C1	n.	kafolat	The committee analyzed the impact of pledge on society.	Qoʻmita kafolatning jamiyatga taʼsirini tahlil qildi.		/pledʒ/	4131
plug	C1	n.	moslama	The new policy pays special attention to plug.	Yangi siyosat moslamaga alohida eʼtibor qaratadi.		/plʌg/	4132
plunge	C1	v.	sho'ng'imoq	The team worked together to plunge the project requirements.	Jamoa loyiha talablarini sho'ng'imoq uchun birgalikda ishladi.		/plʌndʒ/	4133
pole	C1	n.	qutb	Understanding the role of pole is vital for long-term growth.	Uzoq muddatli oʻsish uchun qutbning rolini tushunish juda muhimdir.		/pəʊl/	4134
poll	C1	v.	ovoz yig'moq	Experts recommend how to poll effectively in this situation.	Mutaxassislar bunday vaziyatda qanday qilib samarali ovoz yig'moqni tavsiya qiladilar.		/pəʊl/	4135
pond	C1	n.	hovuz	The new policy pays special attention to pond.	Yangi siyosat hovuzga alohida eʼtibor qaratadi.		/pɒnd/	4136
pop	C1	n.	zamonaviy musiqa	Modern development creates valuable opportunities in pop.	Zamonaviy taraqqiyot zamonaviy musiqa sohasida qimmatli imkoniyatlar yaratadi.		/pɒp/	4137
portfolio	C1	n.	portfel	Understanding the role of portfolio is vital for long-term growth.	Uzoq muddatli oʻsish uchun portfelning rolini tushunish juda muhimdir.		/pɔ:tfəʊ.li.əʊ/	4138
portion	C1	n.	ulush	The committee analyzed the impact of portion on society.	Qoʻmita ulushning jamiyatga taʼsirini tahlil qildi.		/pɔ:.ʃən/	4139
portray	C1	v.	tasvirlamoq	We must portray carefully to achieve the desired outcome.	Kutilgan natijaga erishish uchun biz ehtiyotkorlik bilan tasvirlamoqimiz kerak.		/pɔ:treɪ/	4140
post-war	C1	n.	pochta	Understanding the concept of post-war is valuable in academic studies.	Ilmiy izlanishlarda pochta tushunchasini chuqur anglash qadrlidir.		/pəʊst/	4141
practitioner	C1	n.	amaliyotchi	Understanding the role of practitioner is vital for long-term growth.	Uzoq muddatli oʻsish uchun amaliyotchining rolini tushunish juda muhimdir.		/præktɪʃ.ən.ər/	4142
preach	C1	v.	vaz o'qimoq	Experts recommend how to preach effectively in this situation.	Mutaxassislar bunday vaziyatda qanday qilib samarali vaz o'qimoqni tavsiya qiladilar.		/pri:tʃ/	4143
precede	C1	v.	oldin bo'lmoq	We must precede carefully to achieve the desired outcome.	Kutilgan natijaga erishish uchun biz ehtiyotkorlik bilan oldin bo'lmoqimiz kerak.		/prɪsi:d/	4144
precedent	C1	n.	namuna	Modern development creates valuable opportunities in precedent.	Zamonaviy taraqqiyot namuna sohasida qimmatli imkoniyatlar yaratadi.		/pres.ɪ.dənt/	4145
precious	C1	adj.	qimmatbaho	They achieved a precious result after months of dedicated work.	Ular oylik mashaqqatli mehnatdan soʻng qimmatbaho natijaga erishdilar.		/preʃ.əs/	4146
precise	C1	adj.	aniq	We observed a precise improvement in student performance.	Biz talabalar koʻrsatkichlarida aniq oʻsishni kuzatdik.		/prɪsaɪs/	4147
precision	C1	n.	aniqlik	The new policy pays special attention to precision.	Yangi siyosat aniqlikga alohida eʼtibor qaratadi.		/prɪsɪʒ.ən/	4148
predator	C1	n.	predator atamasi	Understanding the concept of predator is valuable in academic studies.	Ilmiy izlanishlarda predator atamasi tushunchasini chuqur anglash qadrlidir.		/predator/	4149
predecessor	C1	n.	ajdod	Understanding the role of predecessor is vital for long-term growth.	Uzoq muddatli oʻsish uchun ajdodning rolini tushunish juda muhimdir.		/pri:.dɪses.ər/	4150
predictable	C1	adj.	oldindan aytib bo'ladigan	We observed a predictable improvement in student performance.	Biz talabalar koʻrsatkichlarida oldindan aytib bo'ladigan oʻsishni kuzatdik.		/prɪdɪk.tə.bl ̩/	4151
pregnancy	C1	n.	homiladorlik	The new policy pays special attention to pregnancy.	Yangi siyosat homiladorlikga alohida eʼtibor qaratadi.		/preg.nənt.si/	4152
prejudice	C1	n.	uydirma	Modern development creates valuable opportunities in prejudice.	Zamonaviy taraqqiyot uydirma sohasida qimmatli imkoniyatlar yaratadi.		/predʒ.ʊ.dɪs/	4153
preliminary	C1	adj.	oldingi	They achieved a preliminary result after months of dedicated work.	Ular oylik mashaqqatli mehnatdan soʻng oldingi natijaga erishdilar.		/prɪlɪm.ɪ.nər.i/	4154
premier	C1	adj.	bosh	We observed a premier improvement in student performance.	Biz talabalar koʻrsatkichlarida bosh oʻsishni kuzatdik.		/prem.i.ər/	4155
premise	C1	n.	asos	The new policy pays special attention to premise.	Yangi siyosat asosga alohida eʼtibor qaratadi.		/prem.ɪs/	4156
premium	C1	n.	qo'shimcha	Modern development creates valuable opportunities in premium.	Zamonaviy taraqqiyot qo'shimcha sohasida qimmatli imkoniyatlar yaratadi.		/pri:.mi.əm/	4157
prescribe	C1	v.	buyurmoq	You can prescribe new opportunities through daily practice.	Siz har kungi mashq orqali yangi imkoniyatlarni buyurmoqingiz mumkin.		/prɪskraɪb/	4158
prescription	C1	n.	ro'yxat	The committee analyzed the impact of prescription on society.	Qoʻmita ro'yxatning jamiyatga taʼsirini tahlil qildi.		/prɪskrɪp.ʃən/	4159
preservation	C1	n.	muhofaza	The new policy pays special attention to preservation.	Yangi siyosat muhofazaga alohida eʼtibor qaratadi.		/prez.əveɪ.ʃən/	4160
preside	C1	v.	raislik qilmoq	The team worked together to preside the project requirements.	Jamoa loyiha talablarini raislik qilmoq uchun birgalikda ishladi.		/prɪzaɪd/	4161
presidency	C1	n.	prezidentlik lavozimi	Understanding the role of presidency is vital for long-term growth.	Uzoq muddatli oʻsish uchun prezidentlik lavozimining rolini tushunish juda muhimdir.		/prez.ɪ.dənt.si/	4162
presidential	C1	n.	prezident	Understanding the concept of presidential is valuable in academic studies.	Ilmiy izlanishlarda prezident tushunchasini chuqur anglash qadrlidir.		/prez.ɪ.dənt/	4163
prestigious	C1	n.	prestigious atamasi	Understanding the concept of prestigious is valuable in academic studies.	Ilmiy izlanishlarda prestigious atamasi tushunchasini chuqur anglash qadrlidir.		/prestigious/	4164
presumably	C1	adv.	taxminan	The team worked together to presumably the project requirements.	Jamoa loyiha talablarini taxminan uchun birgalikda ishladi.		/prɪzju:.mə.bli/	4165
presume	C1	v.	taxmin qilmoq	You can presume new opportunities through daily practice.	Siz har kungi mashq orqali yangi imkoniyatlarni taxmin qilmoqingiz mumkin.		/prɪzju:m/	4166
prevail	C1	v.	hukmronlik qilmoq	Experts recommend how to prevail effectively in this situation.	Mutaxassislar bunday vaziyatda qanday qilib samarali hukmronlik qilmoqni tavsiya qiladilar.		/prɪveɪl/	4167
prevalence	C1	n.	prevalence atamasi	Understanding the concept of prevalence is valuable in academic studies.	Ilmiy izlanishlarda prevalence atamasi tushunchasini chuqur anglash qadrlidir.		/prevalence/	4168
prey	C1	n.	ov	Modern development creates valuable opportunities in prey.	Zamonaviy taraqqiyot ov sohasida qimmatli imkoniyatlar yaratadi.		/preɪ/	4169
pride	C1	n.	g'urur	Understanding the role of pride is vital for long-term growth.	Uzoq muddatli oʻsish uchun g'ururning rolini tushunish juda muhimdir.		/praɪd/	4170
principal	C1	adj.	asosiy	We observed a principal improvement in student performance.	Biz talabalar koʻrsatkichlarida asosiy oʻsishni kuzatdik.		/prɪnt.sɪ.pəl/	4171
prior	C1	adj.	oldingi	It is essential to maintain a prior standard in research.	Tadqiqotda oldingi meʼyorni saqlab qolish juda muhimdir.		/praɪər/	4172
privatization	C1	n.	privatization atamasi	Understanding the concept of privatization is valuable in academic studies.	Ilmiy izlanishlarda privatization atamasi tushunchasini chuqur anglash qadrlidir.		/privatization/	4173
privilege	C1	n.	imtiyoz	Understanding the role of privilege is vital for long-term growth.	Uzoq muddatli oʻsish uchun imtiyozning rolini tushunish juda muhimdir.		/prɪv.əl.ɪdʒ/	4174
probability	C1	n.	ehtimollik	The committee analyzed the impact of probability on society.	Qoʻmita ehtimollikning jamiyatga taʼsirini tahlil qildi.		/prɒb.əbɪl.ɪ.ti/	4175
probable	C1	adj.	eehtimoli bo'lgan	It is essential to maintain a probable standard in research.	Tadqiqotda eehtimoli bo'lgan meʼyorni saqlab qolish juda muhimdir.		/prɒb.ə.bl ̩/	4176
probe	C1	v.	surishtirmoq	The team worked together to probe the project requirements.	Jamoa loyiha talablarini surishtirmoq uchun birgalikda ishladi.		/prəʊb/	4177
problematic	C1	n.	muammo	Understanding the concept of problematic is valuable in academic studies.	Ilmiy izlanishlarda muammo tushunchasini chuqur anglash qadrlidir.		/prɒb.ləm/	4178
processing	C1	n./adj.	jarayonayotgan; jarayonish	Understanding the concept of processing is valuable in academic studies.	Ilmiy izlanishlarda jarayonayotgan tushunchasini chuqur anglash qadrlidir.		/prəʊ.ses/	4179
processor	C1	n.	jarayon	Understanding the concept of processor is valuable in academic studies.	Ilmiy izlanishlarda jarayon tushunchasini chuqur anglash qadrlidir.		/prəʊ.ses/	4180
proclaim	C1	v.	elon qilmoq	The team worked together to proclaim the project requirements.	Jamoa loyiha talablarini elon qilmoq uchun birgalikda ishladi.		/prəʊkleɪm/	4181
productive	C1	adj.	unumli	They achieved a productive result after months of dedicated work.	Ular oylik mashaqqatli mehnatdan soʻng unumli natijaga erishdilar.		/prədʌk.tɪv/	4182
productivity	C1	n.	unumdorlik	The committee analyzed the impact of productivity on society.	Qoʻmita unumdorlikning jamiyatga taʼsirini tahlil qildi.		/prɒd.ʌktɪv.ɪ.ti/	4183
profitable	C1	adj.	foydali	It is essential to maintain a profitable standard in research.	Tadqiqotda foydali meʼyorni saqlab qolish juda muhimdir.		/prɒf.ɪ.tə.bl ̩/	4184
profound	C1	adj.	teran	The professor provided a profound explanation of the concept.	Professor tushuncha boʻyicha teran izoh berdi.		/prəfaʊnd/	4185
programming	C1	n./adj.	dasturayotgan; dasturish	Understanding the concept of programming is valuable in academic studies.	Ilmiy izlanishlarda dasturayotgan tushunchasini chuqur anglash qadrlidir.		/prəʊ.græm/	4186
progressive	C1	adj.	rivojlanayotgan	We observed a progressive improvement in student performance.	Biz talabalar koʻrsatkichlarida rivojlanayotgan oʻsishni kuzatdik.		/prəgres.ɪv/	4187
projection	C1	n.	loyihalashtirish	The new policy pays special attention to projection.	Yangi siyosat loyihalashtirishga alohida eʼtibor qaratadi.		/prədʒek.ʃən/	4188
prominent	C1	adj.	mashhur	The professor provided a prominent explanation of the concept.	Professor tushuncha boʻyicha mashhur izoh berdi.		/prɒm.ɪ.nənt/	4189
promising	C1	adj.	kutilgan	They achieved a promising result after months of dedicated work.	Ular oylik mashaqqatli mehnatdan soʻng kutilgan natijaga erishdilar.		/prɒm.ɪ.sɪŋ/	4190
promotion	C1	n.	reklama qilish	The committee analyzed the impact of promotion on society.	Qoʻmita reklama qilishning jamiyatga taʼsirini tahlil qildi.		/prəməʊ.ʃən/	4191
prompt	C1	v.	undamoq	We must prompt carefully to achieve the desired outcome.	Kutilgan natijaga erishish uchun biz ehtiyotkorlik bilan undamoqimiz kerak.		/prɒmpt/	4192
pronounced	C1	n.	talaffuz qilmoq	Understanding the concept of pronounced is valuable in academic studies.	Ilmiy izlanishlarda talaffuz qilmoq tushunchasini chuqur anglash qadrlidir.		/prənaʊnts/	4193
propaganda	C1	n.	tashviqot	Understanding the role of propaganda is vital for long-term growth.	Uzoq muddatli oʻsish uchun tashviqotning rolini tushunish juda muhimdir.		/prɒp.əgæn.də/	4194
proportion	C1	n.	proporsiya	The committee analyzed the impact of proportion on society.	Qoʻmita proporsiyaning jamiyatga taʼsirini tahlil qildi.		/prəpɔ:.ʃən/	4195
proposition	C1	n.	loyiha	The new policy pays special attention to proposition.	Yangi siyosat loyihaga alohida eʼtibor qaratadi.		/prɒp.əzɪʃ.ən/	4196
prosecute	C1	v.	jazolamoq	The team worked together to prosecute the project requirements.	Jamoa loyiha talablarini jazolamoq uchun birgalikda ishladi.		/prɒs.ɪ.kju:t/	4197
prosecution	C1	n.	ayblov	Understanding the role of prosecution is vital for long-term growth.	Uzoq muddatli oʻsish uchun ayblovning rolini tushunish juda muhimdir.		/prɒs.ɪkju:.ʃən/	4198
prosecutor	C1	n.	prokuror	The committee analyzed the impact of prosecutor on society.	Qoʻmita prokurorning jamiyatga taʼsirini tahlil qildi.		/prɒs.ɪ.kju:.tər/	4199
prospective	C1	adj.	kutilayotgan	It is essential to maintain a prospective standard in research.	Tadqiqotda kutilayotgan meʼyorni saqlab qolish juda muhimdir.		/prəspek.tɪv/	4200
prosperity	C1	n.	ravnaq topish	Modern development creates valuable opportunities in prosperity.	Zamonaviy taraqqiyot ravnaq topish sohasida qimmatli imkoniyatlar yaratadi.		/prɒsper.ɪ.ti/	4201
protein	C1	n.	protein	Understanding the role of protein is vital for long-term growth.	Uzoq muddatli oʻsish uchun proteinning rolini tushunish juda muhimdir.		/prəʊ.ti:n/	4202
protester	C1	n.	norozilik	Understanding the concept of protester is valuable in academic studies.	Ilmiy izlanishlarda norozilik tushunchasini chuqur anglash qadrlidir.		/prəʊ.test/	4203
province	C1	n.	viloyat	The new policy pays special attention to province.	Yangi siyosat viloyatga alohida eʼtibor qaratadi.		/prɒv.ɪnts/	4204
provincial	C1	n.	qishloqi	Modern development creates valuable opportunities in provincial.	Zamonaviy taraqqiyot qishloqi sohasida qimmatli imkoniyatlar yaratadi.		/prəvɪn.tʃəl/	4205
provision	C1	n.	taminot	Understanding the role of provision is vital for long-term growth.	Uzoq muddatli oʻsish uchun taminotning rolini tushunish juda muhimdir.		/prəvɪʒ.ən/	4206
provoke	C1	v.	jahlini chiqarmoq	Experts recommend how to provoke effectively in this situation.	Mutaxassislar bunday vaziyatda qanday qilib samarali jahlini chiqarmoqni tavsiya qiladilar.		/prəvəʊk/	4207
psychiatric	C1	n.	psychiatric atamasi	Understanding the concept of psychiatric is valuable in academic studies.	Ilmiy izlanishlarda psychiatric atamasi tushunchasini chuqur anglash qadrlidir.		/psychiatric/	4208
psychological	C1	adj.	psixologik	The professor provided a psychological explanation of the concept.	Professor tushuncha boʻyicha psixologik izoh berdi.		/saɪ.kəlɒdʒ.ɪ.kəl/	4209
publicity	C1	n.	oshkorlik	Understanding the role of publicity is vital for long-term growth.	Uzoq muddatli oʻsish uchun oshkorlikning rolini tushunish juda muhimdir.		/pʌblɪs.ɪ.ti/	4210
pump	C1	n.	nasos	The committee analyzed the impact of pump on society.	Qoʻmita nasosning jamiyatga taʼsirini tahlil qildi.		/pʌmp/	4211
punch	C1	n.	qattiq urmoq	The new policy pays special attention to punch.	Yangi siyosat qattiq urmoqga alohida eʼtibor qaratadi.		/pʌntʃ/	4212
punk	C1	n.	punk atamasi	Understanding the concept of punk is valuable in academic studies.	Ilmiy izlanishlarda punk atamasi tushunchasini chuqur anglash qadrlidir.		/punk/	4213
pursuit	C1	n.	izlanish	Understanding the role of pursuit is vital for long-term growth.	Uzoq muddatli oʻsish uchun izlanishning rolini tushunish juda muhimdir.		/pəsju:t/	4214
puzzle	C1	n.	jumboq	The committee analyzed the impact of puzzle on society.	Qoʻmita jumboqning jamiyatga taʼsirini tahlil qildi.		/pʌz.l ̩/	4215
query	C1	n.	savol	The new policy pays special attention to query.	Yangi siyosat savolga alohida eʼtibor qaratadi.		/kwɪə.ri/	4216
quest	C1	n.	qidirish	Modern development creates valuable opportunities in quest.	Zamonaviy taraqqiyot qidirish sohasida qimmatli imkoniyatlar yaratadi.		/kwest/	4217
questionnaire	C1	n.	so'rovnoma	Understanding the role of questionnaire is vital for long-term growth.	Uzoq muddatli oʻsish uchun so'rovnomaning rolini tushunish juda muhimdir.		/kwes.tʃəneər/	4218
quota	C1	n.	hissa	The committee analyzed the impact of quota on society.	Qoʻmita hissaning jamiyatga taʼsirini tahlil qildi.		/kwəʊ.tə/	4219
racial	C1	adj.	irqiy	It is essential to maintain a racial standard in research.	Tadqiqotda irqiy meʼyorni saqlab qolish juda muhimdir.		/reɪ.ʃəl/	4220
racism	C1	n.	irqchilik	Modern development creates valuable opportunities in racism.	Zamonaviy taraqqiyot irqchilik sohasida qimmatli imkoniyatlar yaratadi.		/reɪ.sɪ.zəm/	4221
racist	C1	n.	irqchi	Understanding the role of racist is vital for long-term growth.	Uzoq muddatli oʻsish uchun irqchining rolini tushunish juda muhimdir.		/reɪ.sɪst/	4222
radar	C1	n.	radar	The committee analyzed the impact of radar on society.	Qoʻmita radarning jamiyatga taʼsirini tahlil qildi.		/reɪ.dɑ:r/	4223
radiation	C1	n.	nurlanish	The new policy pays special attention to radiation.	Yangi siyosat nurlanishga alohida eʼtibor qaratadi.		/reɪ.dieɪ.ʃən/	4224
radical	C1	adj.	radikal	The professor provided a radical explanation of the concept.	Professor tushuncha boʻyicha radikal izoh berdi.		/ræd.ɪ.kəl/	4225
rage	C1	n.	jahl	Understanding the role of rage is vital for long-term growth.	Uzoq muddatli oʻsish uchun jahlning rolini tushunish juda muhimdir.		/reɪdʒ/	4226
raid	C1	n.	hujum	The committee analyzed the impact of raid on society.	Qoʻmita hujumning jamiyatga taʼsirini tahlil qildi.		/reɪd/	4227
rail	C1	n.	temir yo'l	The new policy pays special attention to rail.	Yangi siyosat temir yo'lga alohida eʼtibor qaratadi.		/reɪl/	4228
rally	C1	n.	majlis	Modern development creates valuable opportunities in rally.	Zamonaviy taraqqiyot majlis sohasida qimmatli imkoniyatlar yaratadi.		/ræl.i/	4229
random	C1	adj.	tasodifiy	They achieved a random result after months of dedicated work.	Ular oylik mashaqqatli mehnatdan soʻng tasodifiy natijaga erishdilar.		/ræn.dəm/	4230
ranking	C1	n./adj.	unvonayotgan; unvonish	Understanding the concept of ranking is valuable in academic studies.	Ilmiy izlanishlarda unvonayotgan tushunchasini chuqur anglash qadrlidir.		/ræŋk/	4231
rape	C1	v.	zo'rlamoq	We must rape carefully to achieve the desired outcome.	Kutilgan natijaga erishish uchun biz ehtiyotkorlik bilan zo'rlamoqimiz kerak.		/reɪp/	4232
rat	C1	n.	kalamush	Modern development creates valuable opportunities in rat.	Zamonaviy taraqqiyot kalamush sohasida qimmatli imkoniyatlar yaratadi.		/ræt/	4233
rating	C1	n.	reyting	Understanding the role of rating is vital for long-term growth.	Uzoq muddatli oʻsish uchun reytingning rolini tushunish juda muhimdir.		/reɪ.tɪŋ/	4234
ratio	C1	n.	nisbat	The committee analyzed the impact of ratio on society.	Qoʻmita nisbatning jamiyatga taʼsirini tahlil qildi.		/reɪ.ʃi.əʊ/	4235
rational	C1	adj.	mantiqiy	It is essential to maintain a rational standard in research.	Tadqiqotda mantiqiy meʼyorni saqlab qolish juda muhimdir.		/ræʃ.ən.əl/	4236
ray	C1	n.	nur	Modern development creates valuable opportunities in ray.	Zamonaviy taraqqiyot nur sohasida qimmatli imkoniyatlar yaratadi.		/reɪ/	4237
realization	C1	n.	amalga oshirish	Understanding the role of realization is vital for long-term growth.	Uzoq muddatli oʻsish uchun amalga oshirishning rolini tushunish juda muhimdir.		/rɪə.laɪzeɪ.ʃən/	4238
realm	C1	n.	soha	The committee analyzed the impact of realm on society.	Qoʻmita sohaning jamiyatga taʼsirini tahlil qildi.		/relm/	4239
rear	C1	adj.	orqasi	It is essential to maintain a rear standard in research.	Tadqiqotda orqasi meʼyorni saqlab qolish juda muhimdir.		/rɪər/	4240
reasoning	C1	n./adj.	sababayotgan; sababish	Understanding the concept of reasoning is valuable in academic studies.	Ilmiy izlanishlarda sababayotgan tushunchasini chuqur anglash qadrlidir.		/ri:.zən/	4241
reassure	C1	v.	tinchlantirmoq	You can reassure new opportunities through daily practice.	Siz har kungi mashq orqali yangi imkoniyatlarni tinchlantirmoqingiz mumkin.		/ri:.əʃɔ:r/	4242
rebel	C1	n.	isyonchi	The committee analyzed the impact of rebel on society.	Qoʻmita isyonchining jamiyatga taʼsirini tahlil qildi.		/reb.əl/	4243
rebellion	C1	n.	qo'zg'olon	The new policy pays special attention to rebellion.	Yangi siyosat qo'zg'olonga alohida eʼtibor qaratadi.		/rɪbel.i.ən/	4244
rebuild	C1	v.	qayta qurmoq	The team worked together to rebuild the project requirements.	Jamoa loyiha talablarini qayta qurmoq uchun birgalikda ishladi.		/ri:bɪld/	4245
recession	C1	n.	iqtisodiy turg'unlik	Understanding the role of recession is vital for long-term growth.	Uzoq muddatli oʻsish uchun iqtisodiy turg'unlikning rolini tushunish juda muhimdir.		/rɪseʃ.ən/	4246
recipient	C1	n.	qabul qiluvchi	The committee analyzed the impact of recipient on society.	Qoʻmita qabul qiluvchining jamiyatga taʼsirini tahlil qildi.		/rɪsɪp.i.ənt/	4247
reckon	C1	v.	hisoblamoq	We must reckon carefully to achieve the desired outcome.	Kutilgan natijaga erishish uchun biz ehtiyotkorlik bilan hisoblamoqimiz kerak.		/rek.ən/	4248
recognition	C1	n.	tan olish	Modern development creates valuable opportunities in recognition.	Zamonaviy taraqqiyot tan olish sohasida qimmatli imkoniyatlar yaratadi.		/rek.əgnɪʃ.ən/	4249
reconstruction	C1	n.	reconstruction atamasi	Understanding the concept of reconstruction is valuable in academic studies.	Ilmiy izlanishlarda reconstruction atamasi tushunchasini chuqur anglash qadrlidir.		/reconstruction/	4250
recount	C1	v.	aytib bermoq	Experts recommend how to recount effectively in this situation.	Mutaxassislar bunday vaziyatda qanday qilib samarali aytib bermoqni tavsiya qiladilar.		/rɪkaʊnt/	4251
recruit	C1	n.	chaqiruv	The new policy pays special attention to recruit.	Yangi siyosat chaqiruvga alohida eʼtibor qaratadi.		/rɪkru:t/	4252
recruitment	C1	n.	chaqiruvlik, xususiyat	Understanding the concept of recruitment is valuable in academic studies.	Ilmiy izlanishlarda chaqiruvlik tushunchasini chuqur anglash qadrlidir.		/rɪkru:t/	4253
referee	C1	n.	hakam	Understanding the role of referee is vital for long-term growth.	Uzoq muddatli oʻsish uchun hakamning rolini tushunish juda muhimdir.		/ref.əri:/	4254
referendum	C1	n.	referendum	The committee analyzed the impact of referendum on society.	Qoʻmita referendumning jamiyatga taʼsirini tahlil qildi.		/ref.əren.dəm/	4255
reform	C1	v.	yaxshilanmoq	We must reform carefully to achieve the desired outcome.	Kutilgan natijaga erishish uchun biz ehtiyotkorlik bilan yaxshilanmoqimiz kerak.		/rɪfɔ:m/	4256
refuge	C1	n.	boshpana	Modern development creates valuable opportunities in refuge.	Zamonaviy taraqqiyot boshpana sohasida qimmatli imkoniyatlar yaratadi.		/ref.ju:dʒ/	4257
refugee	C1	n.	qochoq	Understanding the role of refugee is vital for long-term growth.	Uzoq muddatli oʻsish uchun qochoqning rolini tushunish juda muhimdir.		/ref.jʊdʒi:/	4258
refusal	C1	n.	rad etish	The committee analyzed the impact of refusal on society.	Qoʻmita rad etishning jamiyatga taʼsirini tahlil qildi.		/rɪfju:.zəl/	4259
regain	C1	v.	qaytib olmoq	We must regain carefully to achieve the desired outcome.	Kutilgan natijaga erishish uchun biz ehtiyotkorlik bilan qaytib olmoqimiz kerak.		/rɪgeɪn/	4260
regime	C1	n.	tartib	Modern development creates valuable opportunities in regime.	Zamonaviy taraqqiyot tartib sohasida qimmatli imkoniyatlar yaratadi.		/reɪʒi:m/	4261
registration	C1	n.	ro'yxat	Understanding the role of registration is vital for long-term growth.	Uzoq muddatli oʻsish uchun ro'yxatning rolini tushunish juda muhimdir.		/redʒ.ɪstreɪ.ʃən/	4262
regulator	C1	n.	boshqarib turuvchi	The committee analyzed the impact of regulator on society.	Qoʻmita boshqarib turuvchining jamiyatga taʼsirini tahlil qildi.		/reg.jʊ.leɪ.tər/	4263
regulatory	C1	n.	boshqarib turuvchi	Understanding the concept of regulatory is valuable in academic studies.	Ilmiy izlanishlarda boshqarib turuvchi tushunchasini chuqur anglash qadrlidir.		/reg.jʊ.leɪ.tər/	4264
rehabilitation	C1	n.	rehabilitation atamasi	Understanding the concept of rehabilitation is valuable in academic studies.	Ilmiy izlanishlarda rehabilitation atamasi tushunchasini chuqur anglash qadrlidir.		/rehabilitation/	4265
reign	C1	v.	podshohlik qilmoq	You can reign new opportunities through daily practice.	Siz har kungi mashq orqali yangi imkoniyatlarni podshohlik qilmoqingiz mumkin.		/reɪn/	4266
rejection	C1	n.	rad etish	The committee analyzed the impact of rejection on society.	Qoʻmita rad etishning jamiyatga taʼsirini tahlil qildi.		/rɪdʒek.ʃən/	4267
relevance	C1	n.	relevance atamasi	Understanding the concept of relevance is valuable in academic studies.	Ilmiy izlanishlarda relevance atamasi tushunchasini chuqur anglash qadrlidir.		/relevance/	4268
reliability	C1	n.	ishonchlilik	Modern development creates valuable opportunities in reliability.	Zamonaviy taraqqiyot ishonchlilik sohasida qimmatli imkoniyatlar yaratadi.		/rɪlaɪəbɪl.ɪ.ti/	4269
relieve	C1	v.	yordam bermoq	You can relieve new opportunities through daily practice.	Siz har kungi mashq orqali yangi imkoniyatlarni yordam bermoqingiz mumkin.		/rɪli:v/	4270
relieved	C1	n.	yordam bermoq	Understanding the concept of relieved is valuable in academic studies.	Ilmiy izlanishlarda yordam bermoq tushunchasini chuqur anglash qadrlidir.		/rɪli:v/	4271
reluctant	C1	adj.	xohishsiz	It is essential to maintain a reluctant standard in research.	Tadqiqotda xohishsiz meʼyorni saqlab qolish juda muhimdir.		/rɪlʌk.tənt/	4272
remarkable	C1	adj.	g'aroyib	The professor provided a remarkable explanation of the concept.	Professor tushuncha boʻyicha g'aroyib izoh berdi.		/rɪmɑ:.kə.bl/	4273
remedy	C1	n.	davo	Understanding the role of remedy is vital for long-term growth.	Uzoq muddatli oʻsish uchun davoning rolini tushunish juda muhimdir.		/rem.ə.di/	4274
removal	C1	n.	chetlashtirish	The committee analyzed the impact of removal on society.	Qoʻmita chetlashtirishning jamiyatga taʼsirini tahlil qildi.		/rɪmu:.vəl/	4275
render	C1	v.	sabab bo'lmoq	We must render carefully to achieve the desired outcome.	Kutilgan natijaga erishish uchun biz ehtiyotkorlik bilan sabab bo'lmoqimiz kerak.		/ren.dər/	4276
renowned	C1	adj.	taniqli	The professor provided a renowned explanation of the concept.	Professor tushuncha boʻyicha taniqli izoh berdi.		/rɪnaʊnd/	4277
rental	C1	n.	ijaraga bermoq	Understanding the concept of rental is valuable in academic studies.	Ilmiy izlanishlarda ijaraga bermoq tushunchasini chuqur anglash qadrlidir.		/rent/	4278
reportedly	C1	adv.	xabar bermoq tarzda, xabar bermoqan	Understanding the concept of reportedly is valuable in academic studies.	Ilmiy izlanishlarda xabar bermoq tarzda tushunchasini chuqur anglash qadrlidir.		/rɪpɔ:t/	4279
representation	C1	n.	namoyish qilish	The new policy pays special attention to representation.	Yangi siyosat namoyish qilishga alohida eʼtibor qaratadi.		/rep.rɪ.zenteɪ.ʃən/	4280
reproduce	C1	v.	qayta chiqarmoq	The team worked together to reproduce the project requirements.	Jamoa loyiha talablarini qayta chiqarmoq uchun birgalikda ishladi.		/ri:.prədju:s/	4281
reproduction	C1	n.	qayta ishlash	Understanding the role of reproduction is vital for long-term growth.	Uzoq muddatli oʻsish uchun qayta ishlashning rolini tushunish juda muhimdir.		/ri:.prədʌk.ʃən/	4282
republic	C1	n.	respublika	The committee analyzed the impact of republic on society.	Qoʻmita respublikaning jamiyatga taʼsirini tahlil qildi.		/rɪpʌb.lɪk/	4283
resemble	C1	v.	o'xshamoq	We must resemble carefully to achieve the desired outcome.	Kutilgan natijaga erishish uchun biz ehtiyotkorlik bilan o'xshamoqimiz kerak.		/rɪzem.bl ̩/	4284
reside	C1	v.	yashamoq	The team worked together to reside the project requirements.	Jamoa loyiha talablarini yashamoq uchun birgalikda ishladi.		/rɪzaɪd/	4285
residence	C1	n.	turar joy	Understanding the role of residence is vital for long-term growth.	Uzoq muddatli oʻsish uchun turar joyning rolini tushunish juda muhimdir.		/rez.ɪ.dənts/	4286
residential	C1	n.	uy egasi	Understanding the concept of residential is valuable in academic studies.	Ilmiy izlanishlarda uy egasi tushunchasini chuqur anglash qadrlidir.		/rez.ɪ.dənt/	4287
residue	C1	n.	qoldiq	The new policy pays special attention to residue.	Yangi siyosat qoldiqga alohida eʼtibor qaratadi.		/rez.ɪ.dju:/	4288
resign	C1	v.	ishdan ketmoq	The team worked together to resign the project requirements.	Jamoa loyiha talablarini ishdan ketmoq uchun birgalikda ishladi.		/rɪzaɪn/	4289
resignation	C1	n.	ishdan ketish	Understanding the role of resignation is vital for long-term growth.	Uzoq muddatli oʻsish uchun ishdan ketishning rolini tushunish juda muhimdir.		/rez.ɪgneɪ.ʃən/	4290
resolution	C1	n.	qaror	The committee analyzed the impact of resolution on society.	Qoʻmita qarorning jamiyatga taʼsirini tahlil qildi.		/rez.əlu:.ʃən/	4291
respectively	C1	adv.	tegishlicha	We must respectively carefully to achieve the desired outcome.	Kutilgan natijaga erishish uchun biz ehtiyotkorlik bilan tegishlichaimiz kerak.		/rɪspek.tɪv.li/	4292
restoration	C1	n.	tiklash	Modern development creates valuable opportunities in restoration.	Zamonaviy taraqqiyot tiklash sohasida qimmatli imkoniyatlar yaratadi.		/res.təreɪ.ʃən/	4293
restraint	C1	n.	cheklash	Understanding the role of restraint is vital for long-term growth.	Uzoq muddatli oʻsish uchun cheklashning rolini tushunish juda muhimdir.		/rɪstreɪnt/	4294
resume	C1	v.	davom etmoq	Experts recommend how to resume effectively in this situation.	Mutaxassislar bunday vaziyatda qanday qilib samarali davom etmoqni tavsiya qiladilar.		/rɪzju:m/	4295
retail	C1	n.	donalab sotish	The new policy pays special attention to retail.	Yangi siyosat donalab sotishga alohida eʼtibor qaratadi.		/ri:.teɪl/	4296
retreat	C1	v.	chekinmoq	The team worked together to retreat the project requirements.	Jamoa loyiha talablarini chekinmoq uchun birgalikda ishladi.		/rɪtri:t/	4297
retrieve	C1	v.	qaytarmoq	You can retrieve new opportunities through daily practice.	Siz har kungi mashq orqali yangi imkoniyatlarni qaytarmoqingiz mumkin.		/rɪtri:v/	4298
revelation	C1	n.	sirni oshkor qilish	The committee analyzed the impact of revelation on society.	Qoʻmita sirni oshkor qilishning jamiyatga taʼsirini tahlil qildi.		/rev.əleɪ.ʃən/	4299
revenge	C1	n.	qasos	The new policy pays special attention to revenge.	Yangi siyosat qasosga alohida eʼtibor qaratadi.		/rɪvendʒ/	4300
reverse	C1	v.	teskari qilmoq	The team worked together to reverse the project requirements.	Jamoa loyiha talablarini teskari qilmoq uchun birgalikda ishladi.		/rɪvɜ:s/	4301
revision	C1	n.	o'zgartirish	Understanding the role of revision is vital for long-term growth.	Uzoq muddatli oʻsish uchun o'zgartirishning rolini tushunish juda muhimdir.		/rɪvɪʒ.ən/	4302
revival	C1	n.	tiklanish	The committee analyzed the impact of revival on society.	Qoʻmita tiklanishning jamiyatga taʼsirini tahlil qildi.		/rɪvaɪ.vəl/	4303
revive	C1	v.	tiklamoq	We must revive carefully to achieve the desired outcome.	Kutilgan natijaga erishish uchun biz ehtiyotkorlik bilan tiklamoqimiz kerak.		/rɪvaɪv/	4304
revolutionary	C1	adj.	inqilobiy	The professor provided a revolutionary explanation of the concept.	Professor tushuncha boʻyicha inqilobiy izoh berdi.		/rev.əlu:.ʃən.ər.i/	4305
rhetoric	C1	n.	so'zamollik	Understanding the role of rhetoric is vital for long-term growth.	Uzoq muddatli oʻsish uchun so'zamollikning rolini tushunish juda muhimdir.		/ret.ər.ɪk/	4306
ridiculous	C1	adj.	bemani	We observed a ridiculous improvement in student performance.	Biz talabalar koʻrsatkichlarida bemani oʻsishni kuzatdik.		/rɪdɪk.jʊ.ləs/	4307
rifle	C1	n.	miltiq	The new policy pays special attention to rifle.	Yangi siyosat miltiqga alohida eʼtibor qaratadi.		/raɪ.fl ̩/	4308
riot	C1	n.	qo'zg'olon	Modern development creates valuable opportunities in riot.	Zamonaviy taraqqiyot qo'zg'olon sohasida qimmatli imkoniyatlar yaratadi.		/raɪ.ət/	4309
rip	C1	v.	yirtmoq	You can rip new opportunities through daily practice.	Siz har kungi mashq orqali yangi imkoniyatlarni yirtmoqingiz mumkin.		/rɪp/	4310
risky	C1	n.	tavakkal	Understanding the concept of risky is valuable in academic studies.	Ilmiy izlanishlarda tavakkal tushunchasini chuqur anglash qadrlidir.		/rɪsk/	4311
ritual	C1	n.	marosim	The new policy pays special attention to ritual.	Yangi siyosat marosimga alohida eʼtibor qaratadi.		/rɪt.ju.əl/	4312
rival	C1	n.	raqib	Modern development creates valuable opportunities in rival.	Zamonaviy taraqqiyot raqib sohasida qimmatli imkoniyatlar yaratadi.		/raɪ.vəl/	4313
rob	C1	v.	o'g'irlamoq	You can rob new opportunities through daily practice.	Siz har kungi mashq orqali yangi imkoniyatlarni o'g'irlamoqingiz mumkin.		/rɒb/	4314
robbery	C1	n.	o'g'rilik	The committee analyzed the impact of robbery on society.	Qoʻmita o'g'rilikning jamiyatga taʼsirini tahlil qildi.		/rɒb.ər.i/	4315
robust	C1	adj.	baquvvat	It is essential to maintain a robust standard in research.	Tadqiqotda baquvvat meʼyorni saqlab qolish juda muhimdir.		/rəʊbʌst/	4316
rock	C1	n.	tosh	Modern development creates valuable opportunities in rock.	Zamonaviy taraqqiyot tosh sohasida qimmatli imkoniyatlar yaratadi.		/rɒk/	4317
rocket	C1	n.	raketa	Understanding the role of rocket is vital for long-term growth.	Uzoq muddatli oʻsish uchun raketaning rolini tushunish juda muhimdir.		/rɒk.ɪt/	4318
rod	C1	n.	tayoq	The committee analyzed the impact of rod on society.	Qoʻmita tayoqning jamiyatga taʼsirini tahlil qildi.		/rɒd/	4319
romance	C1	n.	romantiklik	The new policy pays special attention to romance.	Yangi siyosat romantiklikga alohida eʼtibor qaratadi.		/rəʊmænts/	4320
rose	C1	v.	ko'tarilmoq	The team worked together to rose the project requirements.	Jamoa loyiha talablarini ko'tarilmoq uchun birgalikda ishladi.		/rəʊz/	4321
rotate	C1	v.	aylantirmoq	You can rotate new opportunities through daily practice.	Siz har kungi mashq orqali yangi imkoniyatlarni aylantirmoqingiz mumkin.		/rəʊteɪt/	4322
rotation	C1	n.	aylanish	The committee analyzed the impact of rotation on society.	Qoʻmita aylanishning jamiyatga taʼsirini tahlil qildi.		/rəʊteɪ.ʃən/	4323
ruin	C1	v.	buzmoq	We must ruin carefully to achieve the desired outcome.	Kutilgan natijaga erishish uchun biz ehtiyotkorlik bilan buzmoqimiz kerak.		/ru:.ɪn/	4324
ruling	C1	n.	qaror	Modern development creates valuable opportunities in ruling.	Zamonaviy taraqqiyot qaror sohasida qimmatli imkoniyatlar yaratadi.		/ru:.lɪŋ/	4325
rumour	C1	n.	ovoza	Understanding the role of rumour is vital for long-term growth.	Uzoq muddatli oʻsish uchun ovozaning rolini tushunish juda muhimdir.		/ru:.mər/	4326
sack	C1	n.	qop	The committee analyzed the impact of sack on society.	Qoʻmita qopning jamiyatga taʼsirini tahlil qildi.		/sæk/	4327
sacred	C1	adj.	muqaddas	It is essential to maintain a sacred standard in research.	Tadqiqotda muqaddas meʼyorni saqlab qolish juda muhimdir.		/seɪ.krɪd/	4328
sacrifice	C1	v.	qurbonlik qilmoq	The team worked together to sacrifice the project requirements.	Jamoa loyiha talablarini qurbonlik qilmoq uchun birgalikda ishladi.		/sæk.rɪ.faɪs/	4329
saint	C1	n.	avliyo	Understanding the role of saint is vital for long-term growth.	Uzoq muddatli oʻsish uchun avliyoning rolini tushunish juda muhimdir.		/seɪnt/	4330
sake	C1	n.	yordam bermoq	The committee analyzed the impact of sake on society.	Qoʻmita yordam bermoqning jamiyatga taʼsirini tahlil qildi.		/seɪk/	4331
sanction	C1	n.	sanksiya	The new policy pays special attention to sanction.	Yangi siyosat sanksiyaga alohida eʼtibor qaratadi.		/sæŋk.ʃən/	4332
satisfaction	C1	n.	qoniqish	Modern development creates valuable opportunities in satisfaction.	Zamonaviy taraqqiyot qoniqish sohasida qimmatli imkoniyatlar yaratadi.		/sæt.ɪsfæk.ʃən/	4333
scandal	C1	n.	sharmandalik	Understanding the role of scandal is vital for long-term growth.	Uzoq muddatli oʻsish uchun sharmandalikning rolini tushunish juda muhimdir.		/skæn.dəl/	4334
scare	C1	v.	qo'rqitmoq	Experts recommend how to scare effectively in this situation.	Mutaxassislar bunday vaziyatda qanday qilib samarali qo'rqitmoqni tavsiya qiladilar.		/skeər/	4335
scattered	C1	n.	yoyilmoq	Understanding the concept of scattered is valuable in academic studies.	Ilmiy izlanishlarda yoyilmoq tushunchasini chuqur anglash qadrlidir.		/skæt.ər/	4336
scenario	C1	n.	senariy	Modern development creates valuable opportunities in scenario.	Zamonaviy taraqqiyot senariy sohasida qimmatli imkoniyatlar yaratadi.		/sɪnɑ.ri.əʊ/	4337
sceptical	C1	adj.	ishonmaydigan	They achieved a sceptical result after months of dedicated work.	Ular oylik mashaqqatli mehnatdan soʻng ishonmaydigan natijaga erishdilar.		/skep.tɪ.kəl/	4338
scholar	C1	n.	o'rganuvchi	The committee analyzed the impact of scholar on society.	Qoʻmita o'rganuvchining jamiyatga taʼsirini tahlil qildi.		/skɒl.ər/	4339
scholarship	C1	n.	stipendiya	The new policy pays special attention to scholarship.	Yangi siyosat stipendiyaga alohida eʼtibor qaratadi.		/skɒl.ə.ʃɪp/	4340
scope	C1	n.	chegara	Modern development creates valuable opportunities in scope.	Zamonaviy taraqqiyot chegara sohasida qimmatli imkoniyatlar yaratadi.		/skəʊp/	4341
scratch	C1	v.	tirnamoq	You can scratch new opportunities through daily practice.	Siz har kungi mashq orqali yangi imkoniyatlarni tirnamoqingiz mumkin.		/skrætʃ/	4342
screening	C1	n./adj.	ekranayotgan; ekranish	Understanding the concept of screening is valuable in academic studies.	Ilmiy izlanishlarda ekranayotgan tushunchasini chuqur anglash qadrlidir.		/skri:n/	4343
screw	C1	n.	bolt	The new policy pays special attention to screw.	Yangi siyosat boltga alohida eʼtibor qaratadi.		/skru:/	4344
scrutiny	C1	n.	puxta tekshirish	Modern development creates valuable opportunities in scrutiny.	Zamonaviy taraqqiyot puxta tekshirish sohasida qimmatli imkoniyatlar yaratadi.		/skru:.tɪ.ni/	4345
seal	C1	n.	tyulen	Understanding the role of seal is vital for long-term growth.	Uzoq muddatli oʻsish uchun tyulenning rolini tushunish juda muhimdir.		/si:l/	4346
secular	C1	adj.	dunyoviy	We observed a secular improvement in student performance.	Biz talabalar koʻrsatkichlarida dunyoviy oʻsishni kuzatdik.		/sek.jʊ.lər/	4347
segment	C1	n.	segment	The new policy pays special attention to segment.	Yangi siyosat segmentga alohida eʼtibor qaratadi.		/seg.mənt/	4348
seize	C1	v.	ushlab olmoq	The team worked together to seize the project requirements.	Jamoa loyiha talablarini ushlab olmoq uchun birgalikda ishladi.		/si:z/	4349
seminar	C1	n.	seminar	Understanding the role of seminar is vital for long-term growth.	Uzoq muddatli oʻsish uchun seminarning rolini tushunish juda muhimdir.		/sem.ɪ.nɑ:r/	4350
senator	C1	n.	senator	The committee analyzed the impact of senator on society.	Qoʻmita senatorning jamiyatga taʼsirini tahlil qildi.		/sen.ə.tər/	4351
sensation	C1	n.	tuyg'u	The new policy pays special attention to sensation.	Yangi siyosat tuyg'uga alohida eʼtibor qaratadi.		/senseɪ.ʃən/	4352
sensitivity	C1	n.	sezgirlik	Modern development creates valuable opportunities in sensitivity.	Zamonaviy taraqqiyot sezgirlik sohasida qimmatli imkoniyatlar yaratadi.		/sent.sɪtɪv.ɪ.ti/	4353
sentiment	C1	n.	fikr	Understanding the role of sentiment is vital for long-term growth.	Uzoq muddatli oʻsish uchun fikrning rolini tushunish juda muhimdir.		/sen.tɪ.mənt/	4354
separation	C1	n.	ajralish	The committee analyzed the impact of separation on society.	Qoʻmita ajralishning jamiyatga taʼsirini tahlil qildi.		/sep.əreɪ.ʃən/	4355
serial	C1	adj.	ko'p qismli	It is essential to maintain a serial standard in research.	Tadqiqotda ko'p qismli meʼyorni saqlab qolish juda muhimdir.		/sɪə.ri.əl/	4356
set-up	C1	n.	set-up atamasi	Understanding the concept of set-up is valuable in academic studies.	Ilmiy izlanishlarda set-up atamasi tushunchasini chuqur anglash qadrlidir.		/set-up/	4357
settler	C1	n.	ko'chmanchi	Understanding the role of settler is vital for long-term growth.	Uzoq muddatli oʻsish uchun ko'chmanchining rolini tushunish juda muhimdir.		/set.lər/	4358
sexuality	C1	n.	jinsiylik, xususiyat	Understanding the concept of sexuality is valuable in academic studies.	Ilmiy izlanishlarda jinsiylik tushunchasini chuqur anglash qadrlidir.		/sek.sjʊəl/	4359
sexy	C1	adj.	shahvoniy	It is essential to maintain a sexy standard in research.	Tadqiqotda shahvoniy meʼyorni saqlab qolish juda muhimdir.		/sek.si/	4360
shaped	C1	n.	shakl	Understanding the concept of shaped is valuable in academic studies.	Ilmiy izlanishlarda shakl tushunchasini chuqur anglash qadrlidir.		/ʃeɪp/	4361
shareholder	C1	n.	aksiyador	Understanding the role of shareholder is vital for long-term growth.	Uzoq muddatli oʻsish uchun aksiyadorning rolini tushunish juda muhimdir.		/ʃeəhəʊl.dər/	4362
shatter	C1	v.	sindirmoq	Experts recommend how to shatter effectively in this situation.	Mutaxassislar bunday vaziyatda qanday qilib samarali sindirmoqni tavsiya qiladilar.		/ʃæt.ər/	4363
shed	C1	n.	omborxona	The new policy pays special attention to shed.	Yangi siyosat omborxonaga alohida eʼtibor qaratadi.		/ʃed/	4364
sheer	C1	adj.	to'liq	The professor provided a sheer explanation of the concept.	Professor tushuncha boʻyicha to'liq izoh berdi.		/ʃɪər/	4365
shipping	C1	n.	kemalar guruhi	Understanding the role of shipping is vital for long-term growth.	Uzoq muddatli oʻsish uchun kemalar guruhining rolini tushunish juda muhimdir.		/ʃɪp.ɪŋ/	4366
shocking	C1	adj.	hayratga soladigan	We observed a shocking improvement in student performance.	Biz talabalar koʻrsatkichlarida hayratga soladigan oʻsishni kuzatdik.		/ʃɒk.ɪŋ/	4367
shore	C1	n.	sohil	The new policy pays special attention to shore.	Yangi siyosat sohilga alohida eʼtibor qaratadi.		/ʃɔ:r/	4368
short-term	C1	adj.	qisqa muddatli	The professor provided a short-term explanation of the concept.	Professor tushuncha boʻyicha qisqa muddatli izoh berdi.		/ʃɔ:ttɜ:m/	4369
shortage	C1	n.	kamchilik	Understanding the role of shortage is vital for long-term growth.	Uzoq muddatli oʻsish uchun kamchilikning rolini tushunish juda muhimdir.		/ʃɔ:.tɪdʒ/	4370
shrink	C1	v.	kichraymoq	Experts recommend how to shrink effectively in this situation.	Mutaxassislar bunday vaziyatda qanday qilib samarali kichraymoqni tavsiya qiladilar.		/ʃrɪŋk/	4371
shrug	C1	v.	yelkasini qismoq	We must shrug carefully to achieve the desired outcome.	Kutilgan natijaga erishish uchun biz ehtiyotkorlik bilan yelkasini qismoqimiz kerak.		/ʃrʌg/	4372
sibling	C1	n.	qarindosh	Modern development creates valuable opportunities in sibling.	Zamonaviy taraqqiyot qarindosh sohasida qimmatli imkoniyatlar yaratadi.		/sɪb.lɪŋ/	4373
sigh	C1	v.	uf tortmoq	You can sigh new opportunities through daily practice.	Siz har kungi mashq orqali yangi imkoniyatlarni uf tortmoqingiz mumkin.		/saɪ/	4374
signature	C1	n.	imzo	The committee analyzed the impact of signature on society.	Qoʻmita imzoning jamiyatga taʼsirini tahlil qildi.		/sɪg.nɪ.tʃər/	4375
significance	C1	n.	muhimlik	The new policy pays special attention to significance.	Yangi siyosat muhimlikga alohida eʼtibor qaratadi.		/sɪgnɪf.ɪ.kənts/	4376
simulate	C1	v.	mug'ombirlik qilmoq	The team worked together to simulate the project requirements.	Jamoa loyiha talablarini mug'ombirlik qilmoq uchun birgalikda ishladi.		/sɪm.jʊ.leɪt/	4377
simulation	C1	n.	simulation atamasi	Understanding the concept of simulation is valuable in academic studies.	Ilmiy izlanishlarda simulation atamasi tushunchasini chuqur anglash qadrlidir.		/simulation/	4378
simultaneously	C1	adv.	bir paytda	Experts recommend how to simultaneously effectively in this situation.	Mutaxassislar bunday vaziyatda qanday qilib samarali bir paytdani tavsiya qiladilar.		/sɪm.əlteɪ.ni.ə.sli/	4379
sin	C1	n.	gunoh	The new policy pays special attention to sin.	Yangi siyosat gunohga alohida eʼtibor qaratadi.		/sɪn/	4380
situated	C1	adj.	joylashgan	The professor provided a situated explanation of the concept.	Professor tushuncha boʻyicha joylashgan izoh berdi.		/sɪt.ju.eɪ.tɪd/	4381
sketch	C1	n.	xomaki nusxa	Understanding the role of sketch is vital for long-term growth.	Uzoq muddatli oʻsish uchun xomaki nusxaning rolini tushunish juda muhimdir.		/sketʃ/	4382
skilled	C1	adj.	mohir	We observed a skilled improvement in student performance.	Biz talabalar koʻrsatkichlarida mohir oʻsishni kuzatdik.		/skɪld/	4383
skip	C1	v.	o'tkazib yubormoq	We must skip carefully to achieve the desired outcome.	Kutilgan natijaga erishish uchun biz ehtiyotkorlik bilan o'tkazib yubormoqimiz kerak.		/skɪp/	4384
skull	C1	n.	bosh suyagi	Modern development creates valuable opportunities in skull.	Zamonaviy taraqqiyot bosh suyagi sohasida qimmatli imkoniyatlar yaratadi.		/skʌl/	4385
slam	C1	v.	qattiq yopmoq	You can slam new opportunities through daily practice.	Siz har kungi mashq orqali yangi imkoniyatlarni qattiq yopmoqingiz mumkin.		/slæm/	4386
slap	C1	n.	tarsaki urmoq	The committee analyzed the impact of slap on society.	Qoʻmita tarsaki urmoqning jamiyatga taʼsirini tahlil qildi.		/slæp/	4387
slash	C1	v.	chopmoq	We must slash carefully to achieve the desired outcome.	Kutilgan natijaga erishish uchun biz ehtiyotkorlik bilan chopmoqimiz kerak.		/slæʃ/	4388
slavery	C1	n.	qullik	Modern development creates valuable opportunities in slavery.	Zamonaviy taraqqiyot qullik sohasida qimmatli imkoniyatlar yaratadi.		/sleɪ.vər.i/	4389
slogan	C1	n.	shior	Understanding the role of slogan is vital for long-term growth.	Uzoq muddatli oʻsish uchun shiorning rolini tushunish juda muhimdir.		/sləʊ.gən/	4390
slot	C1	n.	yoriq	The committee analyzed the impact of slot on society.	Qoʻmita yoriqning jamiyatga taʼsirini tahlil qildi.		/slɒt/	4391
smash	C1	v.	parchalanmoq	We must smash carefully to achieve the desired outcome.	Kutilgan natijaga erishish uchun biz ehtiyotkorlik bilan parchalanmoqimiz kerak.		/smæʃ/	4392
snap	C1	v.	sindirmoq	The team worked together to snap the project requirements.	Jamoa loyiha talablarini sindirmoq uchun birgalikda ishladi.		/snæp/	4393
so-called	C1	adj.	deb ataluvchi	They achieved a so-called result after months of dedicated work.	Ular oylik mashaqqatli mehnatdan soʻng deb ataluvchi natijaga erishdilar.		/səʊkɔ:ld/	4394
soak	C1	v.	namlamoq	Experts recommend how to soak effectively in this situation.	Mutaxassislar bunday vaziyatda qanday qilib samarali namlamoqni tavsiya qiladilar.		/səʊ/	4395
soar	C1	v.	baland uchmoq	We must soar carefully to achieve the desired outcome.	Kutilgan natijaga erishish uchun biz ehtiyotkorlik bilan baland uchmoqimiz kerak.		/sɔ:r/	4396
socialist	C1	n.	sotsialist	Modern development creates valuable opportunities in socialist.	Zamonaviy taraqqiyot sotsialist sohasida qimmatli imkoniyatlar yaratadi.		/səʊ.ʃəl.ɪst/	4397
sole	C1	n.	oyoq tagi	Understanding the role of sole is vital for long-term growth.	Uzoq muddatli oʻsish uchun oyoq tagining rolini tushunish juda muhimdir.		/səʊl/	4398
solicitor	C1	n.	advokat	The committee analyzed the impact of solicitor on society.	Qoʻmita advokatning jamiyatga taʼsirini tahlil qildi.		/səlɪs.ɪ.tər/	4399
solidarity	C1	n.	birdamlik	The new policy pays special attention to solidarity.	Yangi siyosat birdamlikga alohida eʼtibor qaratadi.		/sɒl.ɪdær.ɪ.ti/	4400
solo	C1	adj.	yolg'iz	The professor provided a solo explanation of the concept.	Professor tushuncha boʻyicha yolg'iz izoh berdi.		/səʊ.ləʊ/	4401
somehow	C1	adv.	qanday bo'lmasin	You can somehow new opportunities through daily practice.	Siz har kungi mashq orqali yangi imkoniyatlarni qanday bo'lmasiningiz mumkin.		/sʌm.haʊ/	4402
sometime	C1	adv.	qachondir	Experts recommend how to sometime effectively in this situation.	Mutaxassislar bunday vaziyatda qanday qilib samarali qachondirni tavsiya qiladilar.		/sʌm.taɪm/	4403
sophisticated	C1	adj.	tajribali	It is essential to maintain a sophisticated standard in research.	Tadqiqotda tajribali meʼyorni saqlab qolish juda muhimdir.		/səfɪs.tɪ.keɪ.tɪd/	4404
sovereignty	C1	n.	suverenitet	Modern development creates valuable opportunities in sovereignty.	Zamonaviy taraqqiyot suverenitet sohasida qimmatli imkoniyatlar yaratadi.		/sɒv.rɪn.ti/	4405
spam	C1	n.	spam atamasi	Understanding the concept of spam is valuable in academic studies.	Ilmiy izlanishlarda spam atamasi tushunchasini chuqur anglash qadrlidir.		/spam/	4406
span	C1	n.	oraliq vaqt	The committee analyzed the impact of span on society.	Qoʻmita oraliq vaqtning jamiyatga taʼsirini tahlil qildi.		/spæn/	4407
spare	C1	adj.	ortiqcha	It is essential to maintain a spare standard in research.	Tadqiqotda ortiqcha meʼyorni saqlab qolish juda muhimdir.		/speər/	4408
spark	C1	n.	uchqun	Modern development creates valuable opportunities in spark.	Zamonaviy taraqqiyot uchqun sohasida qimmatli imkoniyatlar yaratadi.		/spɑ:k/	4409
specialize	C1	v.	ixtisoslashtirmoq	You can specialize new opportunities through daily practice.	Siz har kungi mashq orqali yangi imkoniyatlarni ixtisoslashtirmoqingiz mumkin.		/speʃ.əl.aɪz/	4410
specialized	C1	n.	ixtisoslashtirmoq	Understanding the concept of specialized is valuable in academic studies.	Ilmiy izlanishlarda ixtisoslashtirmoq tushunchasini chuqur anglash qadrlidir.		/speʃ.əl.aɪz/	4411
specification	C1	n.	aniq jarayoni; aniqish	Understanding the concept of specification is valuable in academic studies.	Ilmiy izlanishlarda aniq jarayoni tushunchasini chuqur anglash qadrlidir.		/spəsɪf.ɪk/	4412
specimen	C1	n.	namuna	Modern development creates valuable opportunities in specimen.	Zamonaviy taraqqiyot namuna sohasida qimmatli imkoniyatlar yaratadi.		/spes.ə.mɪn/	4413
spectacle	C1	n.	spektakl	Understanding the role of spectacle is vital for long-term growth.	Uzoq muddatli oʻsish uchun spektaklning rolini tushunish juda muhimdir.		/spek.tɪ.kl ̩/	4414
spectacular	C1	adj.	maftunkor	We observed a spectacular improvement in student performance.	Biz talabalar koʻrsatkichlarida maftunkor oʻsishni kuzatdik.		/spektæk.jʊ.lər/	4415
spectator	C1	n.	tomoshabin	The new policy pays special attention to spectator.	Yangi siyosat tomoshabinga alohida eʼtibor qaratadi.		/spekteɪ.tər/	4416
spectrum	C1	n.	spektr	Modern development creates valuable opportunities in spectrum.	Zamonaviy taraqqiyot spektr sohasida qimmatli imkoniyatlar yaratadi.		/spek.trəm/	4417
speculate	C1	v.	taxmin qilmoq	You can speculate new opportunities through daily practice.	Siz har kungi mashq orqali yangi imkoniyatlarni taxmin qilmoqingiz mumkin.		/spek.jʊ.leɪt/	4418
speculation	C1	n.	taxmin	The committee analyzed the impact of speculation on society.	Qoʻmita taxminning jamiyatga taʼsirini tahlil qildi.		/spek.jʊleɪ.ʃən/	4419
spell	C1	v.	talaffuz qilmoq	We must spell carefully to achieve the desired outcome.	Kutilgan natijaga erishish uchun biz ehtiyotkorlik bilan talaffuz qilmoqimiz kerak.		/spel/	4420
sphere	C1	n.	sfera	Modern development creates valuable opportunities in sphere.	Zamonaviy taraqqiyot sfera sohasida qimmatli imkoniyatlar yaratadi.		/sfɪər/	4421
spill	C1	v.	to'kmoq	You can spill new opportunities through daily practice.	Siz har kungi mashq orqali yangi imkoniyatlarni to'kmoqingiz mumkin.		/spɪl/	4422
spite	C1	n.	adovat	The committee analyzed the impact of spite on society.	Qoʻmita adovatning jamiyatga taʼsirini tahlil qildi.		/spaɪt/	4423
spoil	C1	v.	buzmoq	We must spoil carefully to achieve the desired outcome.	Kutilgan natijaga erishish uchun biz ehtiyotkorlik bilan buzmoqimiz kerak.		/spɔɪl/	4424
spokesman	C1	n.	vakil	Modern development creates valuable opportunities in spokesman.	Zamonaviy taraqqiyot vakil sohasida qimmatli imkoniyatlar yaratadi.		/spəʊks.mən/	4425
spokesperson	C1	n.	gapirmoq	Understanding the concept of spokesperson is valuable in academic studies.	Ilmiy izlanishlarda gapirmoq tushunchasini chuqur anglash qadrlidir.		/spəʊk/	4426
spokeswoman	C1	n.	gapirmoq	Understanding the concept of spokeswoman is valuable in academic studies.	Ilmiy izlanishlarda gapirmoq tushunchasini chuqur anglash qadrlidir.		/spəʊk/	4427
sponsorship	C1	n.	homiy	Understanding the concept of sponsorship is valuable in academic studies.	Ilmiy izlanishlarda homiy tushunchasini chuqur anglash qadrlidir.		/spɒn.sər/	4428
sporting	C1	adj.	sportga oid	The professor provided a sporting explanation of the concept.	Professor tushuncha boʻyicha sportga oid izoh berdi.		/spɔ:.tɪŋ/	4429
spotlight	C1	n.	projektor nuri	Understanding the role of spotlight is vital for long-term growth.	Uzoq muddatli oʻsish uchun projektor nurining rolini tushunish juda muhimdir.		/spɒt.laɪt/	4430
spouse	C1	n.	turmush o`rtoq	The committee analyzed the impact of spouse on society.	Qoʻmita turmush o`rtoqning jamiyatga taʼsirini tahlil qildi.		/spaʊs/	4431
spy	C1	n.	josus	The new policy pays special attention to spy.	Yangi siyosat josusga alohida eʼtibor qaratadi.		/spaɪ/	4432
squad	C1	n.	guruh	Modern development creates valuable opportunities in squad.	Zamonaviy taraqqiyot guruh sohasida qimmatli imkoniyatlar yaratadi.		/skwɒd/	4433
squeeze	C1	v.	ezmoq	You can squeeze new opportunities through daily practice.	Siz har kungi mashq orqali yangi imkoniyatlarni ezmoqingiz mumkin.		/skwi:z/	4434
stab	C1	v.	yaralamoq	Experts recommend how to stab effectively in this situation.	Mutaxassislar bunday vaziyatda qanday qilib samarali yaralamoqni tavsiya qiladilar.		/stæb/	4435
stability	C1	n.	turg`unlik	The new policy pays special attention to stability.	Yangi siyosat turg`unlikga alohida eʼtibor qaratadi.		/stəbɪl.ɪ.ti/	4436
stabilize	C1	v.	turg'un qilmoq	The team worked together to stabilize the project requirements.	Jamoa loyiha talablarini turg'un qilmoq uchun birgalikda ishladi.		/steɪ.bɪ.laɪz/	4437
stake	C1	n.	qoziq	Understanding the role of stake is vital for long-term growth.	Uzoq muddatli oʻsish uchun qoziqning rolini tushunish juda muhimdir.		/steɪk/	4438
stall	C1	n.	do'kon	The committee analyzed the impact of stall on society.	Qoʻmita do'konning jamiyatga taʼsirini tahlil qildi.		/stɔ:l/	4439
stance	C1	n.	stance atamasi	Understanding the concept of stance is valuable in academic studies.	Ilmiy izlanishlarda stance atamasi tushunchasini chuqur anglash qadrlidir.		/stance/	4440
stark	C1	adj.	oddiy	The professor provided a stark explanation of the concept.	Professor tushuncha boʻyicha oddiy izoh berdi.		/stɑ:k/	4441
starve	C1	v.	ochlikdan o`lmoq	You can starve new opportunities through daily practice.	Siz har kungi mashq orqali yangi imkoniyatlarni ochlikdan o`lmoqingiz mumkin.		/stɑ:v/	4442
statistical	C1	n.	statistical atamasi	Understanding the concept of statistical is valuable in academic studies.	Ilmiy izlanishlarda statistical atamasi tushunchasini chuqur anglash qadrlidir.		/statistical/	4443
steam	C1	n.	bug`	The new policy pays special attention to steam.	Yangi siyosat bug`ga alohida eʼtibor qaratadi.		/sti:m/	4444
steer	C1	v.	boshqarmoq	The team worked together to steer the project requirements.	Jamoa loyiha talablarini boshqarmoq uchun birgalikda ishladi.		/stɪər/	4445
stem	C1	n.	o'zak	Understanding the role of stem is vital for long-term growth.	Uzoq muddatli oʻsish uchun o'zakning rolini tushunish juda muhimdir.		/stem/	4446
stereotype	C1	n.	bir xil fikr	The committee analyzed the impact of stereotype on society.	Qoʻmita bir xil fikrning jamiyatga taʼsirini tahlil qildi.		/ster.i.ə.taɪp/	4447
stimulus	C1	n.	stimulus atamasi	Understanding the concept of stimulus is valuable in academic studies.	Ilmiy izlanishlarda stimulus atamasi tushunchasini chuqur anglash qadrlidir.		/stimulus/	4448
stir	C1	v.	qimirlatmoq	The team worked together to stir the project requirements.	Jamoa loyiha talablarini qimirlatmoq uchun birgalikda ishladi.		/stɜ:r/	4449
storage	C1	n.	saqlash	Understanding the role of storage is vital for long-term growth.	Uzoq muddatli oʻsish uchun saqlashning rolini tushunish juda muhimdir.		/stɔ:.rɪdʒ/	4450
straightforward	C1	adj.	oddiy	We observed a straightforward improvement in student performance.	Biz talabalar koʻrsatkichlarida oddiy oʻsishni kuzatdik.		/streɪtfɔ:.wəd/	4451
strain	C1	n.	zo`riqish	The new policy pays special attention to strain.	Yangi siyosat zo`riqishga alohida eʼtibor qaratadi.		/streɪn/	4452
strand	C1	n.	bir tutam	Modern development creates valuable opportunities in strand.	Zamonaviy taraqqiyot bir tutam sohasida qimmatli imkoniyatlar yaratadi.		/strænd/	4453
strategic	C1	adj.	strategik	They achieved a strategic result after months of dedicated work.	Ular oylik mashaqqatli mehnatdan soʻng strategik natijaga erishdilar.		/strəti:.dʒɪk/	4454
striking	C1	adj.	hayron qoldiradigan	We observed a striking improvement in student performance.	Biz talabalar koʻrsatkichlarida hayron qoldiradigan oʻsishni kuzatdik.		/straɪ.kɪŋ/	4455
strip	C1	v.	yechmoq	We must strip carefully to achieve the desired outcome.	Kutilgan natijaga erishish uchun biz ehtiyotkorlik bilan yechmoqimiz kerak.		/strɪp/	4456
strive	C1	v.	kurashmoq	The team worked together to strive the project requirements.	Jamoa loyiha talablarini kurashmoq uchun birgalikda ishladi.		/straɪv/	4457
stroke	C1	n.	shol	Understanding the role of stroke is vital for long-term growth.	Uzoq muddatli oʻsish uchun sholning rolini tushunish juda muhimdir.		/strəʊk/	4458
structural	C1	adj.	tuzilishga oid	We observed a structural improvement in student performance.	Biz talabalar koʻrsatkichlarida tuzilishga oid oʻsishni kuzatdik.		/strʌk.tʃər.əl/	4459
stumble	C1	v.	qoqilib tushmoq	We must stumble carefully to achieve the desired outcome.	Kutilgan natijaga erishish uchun biz ehtiyotkorlik bilan qoqilib tushmoqimiz kerak.		/stʌm.bl ̩/	4460
stun	C1	v.	shoshiltirib qo`ymoq	The team worked together to stun the project requirements.	Jamoa loyiha talablarini shoshiltirib qo`ymoq uchun birgalikda ishladi.		/stʌn/	4461
stunning	C1	adj.	maftunkor	They achieved a stunning result after months of dedicated work.	Ular oylik mashaqqatli mehnatdan soʻng maftunkor natijaga erishdilar.		/stʌn.ɪŋ/	4462
submission	C1	n.	taqdim etish	The committee analyzed the impact of submission on society.	Qoʻmita taqdim etishning jamiyatga taʼsirini tahlil qildi.		/səbmɪʃ.ən/	4463
subscriber	C1	n.	obunachi	The new policy pays special attention to subscriber.	Yangi siyosat obunachiga alohida eʼtibor qaratadi.		/səbskraɪ.bər/	4464
subscription	C1	n.	obuna	Modern development creates valuable opportunities in subscription.	Zamonaviy taraqqiyot obuna sohasida qimmatli imkoniyatlar yaratadi.		/səbskrɪp.ʃən/	4465
subsequent	C1	adj.	keyingi	They achieved a subsequent result after months of dedicated work.	Ular oylik mashaqqatli mehnatdan soʻng keyingi natijaga erishdilar.		/sʌb.sɪ.kwənt/	4466
subsequently	C1	adv.	keyinchalik	Experts recommend how to subsequently effectively in this situation.	Mutaxassislar bunday vaziyatda qanday qilib samarali keyinchalikni tavsiya qiladilar.		/sʌb.sɪ.kwənt.li/	4467
subsidy	C1	n.	mablag`	The new policy pays special attention to subsidy.	Yangi siyosat mablag`ga alohida eʼtibor qaratadi.		/sʌb.sɪ.di/	4468
substantial	C1	adj.	muhim	The professor provided a substantial explanation of the concept.	Professor tushuncha boʻyicha muhim izoh berdi.		/səbstæn.ʃəl/	4469
substantially	C1	adv.	muhim tarzda, muhiman	Understanding the concept of substantially is valuable in academic studies.	Ilmiy izlanishlarda muhim tarzda tushunchasini chuqur anglash qadrlidir.		/səbstæn.ʃəl/	4470
substitute	C1	v.	o`rin almashtirmoq	Experts recommend how to substitute effectively in this situation.	Mutaxassislar bunday vaziyatda qanday qilib samarali o`rin almashtirmoqni tavsiya qiladilar.		/sʌb.stɪ.tju:t/	4471
substitution	C1	n.	o`ringa qo`yish	The new policy pays special attention to substitution.	Yangi siyosat o`ringa qo`yishga alohida eʼtibor qaratadi.		/sʌb.stɪtju:.ʃən/	4472
subtle	C1	adj.	nozik	The professor provided a subtle explanation of the concept.	Professor tushuncha boʻyicha nozik izoh berdi.		/sʌt.l/	4473
suburb	C1	n.	shahar tashqarisi	Understanding the role of suburb is vital for long-term growth.	Uzoq muddatli oʻsish uchun shahar tashqarisining rolini tushunish juda muhimdir.		/sʌb.ɜ:b/	4474
suburban	C1	adj.	shahar atrofiga oid	We observed a suburban improvement in student performance.	Biz talabalar koʻrsatkichlarida shahar atrofiga oid oʻsishni kuzatdik.		/səbɜ.bən/	4475
succession	C1	n.	uzluksizlik	The new policy pays special attention to succession.	Yangi siyosat uzluksizlikga alohida eʼtibor qaratadi.		/səkseʃ.ən/	4476
successive	C1	adj.	uzluksiz	The professor provided a successive explanation of the concept.	Professor tushuncha boʻyicha uzluksiz izoh berdi.		/səkses.ɪv/	4477
successor	C1	n.	voris	Understanding the role of successor is vital for long-term growth.	Uzoq muddatli oʻsish uchun vorisning rolini tushunish juda muhimdir.		/səkses.ər/	4478
suck	C1	v.	so`rmoq	Experts recommend how to suck effectively in this situation.	Mutaxassislar bunday vaziyatda qanday qilib samarali so`rmoqni tavsiya qiladilar.		/sʌk/	4479
sue	C1	v.	davo qilmoq	We must sue carefully to achieve the desired outcome.	Kutilgan natijaga erishish uchun biz ehtiyotkorlik bilan davo qilmoqimiz kerak.		/su:/	4480
sufficient	C1	adj.	yetarli	The professor provided a sufficient explanation of the concept.	Professor tushuncha boʻyicha yetarli izoh berdi.		/səfɪʃ.ənt/	4481
suicide	C1	n.	o`zini o`ldirish	Understanding the role of suicide is vital for long-term growth.	Uzoq muddatli oʻsish uchun o`zini o`ldirishning rolini tushunish juda muhimdir.		/su:.ɪ.saɪd/	4482
summit	C1	n.	sammit	The committee analyzed the impact of summit on society.	Qoʻmita sammitning jamiyatga taʼsirini tahlil qildi.		/sʌm.ɪt/	4483
super	C1	adj.	super	It is essential to maintain a super standard in research.	Tadqiqotda super meʼyorni saqlab qolish juda muhimdir.		/su:.pər/	4484
superb	C1	adj.	dabdabali	The professor provided a superb explanation of the concept.	Professor tushuncha boʻyicha dabdabali izoh berdi.		/supɜ:b/	4485
superior	C1	adj.	yuqori	They achieved a superior result after months of dedicated work.	Ular oylik mashaqqatli mehnatdan soʻng yuqori natijaga erishdilar.		/supɪə.ri.ər/	4486
supervise	C1	v.	nazorat qilmoq	Experts recommend how to supervise effectively in this situation.	Mutaxassislar bunday vaziyatda qanday qilib samarali nazorat qilmoqni tavsiya qiladilar.		/su:.pə.vaɪz/	4487
supervision	C1	n.	nazorat qilish	The new policy pays special attention to supervision.	Yangi siyosat nazorat qilishga alohida eʼtibor qaratadi.		/su:.pəvɪʒ.ən/	4488
supervisor	C1	n.	nazoratchi	Modern development creates valuable opportunities in supervisor.	Zamonaviy taraqqiyot nazoratchi sohasida qimmatli imkoniyatlar yaratadi.		/su:.pə.vaɪ.zər/	4489
supplement	C1	n.	qo`shimcha	Understanding the role of supplement is vital for long-term growth.	Uzoq muddatli oʻsish uchun qo`shimchaning rolini tushunish juda muhimdir.		/sʌp.lɪ.mənt/	4490
supportive	C1	n.	qo`llab quvvatlamoq	Understanding the concept of supportive is valuable in academic studies.	Ilmiy izlanishlarda qo`llab quvvatlamoq tushunchasini chuqur anglash qadrlidir.		/səpɔ:t/	4491
supposedly	C1	adv.	taxmin qilingan tarzda, taxmin qilinganan	Understanding the concept of supposedly is valuable in academic studies.	Ilmiy izlanishlarda taxmin qilingan tarzda tushunchasini chuqur anglash qadrlidir.		/səpəʊzd/	4492
suppress	C1	v.	isyonni bostirmoq	The team worked together to suppress the project requirements.	Jamoa loyiha talablarini isyonni bostirmoq uchun birgalikda ishladi.		/səpres/	4493
supreme	C1	adj.	yuqori	They achieved a supreme result after months of dedicated work.	Ular oylik mashaqqatli mehnatdan soʻng yuqori natijaga erishdilar.		/su:prim/	4494
surge	C1	n.	ko`tarilmoq	The committee analyzed the impact of surge on society.	Qoʻmita ko`tarilmoqning jamiyatga taʼsirini tahlil qildi.		/sɜ:dʒ/	4495
surgeon	C1	n.	jarroh	The new policy pays special attention to surgeon.	Yangi siyosat jarrohga alohida eʼtibor qaratadi.		/sɜ:.dʒən/	4496
surgical	C1	adj.	jarrohlikka oid	The professor provided a surgical explanation of the concept.	Professor tushuncha boʻyicha jarrohlikka oid izoh berdi.		/sɜ:.dʒɪ.kəl/	4497
surplus	C1	n.	ziyod	Understanding the role of surplus is vital for long-term growth.	Uzoq muddatli oʻsish uchun ziyodning rolini tushunish juda muhimdir.		/sɜ:.pləs/	4498
surveillance	C1	n.	kuzatish	The committee analyzed the impact of surveillance on society.	Qoʻmita kuzatishning jamiyatga taʼsirini tahlil qildi.		/səveɪ.lənts/	4499
survival	C1	n.	tirik qolish	The new policy pays special attention to survival.	Yangi siyosat tirik qolishga alohida eʼtibor qaratadi.		/səvaɪ.vəl/	4500
survivor	C1	n.	tirik qolgan odam	Modern development creates valuable opportunities in survivor.	Zamonaviy taraqqiyot tirik qolgan odam sohasida qimmatli imkoniyatlar yaratadi.		/səvaɪ.vər/	4501
suspend	C1	v.	to`xtatmoq	You can suspend new opportunities through daily practice.	Siz har kungi mashq orqali yangi imkoniyatlarni to`xtatmoqingiz mumkin.		/səspend/	4502
suspension	C1	n.	to'xtatish	The committee analyzed the impact of suspension on society.	Qoʻmita to'xtatishning jamiyatga taʼsirini tahlil qildi.		/səspen.ʃən/	4503
suspicion	C1	n.	taxmin	The new policy pays special attention to suspicion.	Yangi siyosat taxminga alohida eʼtibor qaratadi.		/səspɪʃ.ən/	4504
suspicious	C1	adj.	shubhali	The professor provided a suspicious explanation of the concept.	Professor tushuncha boʻyicha shubhali izoh berdi.		/səspɪʃ.əs/	4505
swallow	C1	v.	yutmoq	You can swallow new opportunities through daily practice.	Siz har kungi mashq orqali yangi imkoniyatlarni yutmoqingiz mumkin.		/swɒl.əʊ/	4506
swing	C1	v.	tebratmoq	Experts recommend how to swing effectively in this situation.	Mutaxassislar bunday vaziyatda qanday qilib samarali tebratmoqni tavsiya qiladilar.		/swɪŋ/	4507
sword	C1	n.	qilich	The new policy pays special attention to sword.	Yangi siyosat qilichga alohida eʼtibor qaratadi.		/sɔ:d/	4508
symbolic	C1	adj.	ramziy	The professor provided a symbolic explanation of the concept.	Professor tushuncha boʻyicha ramziy izoh berdi.		/sɪmbɒl.ɪk/	4509
sympathetic	C1	adj.	tushunuvchi	They achieved a sympathetic result after months of dedicated work.	Ular oylik mashaqqatli mehnatdan soʻng tushunuvchi natijaga erishdilar.		/sɪm.pəθet.ɪk/	4510
syndrome	C1	n.	sindrom	The committee analyzed the impact of syndrome on society.	Qoʻmita sindromning jamiyatga taʼsirini tahlil qildi.		/sɪn.drəʊm/	4511
synthesis	C1	n.	umumlashtirish	The new policy pays special attention to synthesis.	Yangi siyosat umumlashtirishga alohida eʼtibor qaratadi.		/sɪn.θə.sɪs/	4512
systematic	C1	adj.	tizimli	The professor provided a systematic explanation of the concept.	Professor tushuncha boʻyicha tizimli izoh berdi.		/sɪs.təmæt.ɪk/	4513
tackle	C1	v.	jiddiy kirishmoq	You can tackle new opportunities through daily practice.	Siz har kungi mashq orqali yangi imkoniyatlarni jiddiy kirishmoqingiz mumkin.		/tæk.l ̩/	4514
tactic	C1	n.	taktika	The committee analyzed the impact of tactic on society.	Qoʻmita taktikaning jamiyatga taʼsirini tahlil qildi.		/tæk.tɪk/	4515
tag	C1	n.	yorliq	The new policy pays special attention to tag.	Yangi siyosat yorliqga alohida eʼtibor qaratadi.		/tæg/	4516
tap	C1	v.	urmoq	The team worked together to tap the project requirements.	Jamoa loyiha talablarini urmoq uchun birgalikda ishladi.		/tæp/	4517
taxpayer	C1	n.	taxpayer atamasi	Understanding the concept of taxpayer is valuable in academic studies.	Ilmiy izlanishlarda taxpayer atamasi tushunchasini chuqur anglash qadrlidir.		/taxpayer/	4518
technological	C1	adj.	texnologiyaga oid	We observed a technological improvement in student performance.	Biz talabalar koʻrsatkichlarida texnologiyaga oid oʻsishni kuzatdik.		/tek.nəlɒdʒ.ɪ.kəl/	4519
teens	C1	n.	o`smirlar	The new policy pays special attention to teens.	Yangi siyosat o`smirlarga alohida eʼtibor qaratadi.		/ti:nz/	4520
temple	C1	n.	ibodatxona	Modern development creates valuable opportunities in temple.	Zamonaviy taraqqiyot ibodatxona sohasida qimmatli imkoniyatlar yaratadi.		/tem.pl ̩/	4521
tempt	C1	v.	qilishni hohlamoq	You can tempt new opportunities through daily practice.	Siz har kungi mashq orqali yangi imkoniyatlarni qilishni hohlamoqingiz mumkin.		/tempt/	4522
tenant	C1	n.	ijarachi	The committee analyzed the impact of tenant on society.	Qoʻmita ijarachining jamiyatga taʼsirini tahlil qildi.		/ten.ənt/	4523
tendency	C1	n.	moyillik	The new policy pays special attention to tendency.	Yangi siyosat moyillikga alohida eʼtibor qaratadi.		/ten.dənt.si/	4524
tension	C1	n.	hayajonlanish	Modern development creates valuable opportunities in tension.	Zamonaviy taraqqiyot hayajonlanish sohasida qimmatli imkoniyatlar yaratadi.		/tent.ʃən/	4525
tenure	C1	n.	egalik qilish	Understanding the role of tenure is vital for long-term growth.	Uzoq muddatli oʻsish uchun egalik qilishning rolini tushunish juda muhimdir.		/ten.jər/	4526
terminal	C1	adj.	o`ldiradigan	We observed a terminal improvement in student performance.	Biz talabalar koʻrsatkichlarida o`ldiradigan oʻsishni kuzatdik.		/tɜ:.mɪ.nəl/	4527
terminate	C1	v.	tugatmoq	We must terminate carefully to achieve the desired outcome.	Kutilgan natijaga erishish uchun biz ehtiyotkorlik bilan tugatmoqimiz kerak.		/tɜ:.mɪ.neɪt/	4528
terms	C1	n.	muddat	Understanding the concept of terms is valuable in academic studies.	Ilmiy izlanishlarda muddat tushunchasini chuqur anglash qadrlidir.		/tɜ:m/	4529
terrain	C1	n.	terrain atamasi	Understanding the concept of terrain is valuable in academic studies.	Ilmiy izlanishlarda terrain atamasi tushunchasini chuqur anglash qadrlidir.		/terrain/	4530
terrific	C1	adj.	ajoyib	We observed a terrific improvement in student performance.	Biz talabalar koʻrsatkichlarida ajoyib oʻsishni kuzatdik.		/tərɪf.ɪk/	4531
terrify	C1	v.	qo`rqitmoq	We must terrify carefully to achieve the desired outcome.	Kutilgan natijaga erishish uchun biz ehtiyotkorlik bilan qo`rqitmoqimiz kerak.		/ter.ə.faɪ/	4532
territory	C1	n.	hudud	Modern development creates valuable opportunities in territory.	Zamonaviy taraqqiyot hudud sohasida qimmatli imkoniyatlar yaratadi.		/ter.ɪ.tər.i/	4533
terror	C1	n.	qo`rquv	Understanding the role of terror is vital for long-term growth.	Uzoq muddatli oʻsish uchun qo`rquvning rolini tushunish juda muhimdir.		/ter.ər/	4534
terrorism	C1	n.	terrorizm	The committee analyzed the impact of terrorism on society.	Qoʻmita terrorizmning jamiyatga taʼsirini tahlil qildi.		/ter.ə.rɪ.zəm/	4535
terrorist	C1	n.	terrorchi	The new policy pays special attention to terrorist.	Yangi siyosat terrorchiga alohida eʼtibor qaratadi.		/ter.ə.rɪst/	4536
testify	C1	v.	guvohlik bermoq	The team worked together to testify the project requirements.	Jamoa loyiha talablarini guvohlik bermoq uchun birgalikda ishladi.		/tes.tɪ.faɪ/	4537
testimony	C1	n.	ko`rsatma	Understanding the role of testimony is vital for long-term growth.	Uzoq muddatli oʻsish uchun ko`rsatmaning rolini tushunish juda muhimdir.		/tes.tɪ.mən.i/	4538
texture	C1	n.	mato	The committee analyzed the impact of texture on society.	Qoʻmita matoning jamiyatga taʼsirini tahlil qildi.		/teks.tʃər/	4539
thankfully	C1	adv.	minnatdor tarzda, minnatdoran	Understanding the concept of thankfully is valuable in academic studies.	Ilmiy izlanishlarda minnatdor tarzda tushunchasini chuqur anglash qadrlidir.		/θæŋk.fəl/	4540
theatrical	C1	n.	theatrical atamasi	Understanding the concept of theatrical is valuable in academic studies.	Ilmiy izlanishlarda theatrical atamasi tushunchasini chuqur anglash qadrlidir.		/theatrical/	4541
theft	C1	n.	o`g`irlik	Understanding the role of theft is vital for long-term growth.	Uzoq muddatli oʻsish uchun o`g`irlikning rolini tushunish juda muhimdir.		/θeft/	4542
theology	C1	n.	ilohiyot	The committee analyzed the impact of theology on society.	Qoʻmita ilohiyotning jamiyatga taʼsirini tahlil qildi.		/θiɒl.ə.dʒi/	4543
theoretical	C1	adj.	nazariy	It is essential to maintain a theoretical standard in research.	Tadqiqotda nazariy meʼyorni saqlab qolish juda muhimdir.		/θɪəret.ɪ.kəl/	4544
therapist	C1	n.	therapist atamasi	Understanding the concept of therapist is valuable in academic studies.	Ilmiy izlanishlarda therapist atamasi tushunchasini chuqur anglash qadrlidir.		/therapist/	4545
thesis	C1	n.	dissertatsiya	Understanding the role of thesis is vital for long-term growth.	Uzoq muddatli oʻsish uchun dissertatsiyaning rolini tushunish juda muhimdir.		/θi:.sɪs/	4546
thorough	C1	adj.	mutlaq	We observed a thorough improvement in student performance.	Biz talabalar koʻrsatkichlarida mutlaq oʻsishni kuzatdik.		/θʌr.ə/	4547
thought-provoking	C1	n./adj.	o'ylamoqayotgan; o'ylamoqish	Understanding the concept of thought-provoking is valuable in academic studies.	Ilmiy izlanishlarda o'ylamoqayotgan tushunchasini chuqur anglash qadrlidir.		/θɔ:t/	4548
thoughtful	C1	adj.	o`ychan	The professor provided a thoughtful explanation of the concept.	Professor tushuncha boʻyicha o`ychan izoh berdi.		/θɔ:t.fəl/	4549
thread	C1	n.	ip	Understanding the role of thread is vital for long-term growth.	Uzoq muddatli oʻsish uchun ipning rolini tushunish juda muhimdir.		/θred/	4550
threshold	C1	n.	ostona	The committee analyzed the impact of threshold on society.	Qoʻmita ostonaning jamiyatga taʼsirini tahlil qildi.		/θreʃ.həʊld/	4551
thrilled	C1	n.	hayajon	Understanding the concept of thrilled is valuable in academic studies.	Ilmiy izlanishlarda hayajon tushunchasini chuqur anglash qadrlidir.		/θrɪl/	4552
thrive	C1	v.	rivojlanmoq	The team worked together to thrive the project requirements.	Jamoa loyiha talablarini rivojlanmoq uchun birgalikda ishladi.		/θraɪv/	4553
thumb	C1	n.	bosh barmoq	Understanding the role of thumb is vital for long-term growth.	Uzoq muddatli oʻsish uchun bosh barmoqning rolini tushunish juda muhimdir.		/θʌm/	4554
tide	C1	n.	suv o'zgarishi	The committee analyzed the impact of tide on society.	Qoʻmita suv o'zgarishining jamiyatga taʼsirini tahlil qildi.		/taɪd/	4555
tighten	C1	v.	taranglashmoq	We must tighten carefully to achieve the desired outcome.	Kutilgan natijaga erishish uchun biz ehtiyotkorlik bilan taranglashmoqimiz kerak.		/taɪ.tən/	4556
timber	C1	n.	yog`och	Modern development creates valuable opportunities in timber.	Zamonaviy taraqqiyot yog`och sohasida qimmatli imkoniyatlar yaratadi.		/tɪm.bər/	4557
timely	C1	adj.	vaqtida	They achieved a timely result after months of dedicated work.	Ular oylik mashaqqatli mehnatdan soʻng vaqtida natijaga erishdilar.		/taɪm.li/	4558
timing	C1	n.	vaqt belgilash	The committee analyzed the impact of timing on society.	Qoʻmita vaqt belgilashning jamiyatga taʼsirini tahlil qildi.		/taɪ.mɪŋ/	4559
tissue	C1	n.	to`qima	The new policy pays special attention to tissue.	Yangi siyosat to`qimaga alohida eʼtibor qaratadi.		/tɪʃ.u:/	4560
tobacco	C1	n.	tamaki	Modern development creates valuable opportunities in tobacco.	Zamonaviy taraqqiyot tamaki sohasida qimmatli imkoniyatlar yaratadi.		/təbæk.əʊ/	4561
tolerance	C1	n.	chidam	Understanding the role of tolerance is vital for long-term growth.	Uzoq muddatli oʻsish uchun chidamning rolini tushunish juda muhimdir.		/tɒl.ər.ənts/	4562
toll	C1	n.	yo'l solig'i	The committee analyzed the impact of toll on society.	Qoʻmita yo'l solig'ining jamiyatga taʼsirini tahlil qildi.		/təʊl/	4563
ton	C1	n.	tonna	The new policy pays special attention to ton.	Yangi siyosat tonnaga alohida eʼtibor qaratadi.		/tʌn/	4564
tonne	C1	n.	tonne atamasi	Understanding the concept of tonne is valuable in academic studies.	Ilmiy izlanishlarda tonne atamasi tushunchasini chuqur anglash qadrlidir.		/tonne/	4565
top	C1	n.	tepa	Understanding the role of top is vital for long-term growth.	Uzoq muddatli oʻsish uchun tepaning rolini tushunish juda muhimdir.		/tɒp/	4566
torture	C1	n.	qiynoq	The committee analyzed the impact of torture on society.	Qoʻmita qiynoqning jamiyatga taʼsirini tahlil qildi.		/tɔ:.tʃər/	4567
toss	C1	v.	otib yubormoq	We must toss carefully to achieve the desired outcome.	Kutilgan natijaga erishish uchun biz ehtiyotkorlik bilan otib yubormoqimiz kerak.		/tɒs/	4568
total	C1	n.	jami	Modern development creates valuable opportunities in total.	Zamonaviy taraqqiyot jami sohasida qimmatli imkoniyatlar yaratadi.		/təʊ.təl/	4569
tournament	C1	n.	turnir	Understanding the role of tournament is vital for long-term growth.	Uzoq muddatli oʻsish uchun turnirning rolini tushunish juda muhimdir.		/tʊə.nə.mənt/	4570
toxic	C1	adj.	zaharli	We observed a toxic improvement in student performance.	Biz talabalar koʻrsatkichlarida zaharli oʻsishni kuzatdik.		/tɒk.sɪk/	4571
trace	C1	v.	qidirib topmoq	We must trace carefully to achieve the desired outcome.	Kutilgan natijaga erishish uchun biz ehtiyotkorlik bilan qidirib topmoqimiz kerak.		/treɪs/	4572
trading	C1	n.	trading atamasi	Understanding the concept of trading is valuable in academic studies.	Ilmiy izlanishlarda trading atamasi tushunchasini chuqur anglash qadrlidir.		/trading/	4573
tragedy	C1	n.	tragediya	Understanding the role of tragedy is vital for long-term growth.	Uzoq muddatli oʻsish uchun tragediyaning rolini tushunish juda muhimdir.		/trædʒ.ə.di/	4574
tragic	C1	adj.	fojiali	We observed a tragic improvement in student performance.	Biz talabalar koʻrsatkichlarida fojiali oʻsishni kuzatdik.		/trædʒ.ɪk/	4575
trail	C1	n.	so`qmoq	The new policy pays special attention to trail.	Yangi siyosat so`qmoqga alohida eʼtibor qaratadi.		/treɪl/	4576
trailer	C1	n.	tirkama	Modern development creates valuable opportunities in trailer.	Zamonaviy taraqqiyot tirkama sohasida qimmatli imkoniyatlar yaratadi.		/treɪ.lər/	4577
trait	C1	n.	fazilat	Understanding the role of trait is vital for long-term growth.	Uzoq muddatli oʻsish uchun fazilatning rolini tushunish juda muhimdir.		/treɪt/	4578
transaction	C1	n.	ish	The committee analyzed the impact of transaction on society.	Qoʻmita ishning jamiyatga taʼsirini tahlil qildi.		/trænzæk.ʃən/	4579
transcript	C1	n.	transcript atamasi	Understanding the concept of transcript is valuable in academic studies.	Ilmiy izlanishlarda transcript atamasi tushunchasini chuqur anglash qadrlidir.		/transcript/	4580
transformation	C1	n.	o`zgartirish	Modern development creates valuable opportunities in transformation.	Zamonaviy taraqqiyot o`zgartirish sohasida qimmatli imkoniyatlar yaratadi.		/træns.fəmeɪ.ʃən/	4581
transit	C1	n.	o'tish	Understanding the role of transit is vital for long-term growth.	Uzoq muddatli oʻsish uchun o'tishning rolini tushunish juda muhimdir.		/træn.zɪt/	4582
transmission	C1	n.	efirga uzatish	The committee analyzed the impact of transmission on society.	Qoʻmita efirga uzatishning jamiyatga taʼsirini tahlil qildi.		/trænzmɪʃ.ən/	4583
transparency	C1	n.	transparency atamasi	Understanding the concept of transparency is valuable in academic studies.	Ilmiy izlanishlarda transparency atamasi tushunchasini chuqur anglash qadrlidir.		/transparency/	4584
transparent	C1	adj.	shaffof	The professor provided a transparent explanation of the concept.	Professor tushuncha boʻyicha shaffof izoh berdi.		/trænspær.ənt/	4585
transportation	C1	n.	ko`chirich	Understanding the role of transportation is vital for long-term growth.	Uzoq muddatli oʻsish uchun ko`chirichning rolini tushunish juda muhimdir.		/træn.spɔteɪ.ʃən/	4586
trap	C1	n.	qopqon	The committee analyzed the impact of trap on society.	Qoʻmita qopqonning jamiyatga taʼsirini tahlil qildi.		/træp/	4587
trauma	C1	n.	jarohat	The new policy pays special attention to trauma.	Yangi siyosat jarohatga alohida eʼtibor qaratadi.		/trɔ:.mə/	4588
treasure	C1	n.	xazina	Modern development creates valuable opportunities in treasure.	Zamonaviy taraqqiyot xazina sohasida qimmatli imkoniyatlar yaratadi.		/treʒ.ər/	4589
tremendous	C1	adj.	vahimali	They achieved a tremendous result after months of dedicated work.	Ular oylik mashaqqatli mehnatdan soʻng vahimali natijaga erishdilar.		/trɪmen.dəs/	4590
tribal	C1	adj.	qabilaga oid	We observed a tribal improvement in student performance.	Biz talabalar koʻrsatkichlarida qabilaga oid oʻsishni kuzatdik.		/traɪ.bəl/	4591
tribe	C1	n.	qabila	The new policy pays special attention to tribe.	Yangi siyosat qabilaga alohida eʼtibor qaratadi.		/traɪb/	4592
tribunal	C1	n.	tribunal	Modern development creates valuable opportunities in tribunal.	Zamonaviy taraqqiyot tribunal sohasida qimmatli imkoniyatlar yaratadi.		/traɪbju:.nəl/	4593
tribute	C1	n.	hurmat ko'rsatish	Understanding the role of tribute is vital for long-term growth.	Uzoq muddatli oʻsish uchun hurmat ko'rsatishning rolini tushunish juda muhimdir.		/trɪb.ju:t/	4594
trillion	C1	n.	trillion	The committee analyzed the impact of trillion on society.	Qoʻmita trillionning jamiyatga taʼsirini tahlil qildi.		/trɪl.jən/	4595
trio	C1	n.	uchlik	The new policy pays special attention to trio.	Yangi siyosat uchlikga alohida eʼtibor qaratadi.		/tri.əʊ/	4596
triumph	C1	n.	g`alaba	Modern development creates valuable opportunities in triumph.	Zamonaviy taraqqiyot g`alaba sohasida qimmatli imkoniyatlar yaratadi.		/traɪ.əmpf/	4597
troop	C1	n.	otryad	Understanding the role of troop is vital for long-term growth.	Uzoq muddatli oʻsish uchun otryadning rolini tushunish juda muhimdir.		/tru:p/	4598
trophy	C1	n.	sovrin	The committee analyzed the impact of trophy on society.	Qoʻmita sovrinning jamiyatga taʼsirini tahlil qildi.		/trəʊ.fi/	4599
troubled	C1	n.	qiyinchilik	Understanding the concept of troubled is valuable in academic studies.	Ilmiy izlanishlarda qiyinchilik tushunchasini chuqur anglash qadrlidir.		/trʌb.l ̩/	4600
tsunami	C1	n.	tsunami atamasi	Understanding the concept of tsunami is valuable in academic studies.	Ilmiy izlanishlarda tsunami atamasi tushunchasini chuqur anglash qadrlidir.		/tsunami/	4601
tuition	C1	n.	o`qitish	Understanding the role of tuition is vital for long-term growth.	Uzoq muddatli oʻsish uchun o`qitishning rolini tushunish juda muhimdir.		/tju:ɪʃ.ən/	4602
turnout	C1	n.	aylanmoq	Understanding the concept of turnout is valuable in academic studies.	Ilmiy izlanishlarda aylanmoq tushunchasini chuqur anglash qadrlidir.		/tɜ:n/	4603
turnover	C1	n.	pul aylanishi	The new policy pays special attention to turnover.	Yangi siyosat pul aylanishiga alohida eʼtibor qaratadi.		/tɜ:nəʊ.vər/	4604
twist	C1	v.	qayrilib qaramoq	The team worked together to twist the project requirements.	Jamoa loyiha talablarini qayrilib qaramoq uchun birgalikda ishladi.		/twɪst/	4605
ultimate	C1	adj.	oxirgi	They achieved a ultimate result after months of dedicated work.	Ular oylik mashaqqatli mehnatdan soʻng oxirgi natijaga erishdilar.		/ʌl.tɪ.mət/	4606
unacceptable	C1	adj.	to`g`ri kelmaydigan	We observed a unacceptable improvement in student performance.	Biz talabalar koʻrsatkichlarida to`g`ri kelmaydigan oʻsishni kuzatdik.		/ʌn.əksep.tə.bl ̩/	4607
uncertainty	C1	n.	ishonchsiz	Understanding the concept of uncertainty is valuable in academic studies.	Ilmiy izlanishlarda ishonchsiz tushunchasini chuqur anglash qadrlidir.		/ʌnsɜ:.tən/	4608
undergraduate	C1	n.	talaba	Modern development creates valuable opportunities in undergraduate.	Zamonaviy taraqqiyot talaba sohasida qimmatli imkoniyatlar yaratadi.		/ʌn.dəgræd.ju.ət/	4609
underlying	C1	n./adj.	ostidaayotgan; ostidaish	Understanding the concept of underlying is valuable in academic studies.	Ilmiy izlanishlarda ostidaayotgan tushunchasini chuqur anglash qadrlidir.		/ʌn.dər/	4610
undermine	C1	v.	buzmoq	Experts recommend how to undermine effectively in this situation.	Mutaxassislar bunday vaziyatda qanday qilib samarali buzmoqni tavsiya qiladilar.		/ʌn.dəmaɪn/	4611
unfold	C1	adj.	yoymoq	It is essential to maintain a unfold standard in research.	Tadqiqotda yoymoq meʼyorni saqlab qolish juda muhimdir.		/ʌnfəʊld/	4612
unfortunate	C1	adj.	omadsiz	The professor provided a unfortunate explanation of the concept.	Professor tushuncha boʻyicha omadsiz izoh berdi.		/ʌnfɔ:.tʃən.ət/	4613
unify	C1	v.	birlashtirmoq	You can unify new opportunities through daily practice.	Siz har kungi mashq orqali yangi imkoniyatlarni birlashtirmoqingiz mumkin.		/ju:.nɪ.faɪ/	4614
unity	C1	n.	birlik	The committee analyzed the impact of unity on society.	Qoʻmita birlikning jamiyatga taʼsirini tahlil qildi.		/ju:.nɪ.ti/	4615
universal	C1	adj.	umumiy	It is essential to maintain a universal standard in research.	Tadqiqotda umumiy meʼyorni saqlab qolish juda muhimdir.		/ju.nɪvɜ:.səl/	4616
unprecedented	C1	adj.	tengsiz	The professor provided a unprecedented explanation of the concept.	Professor tushuncha boʻyicha tengsiz izoh berdi.		/ʌnpres.ɪ.den.tɪd/	4617
unveil	C1	v.	ochmoq	You can unveil new opportunities through daily practice.	Siz har kungi mashq orqali yangi imkoniyatlarni ochmoqingiz mumkin.		/ʌnveɪl/	4618
upcoming	C1	adj.	kelayotgan	We observed a upcoming improvement in student performance.	Biz talabalar koʻrsatkichlarida kelayotgan oʻsishni kuzatdik.		/ʌpkʌm.ɪŋ/	4619
usage	C1	n.	qo`llash	The new policy pays special attention to usage.	Yangi siyosat qo`llashga alohida eʼtibor qaratadi.		/ju:.sɪdʒ/	4620
useless	C1	adj.	foydasiz	The professor provided a useless explanation of the concept.	Professor tushuncha boʻyicha foydasiz izoh berdi.		/ju:.sləs/	4621
utility	C1	n.	foyda	Understanding the role of utility is vital for long-term growth.	Uzoq muddatli oʻsish uchun foydaning rolini tushunish juda muhimdir.		/ju:tɪl.ɪ.ti/	4622
vacuum	C1	n.	vakum	The committee analyzed the impact of vacuum on society.	Qoʻmita vakumning jamiyatga taʼsirini tahlil qildi.		/væk.ju:m/	4623
vague	C1	adj.	noaniq	It is essential to maintain a vague standard in research.	Tadqiqotda noaniq meʼyorni saqlab qolish juda muhimdir.		/veɪg/	4624
valid	C1	adj.	ishonchli	The professor provided a valid explanation of the concept.	Professor tushuncha boʻyicha ishonchli izoh berdi.		/væl.ɪd/	4625
validity	C1	n.	qonuniylik	Understanding the role of validity is vital for long-term growth.	Uzoq muddatli oʻsish uchun qonuniylikning rolini tushunish juda muhimdir.		/vəlɪd.ɪ.ti/	4626
vanish	C1	v.	g`oyib bo`lmoq	Experts recommend how to vanish effectively in this situation.	Mutaxassislar bunday vaziyatda qanday qilib samarali g`oyib bo`lmoqni tavsiya qiladilar.		/væn.ɪʃ/	4627
variable	C1	n.	o`zgaruvchi	The new policy pays special attention to variable.	Yangi siyosat o`zgaruvchiga alohida eʼtibor qaratadi.		/veə.ri.ə.bl ̩/	4628
variation	C1	n.	o`zgarish	Modern development creates valuable opportunities in variation.	Zamonaviy taraqqiyot o`zgarish sohasida qimmatli imkoniyatlar yaratadi.		/veə.rieɪ.ʃən/	4629
varied	C1	adj.	turli	They achieved a varied result after months of dedicated work.	Ular oylik mashaqqatli mehnatdan soʻng turli natijaga erishdilar.		/veə.rɪd/	4630
vein	C1	n.	vena	The committee analyzed the impact of vein on society.	Qoʻmita venaning jamiyatga taʼsirini tahlil qildi.		/veɪn/	4631
venture	C1	n.	tavakkal ish	The new policy pays special attention to venture.	Yangi siyosat tavakkal ishga alohida eʼtibor qaratadi.		/ven.tʃər/	4632
verbal	C1	adj.	og`zaki	The professor provided a verbal explanation of the concept.	Professor tushuncha boʻyicha og`zaki izoh berdi.		/vɜ:.bəl/	4633
verdict	C1	n.	hukm	Understanding the role of verdict is vital for long-term growth.	Uzoq muddatli oʻsish uchun hukmning rolini tushunish juda muhimdir.		/vɜ:.dɪkt/	4634
verse	C1	n.	misra	The committee analyzed the impact of verse on society.	Qoʻmita misraning jamiyatga taʼsirini tahlil qildi.		/vɜ:s/	4635
versus	C1	n.	qarshi	The new policy pays special attention to versus.	Yangi siyosat qarshiga alohida eʼtibor qaratadi.		/vɜ:.səs/	4636
vertical	C1	adj.	tik	The professor provided a vertical explanation of the concept.	Professor tushuncha boʻyicha tik izoh berdi.		/vɜ:.tɪ.kəl/	4637
vessel	C1	n.	kema	Understanding the role of vessel is vital for long-term growth.	Uzoq muddatli oʻsish uchun kemaning rolini tushunish juda muhimdir.		/ves.əl/	4638
veteran	C1	n.	veteran	The committee analyzed the impact of veteran on society.	Qoʻmita veteranning jamiyatga taʼsirini tahlil qildi.		/vet.ər.ən/	4639
viable	C1	adj.	rivojlana oladigan	It is essential to maintain a viable standard in research.	Tadqiqotda rivojlana oladigan meʼyorni saqlab qolish juda muhimdir.		/vaɪ.ə.bl ̩/	4640
vibrant	C1	adj.	tebranadigan	The professor provided a vibrant explanation of the concept.	Professor tushuncha boʻyicha tebranadigan izoh berdi.		/vaɪ.brənt/	4641
vice	C1	n.	nuqson	Understanding the role of vice is vital for long-term growth.	Uzoq muddatli oʻsish uchun nuqsonning rolini tushunish juda muhimdir.		/vaɪs/	4642
vicious	C1	adj.	ahloqsiz	We observed a vicious improvement in student performance.	Biz talabalar koʻrsatkichlarida ahloqsiz oʻsishni kuzatdik.		/vɪʃ.əs/	4643
viewpoint	C1	n.	qarash	Understanding the concept of viewpoint is valuable in academic studies.	Ilmiy izlanishlarda qarash tushunchasini chuqur anglash qadrlidir.		/vju:/	4644
villager	C1	n.	qishloqlik	Modern development creates valuable opportunities in villager.	Zamonaviy taraqqiyot qishloqlik sohasida qimmatli imkoniyatlar yaratadi.		/vɪl.ɪ.dʒər/	4645
violate	C1	v.	buzmoq,	You can violate new opportunities through daily practice.	Siz har kungi mashq orqali yangi imkoniyatlarni buzmoqingiz mumkin.		/vaɪə.leɪt/	4646
violation	C1	n.	buzish	The committee analyzed the impact of violation on society.	Qoʻmita buzishning jamiyatga taʼsirini tahlil qildi.		/vaɪəleɪ.ʃən/	4647
virtue	C1	n.	yaxshilik	The new policy pays special attention to virtue.	Yangi siyosat yaxshilikga alohida eʼtibor qaratadi.		/vɜ:.tju:/	4648
visa	C1	n.	viza	Modern development creates valuable opportunities in visa.	Zamonaviy taraqqiyot viza sohasida qimmatli imkoniyatlar yaratadi.		/vi:.zə/	4649
visible	C1	adj.	ko`rinadigan	They achieved a visible result after months of dedicated work.	Ular oylik mashaqqatli mehnatdan soʻng ko`rinadigan natijaga erishdilar.		/vɪz.ɪ.bl ̩/	4650
vocal	C1	adj.	ovozga oid	We observed a vocal improvement in student performance.	Biz talabalar koʻrsatkichlarida ovozga oid oʻsishni kuzatdik.		/vəʊ.kəl/	4651
voluntary	C1	adj.	ixtiyoriy	It is essential to maintain a voluntary standard in research.	Tadqiqotda ixtiyoriy meʼyorni saqlab qolish juda muhimdir.		/vɒl.ən.tri/	4652
voting	C1	n.	voting atamasi	Understanding the concept of voting is valuable in academic studies.	Ilmiy izlanishlarda voting atamasi tushunchasini chuqur anglash qadrlidir.		/voting/	4653
vow	C1	v.	qasam ichmoq	You can vow new opportunities through daily practice.	Siz har kungi mashq orqali yangi imkoniyatlarni qasam ichmoqingiz mumkin.		/vaʊ/	4654
vulnerability	C1	n.	vulnerability atamasi	Understanding the concept of vulnerability is valuable in academic studies.	Ilmiy izlanishlarda vulnerability atamasi tushunchasini chuqur anglash qadrlidir.		/vulnerability/	4655
vulnerable	C1	adj.	ko`ngli nozik	It is essential to maintain a vulnerable standard in research.	Tadqiqotda ko`ngli nozik meʼyorni saqlab qolish juda muhimdir.		/vʌl.nər.ə.bl ̩/	4656
wander	C1	v.	sayr qilmoq	The team worked together to wander the project requirements.	Jamoa loyiha talablarini sayr qilmoq uchun birgalikda ishladi.		/wɒn.dər/	4657
ward	C1	n.	palata	Understanding the role of ward is vital for long-term growth.	Uzoq muddatli oʻsish uchun palataning rolini tushunish juda muhimdir.		/wɔ:d/	4658
warehouse	C1	n.	omborxona	The committee analyzed the impact of warehouse on society.	Qoʻmita omborxonaning jamiyatga taʼsirini tahlil qildi.		/weə.haʊs/	4659
warfare	C1	n.	urush	The new policy pays special attention to warfare.	Yangi siyosat urushga alohida eʼtibor qaratadi.		/wɔ:.feər/	4660
warming	C1	n./adj.	iliqayotgan; iliqish	Understanding the concept of warming is valuable in academic studies.	Ilmiy izlanishlarda iliqayotgan tushunchasini chuqur anglash qadrlidir.		/wɔ:m/	4661
warrant	C1	n.	yozma buyruq	Understanding the role of warrant is vital for long-term growth.	Uzoq muddatli oʻsish uchun yozma buyruqning rolini tushunish juda muhimdir.		/wɒr.ənt/	4662
warrior	C1	n.	jangchi	The committee analyzed the impact of warrior on society.	Qoʻmita jangchining jamiyatga taʼsirini tahlil qildi.		/wɒr.i.ər/	4663
weaken	C1	v.	zaiflashmoq	We must weaken carefully to achieve the desired outcome.	Kutilgan natijaga erishish uchun biz ehtiyotkorlik bilan zaiflashmoqimiz kerak.		/wi:.kən/	4664
weave	C1	v.	to`qimoq	The team worked together to weave the project requirements.	Jamoa loyiha talablarini to`qimoq uchun birgalikda ishladi.		/wi:v/	4665
weed	C1	n.	begona o'simlik	Understanding the role of weed is vital for long-term growth.	Uzoq muddatli oʻsish uchun begona o'simlikning rolini tushunish juda muhimdir.		/wi:d/	4666
weekly	C1	adj.	haftalik	We observed a weekly improvement in student performance.	Biz talabalar koʻrsatkichlarida haftalik oʻsishni kuzatdik.		/wi:.kli/	4667
weird	C1	adj.	g`alati	It is essential to maintain a weird standard in research.	Tadqiqotda g`alati meʼyorni saqlab qolish juda muhimdir.		/wɪəd/	4668
welfare	C1	n.	xayriya	Modern development creates valuable opportunities in welfare.	Zamonaviy taraqqiyot xayriya sohasida qimmatli imkoniyatlar yaratadi.		/wel.feər/	4669
well-being	C1	n.	sog`liq	Understanding the role of well-being is vital for long-term growth.	Uzoq muddatli oʻsish uchun sog`liqning rolini tushunish juda muhimdir.		/welbi:.ɪŋ/	4670
whatsoever	C1	n.	nima	Understanding the concept of whatsoever is valuable in academic studies.	Ilmiy izlanishlarda nima tushunchasini chuqur anglash qadrlidir.		/wɒt/	4671
wheat	C1	n.	bug`doy	The new policy pays special attention to wheat.	Yangi siyosat bug`doyga alohida eʼtibor qaratadi.		/wi:t/	4672
whereby	C1	adv.	orqali	The team worked together to whereby the project requirements.	Jamoa loyiha talablarini orqali uchun birgalikda ishladi.		/weəbaɪ/	4673
whilst	C1	n.	whilst atamasi	Understanding the concept of whilst is valuable in academic studies.	Ilmiy izlanishlarda whilst atamasi tushunchasini chuqur anglash qadrlidir.		/whilst/	4674
whip	C1	n.	qamchi	The committee analyzed the impact of whip on society.	Qoʻmita qamchining jamiyatga taʼsirini tahlil qildi.		/wɪp/	4675
whoever	C1	n.	kim bo`lsa ham	The new policy pays special attention to whoever.	Yangi siyosat kim bo`lsa hamga alohida eʼtibor qaratadi.		/hu:ev.ər/	4676
wholly	C1	adv.	butunlay	The team worked together to wholly the project requirements.	Jamoa loyiha talablarini butunlay uchun birgalikda ishladi.		/həʊl.li/	4677
widen	C1	v.	kengaymoq	You can widen new opportunities through daily practice.	Siz har kungi mashq orqali yangi imkoniyatlarni kengaymoqingiz mumkin.		/waɪ.dən/	4678
widespread	C1	adj.	keng tarqalgan	We observed a widespread improvement in student performance.	Biz talabalar koʻrsatkichlarida keng tarqalgan oʻsishni kuzatdik.		/waɪdspred/	4679
widow	C1	n.	beva	The new policy pays special attention to widow.	Yangi siyosat bevaga alohida eʼtibor qaratadi.		/wɪd.əʊ/	4680
width	C1	n.	eni	Modern development creates valuable opportunities in width.	Zamonaviy taraqqiyot eni sohasida qimmatli imkoniyatlar yaratadi.		/wɪtθ/	4681
willingness	C1	n.	ko`ngillilik, xususiyat	Understanding the concept of willingness is valuable in academic studies.	Ilmiy izlanishlarda ko`ngillilik tushunchasini chuqur anglash qadrlidir.		/wɪl.ɪŋ/	4682
wipe	C1	v.	artmoq	Experts recommend how to wipe effectively in this situation.	Mutaxassislar bunday vaziyatda qanday qilib samarali artmoqni tavsiya qiladilar.		/waɪp/	4683
wisdom	C1	n.	donolik	The new policy pays special attention to wisdom.	Yangi siyosat donolikga alohida eʼtibor qaratadi.		/wɪz.dəm/	4684
wit	C1	n.	zehn	Modern development creates valuable opportunities in wit.	Zamonaviy taraqqiyot zehn sohasida qimmatli imkoniyatlar yaratadi.		/wɪt/	4685
workforce	C1	n.	ish	Understanding the concept of workforce is valuable in academic studies.	Ilmiy izlanishlarda ish tushunchasini chuqur anglash qadrlidir.		/wɜ:k/	4686
workplace	C1	n.	ish	Understanding the concept of workplace is valuable in academic studies.	Ilmiy izlanishlarda ish tushunchasini chuqur anglash qadrlidir.		/wɜ:k/	4687
worm	C1	n.	chuvalchang	The new policy pays special attention to worm.	Yangi siyosat chuvalchangga alohida eʼtibor qaratadi.		/wɜ:m/	4688
worship	C1	v.	ibodat qilmoq	The team worked together to worship the project requirements.	Jamoa loyiha talablarini ibodat qilmoq uchun birgalikda ishladi.		/wɜ:.ʃɪp/	4689
worthwhile	C1	adj.	arziydigan	They achieved a worthwhile result after months of dedicated work.	Ular oylik mashaqqatli mehnatdan soʻng arziydigan natijaga erishdilar.		/wɜ:θwaɪl/	4690
worthy	C1	adj.	munosib	We observed a worthy improvement in student performance.	Biz talabalar koʻrsatkichlarida munosib oʻsishni kuzatdik.		/wɜ:.ði/	4691
wrist	C1	n.	bilak	The new policy pays special attention to wrist.	Yangi siyosat bilakga alohida eʼtibor qaratadi.		/rɪst/	4692
yell	C1	v.	qichqirmoq	The team worked together to yell the project requirements.	Jamoa loyiha talablarini qichqirmoq uchun birgalikda ishladi.		/jel/	4693
youngster	C1	n.	yosh	Understanding the concept of youngster is valuable in academic studies.	Ilmiy izlanishlarda yosh tushunchasini chuqur anglash qadrlidir.		/jʌŋ/	4694
paradigm	C1	n.	namuna, andoza, paradigma	Quantum physics introduced a revolutionary new paradigm to modern science.	Kvant fizikasi zamonaviy ilm-fanga inqilobiy yangi andozani olib kirdi.	model	/ˈpærədaɪm/	4695
qualitative	C1	adj.	sifatga oid, sifat jihatidan	The committee carried out qualitative evaluations of student feedback.	Qoʻmita talabalar fikr-mulohazalarini sifat jihatidan batafsil baholadi.	descriptive	/ˈkwɒlɪtətɪv/	4696
quantitative	C1	adj.	miqdoriy, hisob-kitobga oid	Scientists gathered quantitative data using precise digital measuring sensors.	Olimlar aniq raqamli oʻlchash datchiklari orqali miqdoriy maʼlumotlar toʻpladilar.	numerical	/ˈkwɒntɪtətɪv/	4697
phenomenon	C1	n.	hodisa, favqulodda voqea	The northern lights are a breathtaking natural phenomenon.	Shimol yogʻdusi tabiatning ajoyib va hayratlanarli hodisasidir.	occurrence	/fəˈnɒmɪnən/	4698
criteria	C1	n.	mezonlar, talablar, meʼyorlar	Candidates must meet rigorous academic criteria to qualify.	Nomzodlar munosib boʻlish uchun qatʼiy akademik mezonlarga javob berishlari kerak.	standards	/kraɪˈtɪəriə/	4699
revolution	C1	n.	inqilob	The new policy pays special attention to revolution.	Yangi siyosat inqilobga alohida eʼtibor qaratadi.		/rev.əlu:.ʃən/	4700
sustainability	C1	n.	barqarorlik, uzoq muddatlilik	Ecological sustainability ensures a thriving planet for future generations.	Ekologik barqarorlik kelajak avlodlar uchun obod sayyorani taʼminlaydi.	durability	/səˌsteɪnəˈbɪləti/	4701
cybersecurity	C1	n.	cybersecurity atamasi	Understanding the concept of cybersecurity is valuable in academic studies.	Ilmiy izlanishlarda cybersecurity atamasi tushunchasini chuqur anglash qadrlidir.		/cybersecurity/	4702
encryption	C1	n.	encryption atamasi	Understanding the concept of encryption is valuable in academic studies.	Ilmiy izlanishlarda encryption atamasi tushunchasini chuqur anglash qadrlidir.		/encryption/	4703
algorithm	C1	n.	algoritm, bosqichma-bosqich tizim	The recommendation algorithm personalizes content for each user.	Tavsiya algoritmi har bir foydalanuvchi uchun kontentni moslashtiradi.	procedure	/ˈælɡərɪðəm/	4704
artificial	C1	adj.	sun'iy	The professor provided a artificial explanation of the concept.	Professor tushuncha boʻyicha sun'iy izoh berdi.		/ɑ.tɪfɪʃ.əl/	4705
campus	C1	n.	talabalar shaharchasi	Understanding the role of campus is vital for long-term growth.	Uzoq muddatli oʻsish uchun talabalar shaharchasining rolini tushunish juda muhimdir.		/kæm.pəs/	4706
dormitory	C1	n.	talabalar yotoqxonasi	International students live in the modern campus dormitory.	Xorijiy talabalar zamonaviy talabalar shaharchasi yotoqxonasida yashaydilar.	hostel	/ˈdɔːmətri/	4707
diploma	C1	n.	diplom	The new policy pays special attention to diploma.	Yangi siyosat diplomga alohida eʼtibor qaratadi.		/dɪpləʊ.mə/	4708
psychology	C1	n.	psixologiya	Modern development creates valuable opportunities in psychology.	Zamonaviy taraqqiyot psixologiya sohasida qimmatli imkoniyatlar yaratadi.		/saɪkɒl.ə.dʒi/	4709
resilience	C1	n.	chidamlilik, iroda, yengilmaslik	Mental resilience helps you overcome unexpected setbacks in life.	Ruhiy chidamlilik hayotdagi kutilmagan qiyinchiliklarni yengishga yordam beradi.	toughness	/rɪˈzɪliəns/	4710
philosophy	C1	n.	falsafa	The committee analyzed the impact of philosophy on society.	Qoʻmita falsafaning jamiyatga taʼsirini tahlil qildi.		/fɪlɒs.ə.fi/	4711
leadership	C1	n.	rahbarlik	The new policy pays special attention to leadership.	Yangi siyosat rahbarlikga alohida eʼtibor qaratadi.		/li:.də.ʃɪp/	4712
teamwork	C1	n.	jamoa	Understanding the concept of teamwork is valuable in academic studies.	Ilmiy izlanishlarda jamoa tushunchasini chuqur anglash qadrlidir.		/ti:m/	4713
coherence	C1	n.	muvofiqlashmoq	Understanding the concept of coherence is valuable in academic studies.	Ilmiy izlanishlarda muvofiqlashmoq tushunchasini chuqur anglash qadrlidir.		/kəʊhɪər/	4714
equilibrium	C1	n.	muvozanat	The committee analyzed the impact of equilibrium on society.	Qoʻmita muvozanatning jamiyatga taʼsirini tahlil qildi.		/i:.kwɪlɪb.ri.əm/	4715
manifestation	C1	n.	ochiq bayon etish	The new policy pays special attention to manifestation.	Yangi siyosat ochiq bayon etishga alohida eʼtibor qaratadi.		/mæn.ɪ.festeɪ.ʃən/	4716
mitigation	C1	n.	mitigation atamasi	Understanding the concept of mitigation is valuable in academic studies.	Ilmiy izlanishlarda mitigation atamasi tushunchasini chuqur anglash qadrlidir.		/mitigation/	4717
proponent	C1	n.	tirgak	Understanding the concept of proponent is valuable in academic studies.	Ilmiy izlanishlarda tirgak tushunchasini chuqur anglash qadrlidir.		/prɒp/	4718
advocacy	C1	n.	advocacy atamasi	Understanding the concept of advocacy is valuable in academic studies.	Ilmiy izlanishlarda advocacy atamasi tushunchasini chuqur anglash qadrlidir.		/advocacy/	4719
lucidity	C1	n.	ravshanlik, xususiyat	Understanding the concept of lucidity is valuable in academic studies.	Ilmiy izlanishlarda ravshanlik tushunchasini chuqur anglash qadrlidir.		/lu:.sɪd/	4720
pragmatism	C1	n.	pragmatism atamasi	Understanding the concept of pragmatism is valuable in academic studies.	Ilmiy izlanishlarda pragmatism atamasi tushunchasini chuqur anglash qadrlidir.		/pragmatism/	4721
rigor	C1	n.	rigor atamasi	Understanding the concept of rigor is valuable in academic studies.	Ilmiy izlanishlarda rigor atamasi tushunchasini chuqur anglash qadrlidir.		/rigor/	4722
ubiquity	C1	n.	ubiquity atamasi	Understanding the concept of ubiquity is valuable in academic studies.	Ilmiy izlanishlarda ubiquity atamasi tushunchasini chuqur anglash qadrlidir.		/ubiquity/	4723
tenacity	C1	n.	tenacity atamasi	Understanding the concept of tenacity is valuable in academic studies.	Ilmiy izlanishlarda tenacity atamasi tushunchasini chuqur anglash qadrlidir.		/tenacity/	4724
eloquence	C1	n.	notiqlik	Modern development creates valuable opportunities in eloquence.	Zamonaviy taraqqiyot notiqlik sohasida qimmatli imkoniyatlar yaratadi.		/el.ə.kwənts/	4725
catalysis	C1	n.	catalysis atamasi	Understanding the concept of catalysis is valuable in academic studies.	Ilmiy izlanishlarda catalysis atamasi tushunchasini chuqur anglash qadrlidir.		/catalysis/	4726
juxtaposition	C1	n.	juxtaposition atamasi	Understanding the concept of juxtaposition is valuable in academic studies.	Ilmiy izlanishlarda juxtaposition atamasi tushunchasini chuqur anglash qadrlidir.		/juxtaposition/	4727
poignancy	C1	n.	poignancy atamasi	Understanding the concept of poignancy is valuable in academic studies.	Ilmiy izlanishlarda poignancy atamasi tushunchasini chuqur anglash qadrlidir.		/poignancy/	4728
nostalgic	C1	n.	nostalgic atamasi	Understanding the concept of nostalgic is valuable in academic studies.	Ilmiy izlanishlarda nostalgic atamasi tushunchasini chuqur anglash qadrlidir.		/nostalgic/	4729
serendipitous	C1	n.	serendipitous atamasi	Understanding the concept of serendipitous is valuable in academic studies.	Ilmiy izlanishlarda serendipitous atamasi tushunchasini chuqur anglash qadrlidir.		/serendipitous/	4730
transcendence	C1	n.	chegaradan chiqmoq	Understanding the concept of transcendence is valuable in academic studies.	Ilmiy izlanishlarda chegaradan chiqmoq tushunchasini chuqur anglash qadrlidir.		/trænsend/	4731
viability	C1	n.	viability atamasi	Understanding the concept of viability is valuable in academic studies.	Ilmiy izlanishlarda viability atamasi tushunchasini chuqur anglash qadrlidir.		/viability/	4732
vindication	C1	n.	isbotlash	Modern development creates valuable opportunities in vindication.	Zamonaviy taraqqiyot isbotlash sohasida qimmatli imkoniyatlar yaratadi.		/vɪn.dɪkeɪ.ʃən/	4733
viscerally	C1	n.	viscerally atamasi	Understanding the concept of viscerally is valuable in academic studies.	Ilmiy izlanishlarda viscerally atamasi tushunchasini chuqur anglash qadrlidir.		/viscerally/	4734
zenithal	C1	n.	cho'qqi	Understanding the concept of zenithal is valuable in academic studies.	Ilmiy izlanishlarda cho'qqi tushunchasini chuqur anglash qadrlidir.		/zen.ɪθ/	4735
authenticity	C1	n.	asllik, xususiyat	Understanding the concept of authenticity is valuable in academic studies.	Ilmiy izlanishlarda asllik tushunchasini chuqur anglash qadrlidir.		/ɔ:θen.tɪk/	4736
empathic	C1	n.	empathic atamasi	Understanding the concept of empathic is valuable in academic studies.	Ilmiy izlanishlarda empathic atamasi tushunchasini chuqur anglash qadrlidir.		/empathic/	4737
aback	C1	adv.	ajablanmoq	You can aback new opportunities through daily practice.	Siz har kungi mashq orqali yangi imkoniyatlarni ajablanmoqingiz mumkin.		/əbæk/	4738
abacus	C1	n.	cho't	The committee analyzed the impact of abacus on society.	Qoʻmita cho'tning jamiyatga taʼsirini tahlil qildi.		/æb.ə.kəs/	4739
abase	C1	v.	yerga urmoq	We must abase carefully to achieve the desired outcome.	Kutilgan natijaga erishish uchun biz ehtiyotkorlik bilan yerga urmoqimiz kerak.		/əbeɪs/	4740
abasement	C1	n.	kamsitish	Modern development creates valuable opportunities in abasement.	Zamonaviy taraqqiyot kamsitish sohasida qimmatli imkoniyatlar yaratadi.		/əbeɪ.smənt/	4741
abashed	C1	adj.	hijolat bo'lmoq	They achieved a abashed result after months of dedicated work.	Ular oylik mashaqqatli mehnatdan soʻng hijolat bo'lmoq natijaga erishdilar.		/əbæʃt/	4742
abashment	C1	n.	lol qolish	The committee analyzed the impact of abashment on society.	Qoʻmita lol qolishning jamiyatga taʼsirini tahlil qildi.		/əbeɪʃmənt/	4743
abate	C1	v.	holsizlanish	We must abate carefully to achieve the desired outcome.	Kutilgan natijaga erishish uchun biz ehtiyotkorlik bilan holsizlanishimiz kerak.		/əbeɪt/	4744
abbess	C1	n.	monastir ayol	Modern development creates valuable opportunities in abbess.	Zamonaviy taraqqiyot monastir ayol sohasida qimmatli imkoniyatlar yaratadi.		/æb.es/	4745
abbey	C1	n.	monastir	Understanding the role of abbey is vital for long-term growth.	Uzoq muddatli oʻsish uchun monastirning rolini tushunish juda muhimdir.		/æb.i/	4746
abbot	C1	n.	abbat	The committee analyzed the impact of abbot on society.	Qoʻmita abbatning jamiyatga taʼsirini tahlil qildi.		/æb.ət/	4747
abbreviate	C1	v.	qisqartirmoq	We must abbreviate carefully to achieve the desired outcome.	Kutilgan natijaga erishish uchun biz ehtiyotkorlik bilan qisqartirmoqimiz kerak.		/əbri.vi.eɪt/	4748
abbreviation	C1	n.	qisqartma	Modern development creates valuable opportunities in abbreviation.	Zamonaviy taraqqiyot qisqartma sohasida qimmatli imkoniyatlar yaratadi.		/əbri.vieɪ.ʃən/	4749
abdicate	C1	v.	voz kechmoq	You can abdicate new opportunities through daily practice.	Siz har kungi mashq orqali yangi imkoniyatlarni voz kechmoqingiz mumkin.		/æb.dɪ.keɪt/	4750
abdomen	C1	n.	qorin	The committee analyzed the impact of abdomen on society.	Qoʻmita qorinning jamiyatga taʼsirini tahlil qildi.		/æb.də.mən/	4751
abduct	C1	v.	o'g'irlamoq	We must abduct carefully to achieve the desired outcome.	Kutilgan natijaga erishish uchun biz ehtiyotkorlik bilan o'g'irlamoqimiz kerak.		/æbdʌkt/	4752
aberration	C1	n.	og'ish	Modern development creates valuable opportunities in aberration.	Zamonaviy taraqqiyot og'ish sohasida qimmatli imkoniyatlar yaratadi.		/æb.əreɪ.ʃən/	4753
abet	C1	v.	tasir o'tkazmoq	You can abet new opportunities through daily practice.	Siz har kungi mashq orqali yangi imkoniyatlarni tasir o'tkazmoqingiz mumkin.		/əbet/	4754
abeyance	C1	n.	harakatsiz	The committee analyzed the impact of abeyance on society.	Qoʻmita harakatsizning jamiyatga taʼsirini tahlil qildi.		/əbeɪ.ənts/	4755
abhor	C1	v.	yomon ko'rmoq	We must abhor carefully to achieve the desired outcome.	Kutilgan natijaga erishish uchun biz ehtiyotkorlik bilan yomon ko'rmoqimiz kerak.		/æbhɔr/	4756
abhorrent	C1	adj.	jirkanch	The professor provided a abhorrent explanation of the concept.	Professor tushuncha boʻyicha jirkanch izoh berdi.		/æbhɔr/	4757
abide	C1	v.	sodiq bo'lmoq	You can abide new opportunities through daily practice.	Siz har kungi mashq orqali yangi imkoniyatlarni sodiq bo'lmoqingiz mumkin.		/əbaɪd/	4758
abiding	C1	adj.	doimiy	We observed a abiding improvement in student performance.	Biz talabalar koʻrsatkichlarida doimiy oʻsishni kuzatdik.		/əbaɪ.dɪŋ/	4759
abject	C1	adj.	baxtsiz	It is essential to maintain a abject standard in research.	Tadqiqotda baxtsiz meʼyorni saqlab qolish juda muhimdir.		/æb.dʒekt/	4760
abjure	C1	v.	rad etish	The team worked together to abjure the project requirements.	Jamoa loyiha talablarini rad etish uchun birgalikda ishladi.		/əbdʒʊər/	4761
ablaze	C1	adj.	porlaydigan	They achieved a ablaze result after months of dedicated work.	Ular oylik mashaqqatli mehnatdan soʻng porlaydigan natijaga erishdilar.		/əbleɪz/	4762
ablution	C1	n.	yuvinish	The committee analyzed the impact of ablution on society.	Qoʻmita yuvinishning jamiyatga taʼsirini tahlil qildi.		/əblu.ʃən/	4763
ably	C1	adv.	moxirlik bilan	We must ably carefully to achieve the desired outcome.	Kutilgan natijaga erishish uchun biz ehtiyotkorlik bilan moxirlik bilanimiz kerak.		/eɪ.bli/	4764
abnormal	C1	adj.	normal bo'lmagan	The professor provided a abnormal explanation of the concept.	Professor tushuncha boʻyicha normal bo'lmagan izoh berdi.		/æbnɔ.məl/	4765
aboard	C1	adv.	bordda	You can aboard new opportunities through daily practice.	Siz har kungi mashq orqali yangi imkoniyatlarni borddaingiz mumkin.		/əbɔ:d/	4766
abode	C1	n.	turar joy	The committee analyzed the impact of abode on society.	Qoʻmita turar joyning jamiyatga taʼsirini tahlil qildi.		/əbəʊd/	4767
abominable	C1	adj.	jirkanch	It is essential to maintain a abominable standard in research.	Tadqiqotda jirkanch meʼyorni saqlab qolish juda muhimdir.		/əbɒm.ɪ.nə.bl ̩/	4768
aboriginal	C1	adj.	qadimiy	The professor provided a aboriginal explanation of the concept.	Professor tushuncha boʻyicha qadimiy izoh berdi.		/æb.ərɪdʒ.ɪ.nəl/	4769
aborigine	C1	n.	aborogen	Understanding the role of aborigine is vital for long-term growth.	Uzoq muddatli oʻsish uchun aborogenning rolini tushunish juda muhimdir.		/æb.ərɪdʒ. ə n.i/	4770
abort	C1	v.	oldirib tashlash	Experts recommend how to abort effectively in this situation.	Mutaxassislar bunday vaziyatda qanday qilib samarali oldirib tashlashni tavsiya qiladilar.		/əbɔt/	4771
abortive	C1	adj.	amalga oshmagan	It is essential to maintain a abortive standard in research.	Tadqiqotda amalga oshmagan meʼyorni saqlab qolish juda muhimdir.		/əbɔ.tɪv/	4772
abound	C1	v.	ko'paymoq	The team worked together to abound the project requirements.	Jamoa loyiha talablarini ko'paymoq uchun birgalikda ishladi.		/əbaʊnd/	4773
about	C1	n.	haqida	Understanding the role of about is vital for long-term growth.	Uzoq muddatli oʻsish uchun haqidaning rolini tushunish juda muhimdir.		/əbaʊt/	4774
above	C1	adv.	yuqorida	Experts recommend how to above effectively in this situation.	Mutaxassislar bunday vaziyatda qanday qilib samarali yuqoridani tavsiya qiladilar.		/əbʌv/	4775
abrasive	C1	adj.	qo'pol	It is essential to maintain a abrasive standard in research.	Tadqiqotda qo'pol meʼyorni saqlab qolish juda muhimdir.		/əbreɪ.sɪv/	4776
abreast	C1	adv.	yonida	The team worked together to abreast the project requirements.	Jamoa loyiha talablarini yonida uchun birgalikda ishladi.		/əbrest/	4777
abridge	C1	v.	qisqartirmoq	You can abridge new opportunities through daily practice.	Siz har kungi mashq orqali yangi imkoniyatlarni qisqartirmoqingiz mumkin.		/əbrɪdʒ/	4778
abrogate	C1	v.	bekor qilmoq	Experts recommend how to abrogate effectively in this situation.	Mutaxassislar bunday vaziyatda qanday qilib samarali bekor qilmoqni tavsiya qiladilar.		/æb.rə ʊ .geɪt/	4779
abrupt	C1	adj.	bexosdan	It is essential to maintain a abrupt standard in research.	Tadqiqotda bexosdan meʼyorni saqlab qolish juda muhimdir.		/əbrʌpt/	4780
abscess	C1	n.	chipqon	Modern development creates valuable opportunities in abscess.	Zamonaviy taraqqiyot chipqon sohasida qimmatli imkoniyatlar yaratadi.		/æb.ses/	4781
absolute	C1	adj.	to'liq	They achieved a absolute result after months of dedicated work.	Ular oylik mashaqqatli mehnatdan soʻng to'liq natijaga erishdilar.		/æb.sə.lut/	4782
absolution	C1	n.	kechirish	The committee analyzed the impact of absolution on society.	Qoʻmita kechirishning jamiyatga taʼsirini tahlil qildi.		/æb.səlu.ʃ ə n/	4783
absolve	C1	v.	kechirmoq	We must absolve carefully to achieve the desired outcome.	Kutilgan natijaga erishish uchun biz ehtiyotkorlik bilan kechirmoqimiz kerak.		/əbzɒlv/	4784
absorption	C1	n.	so'rib olish	Modern development creates valuable opportunities in absorption.	Zamonaviy taraqqiyot so'rib olish sohasida qimmatli imkoniyatlar yaratadi.		/əbzɔp.ʃ ə n/	4785
abstain	C1	v.	tiymoq	You can abstain new opportunities through daily practice.	Siz har kungi mashq orqali yangi imkoniyatlarni tiymoqingiz mumkin.		/æbsteɪn/	4786
abstinence	C1	n.	tiyilish	The committee analyzed the impact of abstinence on society.	Qoʻmita tiyilishning jamiyatga taʼsirini tahlil qildi.		/æb.stɪ.nənts/	4787
abundant	C1	adj.	mo'l	It is essential to maintain a abundant standard in research.	Tadqiqotda mo'l meʼyorni saqlab qolish juda muhimdir.		/əbʌn.d ə nt/	4788
abusive	C1	adj.	haqoratli	The professor provided a abusive explanation of the concept.	Professor tushuncha boʻyicha haqoratli izoh berdi.		/əbju.sɪv/	4789
abyss	C1	n.	tubsizlik	Understanding the role of abyss is vital for long-term growth.	Uzoq muddatli oʻsish uchun tubsizlikning rolini tushunish juda muhimdir.		/əbɪs/	4790
acacia	C1	n.	akatsiya	The committee analyzed the impact of acacia on society.	Qoʻmita akatsiyaning jamiyatga taʼsirini tahlil qildi.		/əkeɪ.ʃə/	4791
academic	C1	adj.	o'quv	It is essential to maintain a academic standard in research.	Tadqiqotda o'quv meʼyorni saqlab qolish juda muhimdir.		/æk.ədem.ɪk/	4792
accede	C1	v.	rozilik bermoq	The team worked together to accede the project requirements.	Jamoa loyiha talablarini rozilik bermoq uchun birgalikda ishladi.		/əksid/	4793
accelerator	C1	n.	pedal	Understanding the role of accelerator is vital for long-term growth.	Uzoq muddatli oʻsish uchun pedalning rolini tushunish juda muhimdir.		/əksel.ə.reɪ.tə r /	4794
accentuate	C1	v.	urg'u bermoq	Experts recommend how to accentuate effectively in this situation.	Mutaxassislar bunday vaziyatda qanday qilib samarali urg'u bermoqni tavsiya qiladilar.		/əksen.tju.eɪt/	4795
accidental	C1	adj.	tasodifan	It is essential to maintain a accidental standard in research.	Tadqiqotda tasodifan meʼyorni saqlab qolish juda muhimdir.		/æk.sɪden.təl/	4796
acclaim	C1	n.	e'tirof	Modern development creates valuable opportunities in acclaim.	Zamonaviy taraqqiyot e'tirof sohasida qimmatli imkoniyatlar yaratadi.		/əkleɪm/	4797
acclimatize	C1	v.	iqlimlashtirmoq	You can acclimatize new opportunities through daily practice.	Siz har kungi mashq orqali yangi imkoniyatlarni iqlimlashtirmoqingiz mumkin.		/əklaɪ.mə.taɪz/	4798
accommodation	C1	n.	joy	The committee analyzed the impact of accommodation on society.	Qoʻmita joyning jamiyatga taʼsirini tahlil qildi.		/əkɒm.ədeɪ.ʃ ə n	4799
accompany	C1	v.	hamroh bo'lish	We must accompany carefully to achieve the desired outcome.	Kutilgan natijaga erishish uchun biz ehtiyotkorlik bilan hamroh bo'lishimiz kerak.		/əkʌm.pə.ni/	4800
accomplice	C1	n.	sherik	Modern development creates valuable opportunities in accomplice.	Zamonaviy taraqqiyot sherik sohasida qimmatli imkoniyatlar yaratadi.		/əkʌm.plɪs/	4801
accomplished	C1	adj.	tajribali	They achieved a accomplished result after months of dedicated work.	Ular oylik mashaqqatli mehnatdan soʻng tajribali natijaga erishdilar.		/əkʌm.plɪʃt/	4802
accord	C1	n.	kelishuv	The committee analyzed the impact of accord on society.	Qoʻmita kelishuvning jamiyatga taʼsirini tahlil qildi.		/əkɔd/	4803
according	C1	n.	mos ravishda	The new policy pays special attention to according.	Yangi siyosat mos ravishdaga alohida eʼtibor qaratadi.		/əkɔ.dɪŋ/	4804
accredit	C1	v.	vakil qilmoq	The team worked together to accredit the project requirements.	Jamoa loyiha talablarini vakil qilmoq uchun birgalikda ishladi.		/əkred.ɪt/	4805
accumulator	C1	n.	akumilyator	Understanding the role of accumulator is vital for long-term growth.	Uzoq muddatli oʻsish uchun akumilyatorning rolini tushunish juda muhimdir.		/əkju.mjʊ.leɪ.tər/	4806
accuse	C1	v.	ayblamoq	Experts recommend how to accuse effectively in this situation.	Mutaxassislar bunday vaziyatda qanday qilib samarali ayblamoqni tavsiya qiladilar.		/əkjuz/	4807
accustom	C1	v.	moslashtirmoq	We must accustom carefully to achieve the desired outcome.	Kutilgan natijaga erishish uchun biz ehtiyotkorlik bilan moslashtirmoqimiz kerak.		/əkʌs.təm/	4808
ache	C1	n.	og'riq	Modern development creates valuable opportunities in ache.	Zamonaviy taraqqiyot og'riq sohasida qimmatli imkoniyatlar yaratadi.		/eɪk/	4809
acme	C1	n.	yuqori daraja	Understanding the role of acme is vital for long-term growth.	Uzoq muddatli oʻsish uchun yuqori darajaning rolini tushunish juda muhimdir.		/ðiæk.mi/	4810
acne	C1	n.	yallig'lanish	The committee analyzed the impact of acne on society.	Qoʻmita yallig'lanishning jamiyatga taʼsirini tahlil qildi.		/æk.ni/	4811
acoustic	C1	adj.	ovozli	It is essential to maintain a acoustic standard in research.	Tadqiqotda ovozli meʼyorni saqlab qolish juda muhimdir.		/əku.stɪk/	4812
acquaint	C1	v.	tanishtirmoq	The team worked together to acquaint the project requirements.	Jamoa loyiha talablarini tanishtirmoq uchun birgalikda ishladi.		/əkweɪnt/	4813
acquaintance	C1	n.	tanishuv	Understanding the role of acquaintance is vital for long-term growth.	Uzoq muddatli oʻsish uchun tanishuvning rolini tushunish juda muhimdir.		/əkweɪn.tənts/	4814
acquit	C1	v.	oqlamoq	Experts recommend how to acquit effectively in this situation.	Mutaxassislar bunday vaziyatda qanday qilib samarali oqlamoqni tavsiya qiladilar.		/əkwɪt/	4815
acrid	C1	adj.	o'tkir hidli	It is essential to maintain a acrid standard in research.	Tadqiqotda o'tkir hidli meʼyorni saqlab qolish juda muhimdir.		/æk.rɪd/	4816
acrobat	C1	n.	akrobat	Modern development creates valuable opportunities in acrobat.	Zamonaviy taraqqiyot akrobat sohasida qimmatli imkoniyatlar yaratadi.		/æk.rə.bæt/	4817
across	C1	adv.	eniga	You can across new opportunities through daily practice.	Siz har kungi mashq orqali yangi imkoniyatlarni enigaingiz mumkin.		/əkrɒs/	4818
acupuncture	C1	n.	ignaterapiya	The committee analyzed the impact of acupuncture on society.	Qoʻmita ignaterapiyaning jamiyatga taʼsirini tahlil qildi.		/æk.jʊ.pʌŋk.tʃər/	4819
adage	C1	n.	maqol	The new policy pays special attention to adage.	Yangi siyosat maqolga alohida eʼtibor qaratadi.		/æd.ɪdʒ/	4820
adamant	C1	adj.	qatiy	The professor provided a adamant explanation of the concept.	Professor tushuncha boʻyicha qatiy izoh berdi.		/æd.ə.mənt/	4821
adder	C1	n.	qora ilon	Understanding the role of adder is vital for long-term growth.	Uzoq muddatli oʻsish uchun qora ilonning rolini tushunish juda muhimdir.		/æd.ər/	4822
addict	C1	n.	giyohvand	The committee analyzed the impact of addict on society.	Qoʻmita giyohvandning jamiyatga taʼsirini tahlil qildi.		/æd.ɪkt/	4823
addle	C1	v.	aynimoq	We must addle carefully to achieve the desired outcome.	Kutilgan natijaga erishish uchun biz ehtiyotkorlik bilan aynimoqimiz kerak.		/æd.l ̩/	4824
addressee	C1	n.	shaxs nomiga	Modern development creates valuable opportunities in addressee.	Zamonaviy taraqqiyot shaxs nomiga sohasida qimmatli imkoniyatlar yaratadi.		/æd.resi/	4825
adept	C1	adj.	bilimdon	They achieved a adept result after months of dedicated work.	Ular oylik mashaqqatli mehnatdan soʻng bilimdon natijaga erishdilar.		/ədept/	4826
adherent	C1	adj.	yopishqoq	We observed a adherent improvement in student performance.	Biz talabalar koʻrsatkichlarida yopishqoq oʻsishni kuzatdik.		/ədhɪə.rənt/	4827
adhesive	C1	adj.	yopishqoq	It is essential to maintain a adhesive standard in research.	Tadqiqotda yopishqoq meʼyorni saqlab qolish juda muhimdir.		/ədhi.sɪv/	4828
adjective	C1	n.	sifat	Modern development creates valuable opportunities in adjective.	Zamonaviy taraqqiyot sifat sohasida qimmatli imkoniyatlar yaratadi.		/ædʒ.ek.tɪv/	4829
adjoin	C1	v.	biriktirmoq	You can adjoin new opportunities through daily practice.	Siz har kungi mashq orqali yangi imkoniyatlarni biriktirmoqingiz mumkin.		/ədʒɔɪn/	4830
adjourn	C1	v.	orqaga surmoq	Experts recommend how to adjourn effectively in this situation.	Mutaxassislar bunday vaziyatda qanday qilib samarali orqaga surmoqni tavsiya qiladilar.		/ədʒɜn/	4831
adjournment	C1	n.	orqaga surish	The new policy pays special attention to adjournment.	Yangi siyosat orqaga surishga alohida eʼtibor qaratadi.		/ədʒɜn.mənt/	4832
adjudicate	C1	v.	qaror qilmoq	The team worked together to adjudicate the project requirements.	Jamoa loyiha talablarini qaror qilmoq uchun birgalikda ishladi.		/ədʒu.dɪ.keɪt/	4833
admeasure	C1	v.	o'lchamoq	You can admeasure new opportunities through daily practice.	Siz har kungi mashq orqali yangi imkoniyatlarni o'lchamoqingiz mumkin.		/ədmeʒ.ər/	4834
admirable	C1	adj.	ajoyib	We observed a admirable improvement in student performance.	Biz talabalar koʻrsatkichlarida ajoyib oʻsishni kuzatdik.		/æd.mɪ.rə.bl ̩/	4835
admiral	C1	n.	admiral	The new policy pays special attention to admiral.	Yangi siyosat admiralga alohida eʼtibor qaratadi.		/æd.mɪ.rəl/	4836
admiration	C1	n.	qiziqish	Modern development creates valuable opportunities in admiration.	Zamonaviy taraqqiyot qiziqish sohasida qimmatli imkoniyatlar yaratadi.		/æd.mɪreɪ.ʃən/	4837
admissible	C1	adj.	maqbul	They achieved a admissible result after months of dedicated work.	Ular oylik mashaqqatli mehnatdan soʻng maqbul natijaga erishdilar.		/ədmɪs.ɪ.bl ̩/	4838
admonish	C1	v.	nasixat qilmoq	Experts recommend how to admonish effectively in this situation.	Mutaxassislar bunday vaziyatda qanday qilib samarali nasixat qilmoqni tavsiya qiladilar.		/ədmɒn.ɪʃ/	4839
adorable	C1	adj.	chiroyli	It is essential to maintain a adorable standard in research.	Tadqiqotda chiroyli meʼyorni saqlab qolish juda muhimdir.		/ədɔ.rə.bl ̩/	4840
adore	C1	v.	yoqtirmoq	The team worked together to adore the project requirements.	Jamoa loyiha talablarini yoqtirmoq uchun birgalikda ishladi.		/ədɔr/	4841
adorn	C1	v.	bezatish	You can adorn new opportunities through daily practice.	Siz har kungi mashq orqali yangi imkoniyatlarni bezatishingiz mumkin.		/ədɔn/	4842
adrift	C1	adj.	oqim bo'yicha	We observed a adrift improvement in student performance.	Biz talabalar koʻrsatkichlarida oqim bo'yicha oʻsishni kuzatdik.		/ədrɪft/	4843
adulterate	C1	v.	soxtalashtirmoq	We must adulterate carefully to achieve the desired outcome.	Kutilgan natijaga erishish uchun biz ehtiyotkorlik bilan soxtalashtirmoqimiz kerak.		/ədʌl.tə.reɪt/	4844
adultery	C1	n.	xiyonat	Modern development creates valuable opportunities in adultery.	Zamonaviy taraqqiyot xiyonat sohasida qimmatli imkoniyatlar yaratadi.		/ədʌl.tər.i/	4845
advent	C1	n.	paydo bo'lish	Understanding the role of advent is vital for long-term growth.	Uzoq muddatli oʻsish uchun paydo bo'lishning rolini tushunish juda muhimdir.		/æd.vent/	4846
adverb	C1	n.	ravish	The committee analyzed the impact of adverb on society.	Qoʻmita ravishning jamiyatga taʼsirini tahlil qildi.		/æd.vɜb/	4847
adversary	C1	n.	raqib	The new policy pays special attention to adversary.	Yangi siyosat raqibga alohida eʼtibor qaratadi.		/æd.və.sər.i/	4848
advertise	C1	v.	reklama qilmoq	The team worked together to advertise the project requirements.	Jamoa loyiha talablarini reklama qilmoq uchun birgalikda ishladi.		/æd.və.taɪz/	4849
advertisement	C1	n.	reklama	Understanding the role of advertisement is vital for long-term growth.	Uzoq muddatli oʻsish uchun reklamaning rolini tushunish juda muhimdir.		/ədvɜ.tɪs.mənt/	4850
advisable	C1	adj.	maqbul	We observed a advisable improvement in student performance.	Biz talabalar koʻrsatkichlarida maqbul oʻsishni kuzatdik.		/ədvaɪ.zə.bl ̩/	4851
adviser	C1	n.	maslahatchi	The new policy pays special attention to adviser.	Yangi siyosat maslahatchiga alohida eʼtibor qaratadi.		/ədvaɪ.zər/	4852
adze	C1	n.	tesha	Modern development creates valuable opportunities in adze.	Zamonaviy taraqqiyot tesha sohasida qimmatli imkoniyatlar yaratadi.		/ædz/	4853
aerial	C1	n.	antenna	Understanding the role of aerial is vital for long-term growth.	Uzoq muddatli oʻsish uchun antennaning rolini tushunish juda muhimdir.		/eə.ri.əl/	4854
aerodrome	C1	n.	aerodrom	The committee analyzed the impact of aerodrome on society.	Qoʻmita aerodromning jamiyatga taʼsirini tahlil qildi.		/eə.rə.drəʊm/	4855
aeroplane	C1	n.	samolyot	The new policy pays special attention to aeroplane.	Yangi siyosat samolyotga alohida eʼtibor qaratadi.		/eə.rə.pleɪn/	4856
affectation	C1	n.	mug'ombirlik	Modern development creates valuable opportunities in affectation.	Zamonaviy taraqqiyot mug'ombirlik sohasida qimmatli imkoniyatlar yaratadi.		/æf.ekteɪ.ʃən/	4857
affectionate	C1	adj.	mehribon	They achieved a affectionate result after months of dedicated work.	Ular oylik mashaqqatli mehnatdan soʻng mehribon natijaga erishdilar.		/əfek.ʃən.ət/	4858
affiliate	C1	v., n.	birlashtirmoq, aʼzo boʻlmoq	The local medical clinic is affiliated with the state hospital.	Mahalliy klinika davlat kasalxonasi bilan hamkorlikda ishlaydi.	associate	/əˈfɪlieɪt/	4859
affinity	C1	n.	yaqinlik, oʻxshashlik, moyillik	He always felt a natural affinity for classical music.	U bolaligidan klassik musiqaga nisbatan tabiiy moyillikni his qilgan.	closeness	/əˈfɪnəti/	4860
affirm	C1	v.	tasdiqlamoq, qatʼiy taʼkidlamoq	The witness will affirm under oath the truth of the statement.	Guvoh qasamyod ostida koʻrsatmaning toʻgʻriligini tasdiqlaydi.	confirm	/əˈfɜːm/	4861
affirmative	C1	adj.	tasdiqlovchi	They achieved a affirmative result after months of dedicated work.	Ular oylik mashaqqatli mehnatdan soʻng tasdiqlovchi natijaga erishdilar.		/əfɜ.mə.tɪv/	4862
affix	C1	v.	bog'lamoq	Experts recommend how to affix effectively in this situation.	Mutaxassislar bunday vaziyatda qanday qilib samarali bog'lamoqni tavsiya qiladilar.		/əfɪks/	4863
afflict	C1	v.	ranjitmoq	We must afflict carefully to achieve the desired outcome.	Kutilgan natijaga erishish uchun biz ehtiyotkorlik bilan ranjitmoqimiz kerak.		/əflɪkt/	4864
affliction	C1	n.	ranjish	Modern development creates valuable opportunities in affliction.	Zamonaviy taraqqiyot ranjish sohasida qimmatli imkoniyatlar yaratadi.		/əflɪk.ʃən/	4865
affluent	C1	adj.	boy	They achieved a affluent result after months of dedicated work.	Ular oylik mashaqqatli mehnatdan soʻng boy natijaga erishdilar.		/æf.lu.ənt/	4866
affront	C1	n.	haqorat	The committee analyzed the impact of affront on society.	Qoʻmita haqoratning jamiyatga taʼsirini tahlil qildi.		/əfrʌnt/	4867
afloat	C1	adj.	suvda	It is essential to maintain a afloat standard in research.	Tadqiqotda suvda meʼyorni saqlab qolish juda muhimdir.		/əfləʊt/	4868
afresh	C1	adv.	yangidan	The team worked together to afresh the project requirements.	Jamoa loyiha talablarini yangidan uchun birgalikda ishladi.		/əfreʃ/	4869
aftershock	C1	n.	qayta silkinish	Understanding the role of aftershock is vital for long-term growth.	Uzoq muddatli oʻsish uchun qayta silkinishning rolini tushunish juda muhimdir.		/ɑf.tə.ʃɒk/	4870
afterwards	C1	adv.	natijada	Experts recommend how to afterwards effectively in this situation.	Mutaxassislar bunday vaziyatda qanday qilib samarali natijadani tavsiya qiladilar.		/ɑf.tə.wədz/	4871
against	C1	n.	qarshi	The new policy pays special attention to against.	Yangi siyosat qarshiga alohida eʼtibor qaratadi.		/əgentst/	4872
aged	C1	adj.	yoshda	The professor provided a aged explanation of the concept.	Professor tushuncha boʻyicha yoshda izoh berdi.		/eɪdʒd/	4873
ageless	C1	adj.	eskirmaydigan	They achieved a ageless result after months of dedicated work.	Ular oylik mashaqqatli mehnatdan soʻng eskirmaydigan natijaga erishdilar.		/eɪdʒ.ləs/	4874
agenda	C1	n.	kun tartibi	The committee analyzed the impact of agenda on society.	Qoʻmita kun tartibining jamiyatga taʼsirini tahlil qildi.		/ədʒen.də/	4875
aggrandize	C1	v.	oshirmoq	We must aggrandize carefully to achieve the desired outcome.	Kutilgan natijaga erishish uchun biz ehtiyotkorlik bilan oshirmoqimiz kerak.		/əgræn.daɪz/	4876
aggravate	C1	v.	yomonlashtirmoq	The team worked together to aggravate the project requirements.	Jamoa loyiha talablarini yomonlashtirmoq uchun birgalikda ishladi.		/æg.rə.veɪt/	4877
aghast	C1	adj.	dovdirash	They achieved a aghast result after months of dedicated work.	Ular oylik mashaqqatli mehnatdan soʻng dovdirash natijaga erishdilar.		/əgɑst/	4878
agile	C1	adj.	chaqqon	We observed a agile improvement in student performance.	Biz talabalar koʻrsatkichlarida chaqqon oʻsishni kuzatdik.		/ædʒ.aɪl/	4879
agitate	C1	v.	silkitmoq	We must agitate carefully to achieve the desired outcome.	Kutilgan natijaga erishish uchun biz ehtiyotkorlik bilan silkitmoqimiz kerak.		/ædʒ.ɪ.teɪt/	4880
agitation	C1	n.	tashviqot	Modern development creates valuable opportunities in agitation.	Zamonaviy taraqqiyot tashviqot sohasida qimmatli imkoniyatlar yaratadi.		/ædʒ.ɪteɪ.ʃən/	4881
agitator	C1	n.	tashviqotchi	Understanding the role of agitator is vital for long-term growth.	Uzoq muddatli oʻsish uchun tashviqotchining rolini tushunish juda muhimdir.		/ædʒ.ɪ.teɪ.tə r /	4882
agonize	C1	v.	qiynalmoq	Experts recommend how to agonize effectively in this situation.	Mutaxassislar bunday vaziyatda qanday qilib samarali qiynalmoqni tavsiya qiladilar.		/æg.ə.naɪz/	4883
agony	C1	n.	dard	The new policy pays special attention to agony.	Yangi siyosat dardga alohida eʼtibor qaratadi.		/æg.ə.ni/	4884
agrarian	C1	adj.	agrar	The professor provided a agrarian explanation of the concept.	Professor tushuncha boʻyicha agrar izoh berdi.		/əgreə.ri.ən/	4885
agreeable	C1	adj.	yoqimli	They achieved a agreeable result after months of dedicated work.	Ular oylik mashaqqatli mehnatdan soʻng yoqimli natijaga erishdilar.		/əgri.ə.bl ̩/	4886
aground	C1	adj.	botib qolgan	We observed a aground improvement in student performance.	Biz talabalar koʻrsatkichlarida botib qolgan oʻsishni kuzatdik.		/əgraʊnd/	4887
airbag	C1	n.	himoya yostiqchasi	The new policy pays special attention to airbag.	Yangi siyosat himoya yostiqchasiga alohida eʼtibor qaratadi.		/eə.bæg/	4888
airborne	C1	adj.	havo orqali	The professor provided a airborne explanation of the concept.	Professor tushuncha boʻyicha havo orqali izoh berdi.		/eə.bɔn/	4889
airbus	C1	n.	samolyot	Understanding the role of airbus is vital for long-term growth.	Uzoq muddatli oʻsish uchun samolyotning rolini tushunish juda muhimdir.		/eər.bʌs/	4890
aircraft	C1	n.	aeroplan	The committee analyzed the impact of aircraft on society.	Qoʻmita aeroplanning jamiyatga taʼsirini tahlil qildi.		/eə.krɑft/	4891
airfield	C1	n.	aerodrom	The new policy pays special attention to airfield.	Yangi siyosat aerodromga alohida eʼtibor qaratadi.		/eə.fild/	4892
airline	C1	n.	havo yo'li	Modern development creates valuable opportunities in airline.	Zamonaviy taraqqiyot havo yo'li sohasida qimmatli imkoniyatlar yaratadi.		/eə.laɪn/	4893
airsick	C1	adj.	havo kasalligi	They achieved a airsick result after months of dedicated work.	Ular oylik mashaqqatli mehnatdan soʻng havo kasalligi natijaga erishdilar.		/eə.sɪk/	4894
airway	C1	n.	havo yo'li	The committee analyzed the impact of airway on society.	Qoʻmita havo yo'lining jamiyatga taʼsirini tahlil qildi.		/eə.weɪ/	4895
airy	C1	adj.	bahavo	It is essential to maintain a airy standard in research.	Tadqiqotda bahavo meʼyorni saqlab qolish juda muhimdir.		/eə.ri/	4896
aisle	C1	n.	yo'lak	Modern development creates valuable opportunities in aisle.	Zamonaviy taraqqiyot yo'lak sohasida qimmatli imkoniyatlar yaratadi.		/aɪl/	4897
ajar	C1	adj.	ozroq ochiq	They achieved a ajar result after months of dedicated work.	Ular oylik mashaqqatli mehnatdan soʻng ozroq ochiq natijaga erishdilar.		/ədʒɑr/	4898
alas	C1	adv.	afsus	Experts recommend how to alas effectively in this situation.	Mutaxassislar bunday vaziyatda qanday qilib samarali afsusni tavsiya qiladilar.		/əlæs/	4899
albatross	C1	n.	albatross	The new policy pays special attention to albatross.	Yangi siyosat albatrossga alohida eʼtibor qaratadi.		/æl.bə.trɒs/	4900
albino	C1	n.	albinos	Modern development creates valuable opportunities in albino.	Zamonaviy taraqqiyot albinos sohasida qimmatli imkoniyatlar yaratadi.		/ælbi.nəʊ/	4901
alchemy	C1	n.	alkimyo	Understanding the role of alchemy is vital for long-term growth.	Uzoq muddatli oʻsish uchun alkimyoning rolini tushunish juda muhimdir.		/æl.kə.mi/	4902
algebra	C1	n.	algebra	The committee analyzed the impact of algebra on society.	Qoʻmita algebraning jamiyatga taʼsirini tahlil qildi.		/æl.dʒə.brə/	4903
alight	C1	adj.	yonish	It is essential to maintain a alight standard in research.	Tadqiqotda yonish meʼyorni saqlab qolish juda muhimdir.		/əlaɪt/	4904
alimentary	C1	n.	hazm qilish	Modern development creates valuable opportunities in alimentary.	Zamonaviy taraqqiyot hazm qilish sohasida qimmatli imkoniyatlar yaratadi.		/æl.ɪmen.tər.i/	4905
alimony	C1	n.	nafaqa	Understanding the role of alimony is vital for long-term growth.	Uzoq muddatli oʻsish uchun nafaqaning rolini tushunish juda muhimdir.		/æl.ɪ.mə.ni/	4906
allah	C1	n.	Alloh	The committee analyzed the impact of allah on society.	Qoʻmita Allohning jamiyatga taʼsirini tahlil qildi.		/æl.ə/	4907
allegiance	C1	n.	sadoqat	The new policy pays special attention to allegiance.	Yangi siyosat sadoqatga alohida eʼtibor qaratadi.		/əli.dʒənts/	4908
allergy	C1	n.	alergiya	Modern development creates valuable opportunities in allergy.	Zamonaviy taraqqiyot alergiya sohasida qimmatli imkoniyatlar yaratadi.		/æl.ə.dʒi/	4909
alleviate	C1	v.	kamaytirmoq	You can alleviate new opportunities through daily practice.	Siz har kungi mashq orqali yangi imkoniyatlarni kamaytirmoqingiz mumkin.		/əli.vi.eɪt/	4910
alley	C1	n.	tor ko'cha	The committee analyzed the impact of alley on society.	Qoʻmita tor ko'chaning jamiyatga taʼsirini tahlil qildi.		/æl.i/	4911
allied	C1	adj.	ittifoqdosh	It is essential to maintain a allied standard in research.	Tadqiqotda ittifoqdosh meʼyorni saqlab qolish juda muhimdir.		/æl.aɪd/	4912
alligator	C1	n.	aligator	Modern development creates valuable opportunities in alligator.	Zamonaviy taraqqiyot aligator sohasida qimmatli imkoniyatlar yaratadi.		/æl.ɪ.geɪ.tər/	4913
allot	C1	v.	ajratmoq	You can allot new opportunities through daily practice.	Siz har kungi mashq orqali yangi imkoniyatlarni ajratmoqingiz mumkin.		/əlɒt/	4914
alloy	C1	n.	eritma	The committee analyzed the impact of alloy on society.	Qoʻmita eritmaning jamiyatga taʼsirini tahlil qildi.		/æl.ɔɪ/	4915
allude	C1	v.	ishora qilmoq	We must allude carefully to achieve the desired outcome.	Kutilgan natijaga erishish uchun biz ehtiyotkorlik bilan ishora qilmoqimiz kerak.		/əlud/	4916
allure	C1	v.	tuzoqqa tushirmoq	The team worked together to allure the project requirements.	Jamoa loyiha talablarini tuzoqqa tushirmoq uchun birgalikda ishladi.		/əljʊər/	4917
allusion	C1	n.	ishora	Understanding the role of allusion is vital for long-term growth.	Uzoq muddatli oʻsish uchun ishoraning rolini tushunish juda muhimdir.		/əlu.ʒən/	4918
almanac	C1	n.	taqvim	The committee analyzed the impact of almanac on society.	Qoʻmita taqvimning jamiyatga taʼsirini tahlil qildi.		/ɔl.mə.næk/	4919
almighty	C1	adj.	qudratli	It is essential to maintain a almighty standard in research.	Tadqiqotda qudratli meʼyorni saqlab qolish juda muhimdir.		/ɔlmaɪ.ti/	4920
almond	C1	n.	bodom	Modern development creates valuable opportunities in almond.	Zamonaviy taraqqiyot bodom sohasida qimmatli imkoniyatlar yaratadi.		/ɑ.mənd/	4921
alms	C1	n.	sadaqa	Understanding the role of alms is vital for long-term growth.	Uzoq muddatli oʻsish uchun sadaqaning rolini tushunish juda muhimdir.		/ɑmz/	4922
aloof	C1	adj.	loqayd	We observed a aloof improvement in student performance.	Biz talabalar koʻrsatkichlarida loqayd oʻsishni kuzatdik.		/əluf/	4923
aloud	C1	adv.	baland	We must aloud carefully to achieve the desired outcome.	Kutilgan natijaga erishish uchun biz ehtiyotkorlik bilan balandimiz kerak.		/əlaʊd/	4924
alphabet	C1	n.	alifbo	Modern development creates valuable opportunities in alphabet.	Zamonaviy taraqqiyot alifbo sohasida qimmatli imkoniyatlar yaratadi.		/æl.fə.bet/	4925
alteration	C1	n.	o'zgartirish	Understanding the role of alteration is vital for long-term growth.	Uzoq muddatli oʻsish uchun o'zgartirishning rolini tushunish juda muhimdir.		/ɒl.təreɪ.ʃən/	4926
alternative	C1	n., adj.	muqobil, boshqa yoʻl	Solar power is a viable alternative to fossil fuels.	Quyosh energiyasi qazilma yoqilgʻilarga munosib muqobil hisoblanadi.	choice	/ɔːlˈtɜːnətɪv/	4927
although	C1	n.	garchi	The new policy pays special attention to although.	Yangi siyosat garchiga alohida eʼtibor qaratadi.		/ɔlðəʊ/	4928
altitude	C1	n.	balandlik	Modern development creates valuable opportunities in altitude.	Zamonaviy taraqqiyot balandlik sohasida qimmatli imkoniyatlar yaratadi.		/æl.tɪ.tjud/	4929
amalgam	C1	n.	qorishma	Understanding the role of amalgam is vital for long-term growth.	Uzoq muddatli oʻsish uchun qorishmaning rolini tushunish juda muhimdir.		/əmæl.gəm/	4930
amalgamate	C1	v.	biriktirmoq	Experts recommend how to amalgamate effectively in this situation.	Mutaxassislar bunday vaziyatda qanday qilib samarali biriktirmoqni tavsiya qiladilar.		/əmæl.gə.meɪt/	4931
amass	C1	v.	to'plamoq	We must amass carefully to achieve the desired outcome.	Kutilgan natijaga erishish uchun biz ehtiyotkorlik bilan to'plamoqimiz kerak.		/əmæs/	4932
amaze	C1	v.	hayratlantirmoq	The team worked together to amaze the project requirements.	Jamoa loyiha talablarini hayratlantirmoq uchun birgalikda ishladi.		/əmeɪz/	4933
amber	C1	n.	qahrabo	Understanding the role of amber is vital for long-term growth.	Uzoq muddatli oʻsish uchun qahraboning rolini tushunish juda muhimdir.		/æm.bər/	4934
ambience	C1	n.	atrof-muhit	The committee analyzed the impact of ambience on society.	Qoʻmita atrof-muhitning jamiyatga taʼsirini tahlil qildi.		/æm.bi.ənts/	4935
ambiguity	C1	n.	ko'pmanoli	The new policy pays special attention to ambiguity.	Yangi siyosat ko'pmanoliga alohida eʼtibor qaratadi.		/æm.bɪgju.ɪ.ti/	4936
ambitious	C1	adj.	izzattalab	The professor provided a ambitious explanation of the concept.	Professor tushuncha boʻyicha izzattalab izoh berdi.		/æmbɪʃ.əs/	4937
ambush	C1	v.	pistirma	You can ambush new opportunities through daily practice.	Siz har kungi mashq orqali yangi imkoniyatlarni pistirmaingiz mumkin.		/æm.bʊʃ/	4938
ameliorate	C1	v.	yaxshilamoq	Experts recommend how to ameliorate effectively in this situation.	Mutaxassislar bunday vaziyatda qanday qilib samarali yaxshilamoqni tavsiya qiladilar.		/əmi.ljə.reɪt/	4939
amen	C1	n.	omin	The new policy pays special attention to amen.	Yangi siyosat ominga alohida eʼtibor qaratadi.		/ɑmen/	4940
amiable	C1	adj.	ochiqko'ngil	The professor provided a amiable explanation of the concept.	Professor tushuncha boʻyicha ochiqko'ngil izoh berdi.		/eɪ.mi.ə.bl ̩/	4941
amicable	C1	adj.	do'stona	They achieved a amicable result after months of dedicated work.	Ular oylik mashaqqatli mehnatdan soʻng do'stona natijaga erishdilar.		/æm.ɪ.kə.bl ̩/	4942
amiss	C1	adj.	noto'g'ri	We observed a amiss improvement in student performance.	Biz talabalar koʻrsatkichlarida noto'g'ri oʻsishni kuzatdik.		/əmɪs/	4943
ammo	C1	n.	qurol	The new policy pays special attention to ammo.	Yangi siyosat qurolga alohida eʼtibor qaratadi.		/æm.mɔ/	4944
ammonia	C1	n.	ammiak	Modern development creates valuable opportunities in ammonia.	Zamonaviy taraqqiyot ammiak sohasida qimmatli imkoniyatlar yaratadi.		/əməʊ.ni.ə/	4945
ammunition	C1	n.	snaryad	Understanding the role of ammunition is vital for long-term growth.	Uzoq muddatli oʻsish uchun snaryadning rolini tushunish juda muhimdir.		/æm.jʊnɪʃ.ən/	4946
amnesia	C1	n.	amneziya	The committee analyzed the impact of amnesia on society.	Qoʻmita amneziyaning jamiyatga taʼsirini tahlil qildi.		/æmni.zi.ə/	4947
amnesty	C1	n.	ammissiya	The new policy pays special attention to amnesty.	Yangi siyosat ammissiyaga alohida eʼtibor qaratadi.		/æm.nɪ.sti/	4948
among	C1	n.	orasida	Modern development creates valuable opportunities in among.	Zamonaviy taraqqiyot orasida sohasida qimmatli imkoniyatlar yaratadi.		/əmʌŋ/	4949
amorous	C1	adj.	seviluvchan	They achieved a amorous result after months of dedicated work.	Ular oylik mashaqqatli mehnatdan soʻng seviluvchan natijaga erishdilar.		/æm.ə.rəs/	4950
amphibian	C1	n.	amfibiya	The committee analyzed the impact of amphibian on society.	Qoʻmita amfibiyaning jamiyatga taʼsirini tahlil qildi.		/æmfɪb.i.ən/	4951
amphitheatre	C1	n.	amfiteatr	The new policy pays special attention to amphitheatre.	Yangi siyosat amfiteatrga alohida eʼtibor qaratadi.		/æmp.fɪθɪə.tər/	4952
ample	C1	adj.	yetarli	The professor provided a ample explanation of the concept.	Professor tushuncha boʻyicha yetarli izoh berdi.		/æm.pl ̩/	4953
amplifier	C1	n.	kuchaytirgich	Understanding the role of amplifier is vital for long-term growth.	Uzoq muddatli oʻsish uchun kuchaytirgichning rolini tushunish juda muhimdir.		/æm.plɪ.faɪ.ə r /	4954
amplify	C1	v.	kuchaytirmoq	Experts recommend how to amplify effectively in this situation.	Mutaxassislar bunday vaziyatda qanday qilib samarali kuchaytirmoqni tavsiya qiladilar.		/æm.plɪ.faɪ/	4955
amputate	C1	v.	kesib olmoq	We must amputate carefully to achieve the desired outcome.	Kutilgan natijaga erishish uchun biz ehtiyotkorlik bilan kesib olmoqimiz kerak.		/æm.pjʊ.teɪt/	4956
amulet	C1	n.	tumor	Modern development creates valuable opportunities in amulet.	Zamonaviy taraqqiyot tumor sohasida qimmatli imkoniyatlar yaratadi.		/æm.jʊ.lət/	4957
amuse	C1	v.	o'ynatmoq	You can amuse new opportunities through daily practice.	Siz har kungi mashq orqali yangi imkoniyatlarni o'ynatmoqingiz mumkin.		/əmjuz/	4958
anachronism	C1	n.	anoxronizm	The committee analyzed the impact of anachronism on society.	Qoʻmita anoxronizmning jamiyatga taʼsirini tahlil qildi.		/ənæk.rə.nɪ.z ə m/	4959
anaemia	C1	n.	kamqonlik	The new policy pays special attention to anaemia.	Yangi siyosat kamqonlikga alohida eʼtibor qaratadi.		/əni.mi.ə/	4960
anaesthesia	C1	n.	og'riqsizlantirish	Modern development creates valuable opportunities in anaesthesia.	Zamonaviy taraqqiyot og'riqsizlantirish sohasida qimmatli imkoniyatlar yaratadi.		/æn.əsθi.zi.ə/	4961
anagram	C1	n.	anagramma	Understanding the role of anagram is vital for long-term growth.	Uzoq muddatli oʻsish uchun anagrammaning rolini tushunish juda muhimdir.		/æn.ə.græm/	4962
anal	C1	adj.	orqa	We observed a anal improvement in student performance.	Biz talabalar koʻrsatkichlarida orqa oʻsishni kuzatdik.		/eɪ.nəl/	4963
analgesic	C1	n.	og'riq qoldiruvchi	The new policy pays special attention to analgesic.	Yangi siyosat og'riq qoldiruvchiga alohida eʼtibor qaratadi.		/æn.əldʒi.zɪk/	4964
analyse	C1	v.	taxlil qilish	The team worked together to analyse the project requirements.	Jamoa loyiha talablarini taxlil qilish uchun birgalikda ishladi.		/æn.əl.aɪz/	4965
anarchy	C1	n.	anarxiya	Understanding the role of anarchy is vital for long-term growth.	Uzoq muddatli oʻsish uchun anarxiyaning rolini tushunish juda muhimdir.		/æn.ə.ki/	4966
anatomy	C1	n.	anatomiya	The committee analyzed the impact of anatomy on society.	Qoʻmita anatomiyaning jamiyatga taʼsirini tahlil qildi.		/ənæt.ə.mi/	4967
anchovy	C1	n.	anchous	The new policy pays special attention to anchovy.	Yangi siyosat anchousga alohida eʼtibor qaratadi.		/æn.tʃə.vi/	4968
ancillary	C1	adj.	yordamchi	The professor provided a ancillary explanation of the concept.	Professor tushuncha boʻyicha yordamchi izoh berdi.		/ænsɪl.ər.i/	4969
anecdote	C1	n.	latifa	Understanding the role of anecdote is vital for long-term growth.	Uzoq muddatli oʻsish uchun latifaning rolini tushunish juda muhimdir.		/æn.ɪk.dəʊt/	4970
anew	C1	adv.	yana	Experts recommend how to anew effectively in this situation.	Mutaxassislar bunday vaziyatda qanday qilib samarali yanani tavsiya qiladilar.		/ənju/	4971
angle	C1	n.	burchak	The new policy pays special attention to angle.	Yangi siyosat burchakga alohida eʼtibor qaratadi.		/æŋ.gl ̩/	4972
anglicize	C1	v.	inlizlashtirmoq	The team worked together to anglicize the project requirements.	Jamoa loyiha talablarini inlizlashtirmoq uchun birgalikda ishladi.		/æŋ.glɪ.saɪz/	4973
anguish	C1	n.	azob	Understanding the role of anguish is vital for long-term growth.	Uzoq muddatli oʻsish uchun azobning rolini tushunish juda muhimdir.		/æŋ.gwɪʃ/	4974
angular	C1	adj.	burchakli	We observed a angular improvement in student performance.	Biz talabalar koʻrsatkichlarida burchakli oʻsishni kuzatdik.		/æŋ.gjʊ.lər /	4975
animate	C1	adj.	tirik	It is essential to maintain a animate standard in research.	Tadqiqotda tirik meʼyorni saqlab qolish juda muhimdir.		/æn.ɪ.mət/	4976
animosity	C1	n.	dushmanlik	Modern development creates valuable opportunities in animosity.	Zamonaviy taraqqiyot dushmanlik sohasida qimmatli imkoniyatlar yaratadi.		/æn.ɪmɒs.ɪ.ti/	4977
ankle	C1	n.	to'piq	Understanding the role of ankle is vital for long-term growth.	Uzoq muddatli oʻsish uchun to'piqning rolini tushunish juda muhimdir.		/æŋ.kl ̩/	4978
anklet	C1	n.	taqinchoq	The committee analyzed the impact of anklet on society.	Qoʻmita taqinchoqning jamiyatga taʼsirini tahlil qildi.		/æŋ.klət/	4979
annex	C1	v.	birlashtirmoq	We must annex carefully to achieve the desired outcome.	Kutilgan natijaga erishish uchun biz ehtiyotkorlik bilan birlashtirmoqimiz kerak.		/æneks/	4980
annexation	C1	n.	birlashtirish	Modern development creates valuable opportunities in annexation.	Zamonaviy taraqqiyot birlashtirish sohasida qimmatli imkoniyatlar yaratadi.		/æn.ekseɪ.ʃən/	4981
annihilate	C1	v.	yo'q qilmoq	You can annihilate new opportunities through daily practice.	Siz har kungi mashq orqali yangi imkoniyatlarni yo'q qilmoqingiz mumkin.		/ənaɪ.ə.leɪt/	4982
anniversary	C1	n.	yillik	The committee analyzed the impact of anniversary on society.	Qoʻmita yillikning jamiyatga taʼsirini tahlil qildi.		/æn.ɪvɜ.sər.i/	4983
annotate	C1	v.	yozmoq	We must annotate carefully to achieve the desired outcome.	Kutilgan natijaga erishish uchun biz ehtiyotkorlik bilan yozmoqimiz kerak.		/æn.əʊ.teɪt/	4984
announcer	C1	n.	suxandon	Modern development creates valuable opportunities in announcer.	Zamonaviy taraqqiyot suxandon sohasida qimmatli imkoniyatlar yaratadi.		ənaʊnt.sər/	4985
annoy	C1	v.	bezor qilmoq	You can annoy new opportunities through daily practice.	Siz har kungi mashq orqali yangi imkoniyatlarni bezor qilmoqingiz mumkin.		/ənɔɪ/	4986
annuity	C1	n.	yillik renta	The committee analyzed the impact of annuity on society.	Qoʻmita yillik rentaning jamiyatga taʼsirini tahlil qildi.		/ənju.ə.ti/	4987
annul	C1	v.	bekor qilish	We must annul carefully to achieve the desired outcome.	Kutilgan natijaga erishish uchun biz ehtiyotkorlik bilan bekor qilishimiz kerak.		/ənʌl/	4988
anode	C1	n.	anod	Modern development creates valuable opportunities in anode.	Zamonaviy taraqqiyot anod sohasida qimmatli imkoniyatlar yaratadi.		/æn.əʊd/	4989
anomalous	C1	adj.	noodatiy	They achieved a anomalous result after months of dedicated work.	Ular oylik mashaqqatli mehnatdan soʻng noodatiy natijaga erishdilar.		/ənɒm.ə.ləs/	4990
anorak	C1	n.	kurtka	The committee analyzed the impact of anorak on society.	Qoʻmita kurtkaning jamiyatga taʼsirini tahlil qildi.		/æn.ə.ræk/	4991
another	C1	n.	yana bir	The new policy pays special attention to another.	Yangi siyosat yana birga alohida eʼtibor qaratadi.		/ənʌð.ər/	4992
antagonism	C1	n.	dushmanlik	Modern development creates valuable opportunities in antagonism.	Zamonaviy taraqqiyot dushmanlik sohasida qimmatli imkoniyatlar yaratadi.		/æntæg.ə.nɪ.zəm/	4993
antarctic	C1	n.	antarktida	Understanding the role of antarctic is vital for long-term growth.	Uzoq muddatli oʻsish uchun antarktidaning rolini tushunish juda muhimdir.		/æntɑk.tɪk/	4994
antecedent	C1	n.	oldingi	The committee analyzed the impact of antecedent on society.	Qoʻmita oldingining jamiyatga taʼsirini tahlil qildi.		/æn.tisi.dənt/	4995
antelope	C1	n.	antilopa	The new policy pays special attention to antelope.	Yangi siyosat antilopaga alohida eʼtibor qaratadi.		/æn.tɪ.ləʊp/	4996
antenna	C1	n.	mo'ylovcha	Modern development creates valuable opportunities in antenna.	Zamonaviy taraqqiyot mo'ylovcha sohasida qimmatli imkoniyatlar yaratadi.		/ænten.ə/	4997
anthem	C1	n.	madhiya	Understanding the role of anthem is vital for long-term growth.	Uzoq muddatli oʻsish uchun madhiyaning rolini tushunish juda muhimdir.		/ænt.θəm/	4998
anthology	C1	n.	antalogiya	The committee analyzed the impact of anthology on society.	Qoʻmita antalogiyaning jamiyatga taʼsirini tahlil qildi.		/ænθɒl.ə.dʒi/	4999
anthrax	C1	n.	sibir yarasi	The new policy pays special attention to anthrax.	Yangi siyosat sibir yarasiga alohida eʼtibor qaratadi.		/æn.θræks/	5000
anti	C1	n.	teskarisi	Modern development creates valuable opportunities in anti.	Zamonaviy taraqqiyot teskarisi sohasida qimmatli imkoniyatlar yaratadi.		/æn.ti/	5001
antibiotic	C1	n.	antibiotik	Understanding the role of antibiotic is vital for long-term growth.	Uzoq muddatli oʻsish uchun antibiotikning rolini tushunish juda muhimdir.		/æn.ti.baɪɒt.ɪk/	5002
antibody	C1	n.	immunitet	The committee analyzed the impact of antibody on society.	Qoʻmita immunitetning jamiyatga taʼsirini tahlil qildi.		/æn.tibɒd.i/	5003
anticlockwise	C1	adj.	soat millariga qarshi	It is essential to maintain a anticlockwise standard in research.	Tadqiqotda soat millariga qarshi meʼyorni saqlab qolish juda muhimdir.		/æn.tiklɒk.waɪz/	5004
antics	C1	n.	taltayish	Modern development creates valuable opportunities in antics.	Zamonaviy taraqqiyot taltayish sohasida qimmatli imkoniyatlar yaratadi.		/æn.tɪks/	5005
anticyclone	C1	n.	antisiklon	Understanding the role of anticyclone is vital for long-term growth.	Uzoq muddatli oʻsish uchun antisiklonning rolini tushunish juda muhimdir.		/æn.tisaɪ.kləʊn/	5006
antidote	C1	n.	davo	The committee analyzed the impact of antidote on society.	Qoʻmita davoning jamiyatga taʼsirini tahlil qildi.		/æn.ti.dəʊt/	5007
antifreeze	C1	n.	antifriz	The new policy pays special attention to antifreeze.	Yangi siyosat antifrizga alohida eʼtibor qaratadi.		/æn.ti.friz/	5008
antipathy	C1	n.	yoqtirmaslik	Modern development creates valuable opportunities in antipathy.	Zamonaviy taraqqiyot yoqtirmaslik sohasida qimmatli imkoniyatlar yaratadi.		/æntɪp.ə.θi/	5009
antique	C1	n.	antik	Understanding the role of antique is vital for long-term growth.	Uzoq muddatli oʻsish uchun antikning rolini tushunish juda muhimdir.		/æntik/	5010
antiseptic	C1	n.	antiseptik	The committee analyzed the impact of antiseptic on society.	Qoʻmita antiseptikning jamiyatga taʼsirini tahlil qildi.		/æn.tisep.tɪk/	5011
antlers	C1	n.	bug'u shoxi	The new policy pays special attention to antlers.	Yangi siyosat bug'u shoxiga alohida eʼtibor qaratadi.		/ænt.lər/	5012
antonym	C1	n.	antonim	Modern development creates valuable opportunities in antonym.	Zamonaviy taraqqiyot antonim sohasida qimmatli imkoniyatlar yaratadi.		/æn.tə.nɪm/	5013
anus	C1	n.	anal teshigi	Understanding the role of anus is vital for long-term growth.	Uzoq muddatli oʻsish uchun anal teshigining rolini tushunish juda muhimdir.		/eɪ.nəs/	5014
anvil	C1	n.	sandon	The committee analyzed the impact of anvil on society.	Qoʻmita sandonning jamiyatga taʼsirini tahlil qildi.		/æn.vɪl/	5015
anybody	C1	n.	biror kishi	The new policy pays special attention to anybody.	Yangi siyosat biror kishiga alohida eʼtibor qaratadi.		/en.ibɒd.i/	5016
anyhow	C1	adv.	qanday bo'lmasin	The team worked together to anyhow the project requirements.	Jamoa loyiha talablarini qanday bo'lmasin uchun birgalikda ishladi.		/en.i.haʊ/	5017
anyone	C1	n.	kimdir	Understanding the role of anyone is vital for long-term growth.	Uzoq muddatli oʻsish uchun kimdirning rolini tushunish juda muhimdir.		/en.i.wʌn/	5018
anything	C1	n.	nimadir	The committee analyzed the impact of anything on society.	Qoʻmita nimadirning jamiyatga taʼsirini tahlil qildi.		/en.i.θɪŋ/	5019
anyway	C1	adv.	qanday bo'lmasin	We must anyway carefully to achieve the desired outcome.	Kutilgan natijaga erishish uchun biz ehtiyotkorlik bilan qanday bo'lmasinimiz kerak.		/en.i.weɪ/	5020
